-- MariaDB dump 10.19  Distrib 10.4.32-MariaDB, for Win64 (AMD64)
--
-- Host: 127.0.0.1    Database: manager_pruebas
-- ------------------------------------------------------
-- Server version	10.4.32-MariaDB

/*!40101 SET @OLD_CHARACTER_SET_CLIENT=@@CHARACTER_SET_CLIENT */;
/*!40101 SET @OLD_CHARACTER_SET_RESULTS=@@CHARACTER_SET_RESULTS */;
/*!40101 SET @OLD_COLLATION_CONNECTION=@@COLLATION_CONNECTION */;
/*!40101 SET NAMES utf8mb4 */;
/*!40103 SET @OLD_TIME_ZONE=@@TIME_ZONE */;
/*!40103 SET TIME_ZONE='+00:00' */;
/*!40014 SET @OLD_UNIQUE_CHECKS=@@UNIQUE_CHECKS, UNIQUE_CHECKS=0 */;
/*!40014 SET @OLD_FOREIGN_KEY_CHECKS=@@FOREIGN_KEY_CHECKS, FOREIGN_KEY_CHECKS=0 */;
/*!40101 SET @OLD_SQL_MODE=@@SQL_MODE, SQL_MODE='NO_AUTO_VALUE_ON_ZERO' */;
/*!40111 SET @OLD_SQL_NOTES=@@SQL_NOTES, SQL_NOTES=0 */;

--
-- Table structure for table `albaranes_venta`
--

DROP TABLE IF EXISTS `albaranes_venta`;
/*!40101 SET @saved_cs_client     = @@character_set_client */;
/*!40101 SET character_set_client = utf8 */;
CREATE TABLE `albaranes_venta` (
  `id` bigint(20) unsigned NOT NULL AUTO_INCREMENT,
  `salida_id` bigint(20) unsigned NOT NULL,
  `cliente_id` bigint(20) unsigned NOT NULL,
  `codigo` varchar(20) NOT NULL,
  `fecha` date NOT NULL DEFAULT curdate(),
  `estado` enum('pendiente','servido','cancelado') DEFAULT 'pendiente',
  `created_by` bigint(20) unsigned DEFAULT NULL,
  `updated_by` bigint(20) unsigned DEFAULT NULL,
  `created_at` timestamp NULL DEFAULT current_timestamp(),
  `updated_at` timestamp NULL DEFAULT current_timestamp() ON UPDATE current_timestamp(),
  PRIMARY KEY (`id`),
  UNIQUE KEY `codigo` (`codigo`),
  KEY `albaranes_venta_salida_id_foreign` (`salida_id`),
  KEY `albaranes_venta_cliente_id_foreign` (`cliente_id`),
  KEY `albaranes_venta_created_by_foreign` (`created_by`),
  KEY `albaranes_venta_updated_by_foreign` (`updated_by`),
  CONSTRAINT `albaranes_venta_cliente_id_foreign` FOREIGN KEY (`cliente_id`) REFERENCES `clientes_almacen` (`id`) ON DELETE CASCADE ON UPDATE CASCADE,
  CONSTRAINT `albaranes_venta_created_by_foreign` FOREIGN KEY (`created_by`) REFERENCES `users` (`id`) ON DELETE SET NULL ON UPDATE CASCADE,
  CONSTRAINT `albaranes_venta_salida_id_foreign` FOREIGN KEY (`salida_id`) REFERENCES `salidas_almacen` (`id`) ON DELETE CASCADE ON UPDATE CASCADE,
  CONSTRAINT `albaranes_venta_updated_by_foreign` FOREIGN KEY (`updated_by`) REFERENCES `users` (`id`) ON DELETE SET NULL ON UPDATE CASCADE
) ENGINE=InnoDB AUTO_INCREMENT=12 DEFAULT CHARSET=utf8mb4 COLLATE=utf8mb4_unicode_ci;
/*!40101 SET character_set_client = @saved_cs_client */;

--
-- Dumping data for table `albaranes_venta`
--

LOCK TABLES `albaranes_venta` WRITE;
/*!40000 ALTER TABLE `albaranes_venta` DISABLE KEYS */;
INSERT INTO `albaranes_venta` VALUES (8,8,1,'AV25/0001','2025-09-19','pendiente',NULL,NULL,'2025-09-19 19:19:49','2025-09-19 19:19:49'),(9,8,5,'AV25/0002','2025-09-19','pendiente',NULL,NULL,'2025-09-19 19:19:49','2025-09-19 19:19:49'),(10,9,1,'AV25/0003','2025-09-19','pendiente',NULL,NULL,'2025-09-19 20:47:39','2025-09-19 20:47:39'),(11,9,3,'AV25/0004','2025-09-19','pendiente',NULL,NULL,'2025-09-19 20:47:39','2025-09-19 20:47:39');
/*!40000 ALTER TABLE `albaranes_venta` ENABLE KEYS */;
UNLOCK TABLES;

--
-- Table structure for table `albaranes_venta_lineas`
--

DROP TABLE IF EXISTS `albaranes_venta_lineas`;
/*!40101 SET @saved_cs_client     = @@character_set_client */;
/*!40101 SET character_set_client = utf8 */;
CREATE TABLE `albaranes_venta_lineas` (
  `id` bigint(20) unsigned NOT NULL AUTO_INCREMENT,
  `albaran_id` bigint(20) unsigned NOT NULL,
  `pedido_linea_id` bigint(20) unsigned NOT NULL,
  `producto_base_id` bigint(20) unsigned NOT NULL,
  `cantidad_kg` decimal(12,2) NOT NULL DEFAULT 0.00,
  `precio_unitario` decimal(12,2) DEFAULT NULL,
  `created_at` timestamp NULL DEFAULT current_timestamp(),
  `updated_at` timestamp NULL DEFAULT current_timestamp() ON UPDATE current_timestamp(),
  PRIMARY KEY (`id`),
  KEY `albaranes_venta_lineas_albaran_id_foreign` (`albaran_id`),
  KEY `albaranes_venta_lineas_pedido_linea_id_foreign` (`pedido_linea_id`),
  KEY `albaranes_venta_lineas_producto_base_id_foreign` (`producto_base_id`),
  CONSTRAINT `albaranes_venta_lineas_albaran_id_foreign` FOREIGN KEY (`albaran_id`) REFERENCES `albaranes_venta` (`id`) ON DELETE CASCADE ON UPDATE CASCADE,
  CONSTRAINT `albaranes_venta_lineas_pedido_linea_id_foreign` FOREIGN KEY (`pedido_linea_id`) REFERENCES `pedidos_almacen_venta_lineas` (`id`) ON DELETE CASCADE ON UPDATE CASCADE,
  CONSTRAINT `albaranes_venta_lineas_producto_base_id_foreign` FOREIGN KEY (`producto_base_id`) REFERENCES `productos_base` (`id`) ON DELETE CASCADE ON UPDATE CASCADE
) ENGINE=InnoDB AUTO_INCREMENT=16 DEFAULT CHARSET=utf8mb4 COLLATE=utf8mb4_unicode_ci;
/*!40101 SET character_set_client = @saved_cs_client */;

--
-- Dumping data for table `albaranes_venta_lineas`
--

LOCK TABLES `albaranes_venta_lineas` WRITE;
/*!40000 ALTER TABLE `albaranes_venta_lineas` DISABLE KEYS */;
INSERT INTO `albaranes_venta_lineas` VALUES (11,8,25,15,1000.00,NULL,'2025-09-19 19:19:49','2025-09-19 19:19:49'),(12,9,26,15,2500.00,NULL,'2025-09-19 19:19:49','2025-09-19 19:19:49'),(13,9,27,13,2500.00,NULL,'2025-09-19 19:19:49','2025-09-19 19:19:49'),(14,10,25,15,2000.00,NULL,'2025-09-19 20:47:39','2025-09-19 20:47:39'),(15,11,28,9,10000.00,NULL,'2025-09-19 20:47:39','2025-09-19 20:47:39');
/*!40000 ALTER TABLE `albaranes_venta_lineas` ENABLE KEYS */;
UNLOCK TABLES;

--
-- Table structure for table `albaranes_venta_productos`
--

DROP TABLE IF EXISTS `albaranes_venta_productos`;
/*!40101 SET @saved_cs_client     = @@character_set_client */;
/*!40101 SET character_set_client = utf8 */;
CREATE TABLE `albaranes_venta_productos` (
  `id` bigint(20) unsigned NOT NULL AUTO_INCREMENT,
  `salida_almacen_id` bigint(20) unsigned DEFAULT NULL,
  `albaran_linea_id` bigint(20) unsigned NOT NULL,
  `producto_id` bigint(20) unsigned NOT NULL,
  `peso_kg` decimal(10,2) DEFAULT NULL,
  `cantidad` int(10) unsigned DEFAULT NULL,
  `created_at` timestamp NULL DEFAULT NULL,
  `updated_at` timestamp NULL DEFAULT NULL,
  PRIMARY KEY (`id`),
  UNIQUE KEY `uq_salida_producto` (`salida_almacen_id`,`producto_id`),
  KEY `fk_avp_linea` (`albaran_linea_id`),
  KEY `fk_avp_producto` (`producto_id`),
  CONSTRAINT `fk_avp_linea` FOREIGN KEY (`albaran_linea_id`) REFERENCES `albaranes_venta_lineas` (`id`) ON DELETE CASCADE,
  CONSTRAINT `fk_avp_producto` FOREIGN KEY (`producto_id`) REFERENCES `productos` (`id`) ON DELETE CASCADE,
  CONSTRAINT `fk_avp_salida` FOREIGN KEY (`salida_almacen_id`) REFERENCES `salidas_almacen` (`id`) ON DELETE CASCADE
) ENGINE=InnoDB AUTO_INCREMENT=4 DEFAULT CHARSET=utf8mb4 COLLATE=utf8mb4_unicode_ci;
/*!40101 SET character_set_client = @saved_cs_client */;

--
-- Dumping data for table `albaranes_venta_productos`
--

LOCK TABLES `albaranes_venta_productos` WRITE;
/*!40000 ALTER TABLE `albaranes_venta_productos` DISABLE KEYS */;
/*!40000 ALTER TABLE `albaranes_venta_productos` ENABLE KEYS */;
UNLOCK TABLES;

--
-- Table structure for table `alertas`
--

DROP TABLE IF EXISTS `alertas`;
/*!40101 SET @saved_cs_client     = @@character_set_client */;
/*!40101 SET character_set_client = utf8 */;
CREATE TABLE `alertas` (
  `id` bigint(20) unsigned NOT NULL AUTO_INCREMENT,
  `mensaje` text DEFAULT NULL,
  `parent_id` bigint(20) unsigned DEFAULT NULL,
  `user_id_1` bigint(20) unsigned DEFAULT NULL,
  `user_id_2` bigint(20) unsigned DEFAULT NULL,
  `destino` varchar(100) DEFAULT NULL,
  `destinatario` varchar(100) DEFAULT NULL,
  `destinatario_id` bigint(20) unsigned DEFAULT NULL,
  `tipo` varchar(50) DEFAULT NULL,
  `created_at` timestamp NOT NULL DEFAULT current_timestamp(),
  `updated_at` timestamp NOT NULL DEFAULT current_timestamp() ON UPDATE current_timestamp(),
  `deleted_at` timestamp NULL DEFAULT NULL,
  PRIMARY KEY (`id`),
  KEY `user_id_1` (`user_id_1`),
  KEY `user_id_2` (`user_id_2`),
  KEY `fk_destinatario_id` (`destinatario_id`),
  KEY `alertas_parent_id_index` (`parent_id`),
  CONSTRAINT `alertas_ibfk_1` FOREIGN KEY (`user_id_1`) REFERENCES `users` (`id`) ON DELETE SET NULL,
  CONSTRAINT `alertas_ibfk_2` FOREIGN KEY (`user_id_2`) REFERENCES `users` (`id`) ON DELETE SET NULL,
  CONSTRAINT `alertas_parent_id_foreign` FOREIGN KEY (`parent_id`) REFERENCES `alertas` (`id`) ON DELETE CASCADE,
  CONSTRAINT `fk_destinatario_id` FOREIGN KEY (`destinatario_id`) REFERENCES `users` (`id`)
) ENGINE=InnoDB AUTO_INCREMENT=431 DEFAULT CHARSET=utf8 COLLATE=utf8_general_ci;
/*!40101 SET character_set_client = @saved_cs_client */;

--
-- Dumping data for table `alertas`
--

LOCK TABLES `alertas` WRITE;
/*!40000 ALTER TABLE `alertas` DISABLE KEYS */;
INSERT INTO `alertas` VALUES (303,'hola manuel',NULL,1,NULL,NULL,NULL,66,NULL,'2025-11-30 23:31:06','2025-11-30 23:31:45',NULL),(304,'hola edu',303,66,NULL,NULL,NULL,1,NULL,'2025-11-30 23:31:14','2025-11-30 23:31:14',NULL),(305,'que pas amanuel',303,1,NULL,NULL,NULL,66,NULL,'2025-11-30 23:31:24','2025-11-30 23:31:24',NULL),(306,'no pasa nada',303,66,NULL,NULL,NULL,1,NULL,'2025-11-30 23:31:45','2025-11-30 23:31:45',NULL),(307,'Nóminas importadas (Agosto - 2025). DNIs no encontrados: 14323219S, X7685556Z, 47004757W, 77537125P, 47513507S, 34072205M, 52665729F, 47555095L, 53283892E, 44605679P, 75408144E, 47546210N, 24524817D, 47538837E, 48192526M, 47538530Z, 47557719K, 49030389R, 28833420E, 48958200D, 26908116W, 26908116W, 47559327L, 47204293J, 26905746R, 28876916W, 48963976N, 34071120R, 48190150K',NULL,1,NULL,NULL,NULL,1,'warning','2025-12-01 10:31:20','2025-12-01 10:31:20',NULL),(308,'Las nóminas de Agosto 2025 ya están disponibles. Puedes solicitarla desde tu perfil.',NULL,1,NULL,NULL,NULL,1,'nomina','2025-12-01 10:31:20','2025-12-01 10:31:20',NULL),(309,'Las nóminas de Agosto 2025 ya están disponibles. Puedes solicitarla desde tu perfil.',NULL,1,NULL,NULL,NULL,2,'nomina','2025-12-01 10:31:20','2025-12-01 10:31:20',NULL),(310,'Las nóminas de Agosto 2025 ya están disponibles. Puedes solicitarla desde tu perfil.',NULL,1,NULL,NULL,NULL,3,'nomina','2025-12-01 10:31:20','2025-12-01 10:31:20',NULL),(311,'Las nóminas de Agosto 2025 ya están disponibles. Puedes solicitarla desde tu perfil.',NULL,1,NULL,NULL,NULL,4,'nomina','2025-12-01 10:31:20','2025-12-01 10:31:20',NULL),(312,'Las nóminas de Agosto 2025 ya están disponibles. Puedes solicitarla desde tu perfil.',NULL,1,NULL,NULL,NULL,7,'nomina','2025-12-01 10:31:20','2025-12-01 10:31:20',NULL),(313,'Las nóminas de Agosto 2025 ya están disponibles. Puedes solicitarla desde tu perfil.',NULL,1,NULL,NULL,NULL,22,'nomina','2025-12-01 10:31:20','2025-12-01 10:31:20',NULL),(314,'Las nóminas de Agosto 2025 ya están disponibles. Puedes solicitarla desde tu perfil.',NULL,1,NULL,NULL,NULL,23,'nomina','2025-12-01 10:31:20','2025-12-01 10:31:20',NULL),(315,'Las nóminas de Agosto 2025 ya están disponibles. Puedes solicitarla desde tu perfil.',NULL,1,NULL,NULL,NULL,24,'nomina','2025-12-01 10:31:20','2025-12-01 10:31:20',NULL),(316,'Las nóminas de Agosto 2025 ya están disponibles. Puedes solicitarla desde tu perfil.',NULL,1,NULL,NULL,NULL,25,'nomina','2025-12-01 10:31:20','2025-12-01 10:31:20',NULL),(317,'Las nóminas de Agosto 2025 ya están disponibles. Puedes solicitarla desde tu perfil.',NULL,1,NULL,NULL,NULL,26,'nomina','2025-12-01 10:31:20','2025-12-01 10:31:20',NULL),(318,'Las nóminas de Agosto 2025 ya están disponibles. Puedes solicitarla desde tu perfil.',NULL,1,NULL,NULL,NULL,27,'nomina','2025-12-01 10:31:20','2025-12-01 10:31:20',NULL),(319,'Las nóminas de Agosto 2025 ya están disponibles. Puedes solicitarla desde tu perfil.',NULL,1,NULL,NULL,NULL,29,'nomina','2025-12-01 10:31:20','2025-12-01 10:31:20',NULL),(320,'Las nóminas de Agosto 2025 ya están disponibles. Puedes solicitarla desde tu perfil.',NULL,1,NULL,NULL,NULL,30,'nomina','2025-12-01 10:31:20','2025-12-01 10:31:20',NULL),(321,'Las nóminas de Agosto 2025 ya están disponibles. Puedes solicitarla desde tu perfil.',NULL,1,NULL,NULL,NULL,31,'nomina','2025-12-01 10:31:20','2025-12-01 10:31:20',NULL),(322,'Las nóminas de Agosto 2025 ya están disponibles. Puedes solicitarla desde tu perfil.',NULL,1,NULL,NULL,NULL,32,'nomina','2025-12-01 10:31:20','2025-12-01 10:31:20',NULL),(323,'Las nóminas de Agosto 2025 ya están disponibles. Puedes solicitarla desde tu perfil.',NULL,1,NULL,NULL,NULL,33,'nomina','2025-12-01 10:31:20','2025-12-01 10:31:20',NULL),(324,'Las nóminas de Agosto 2025 ya están disponibles. Puedes solicitarla desde tu perfil.',NULL,1,NULL,NULL,NULL,34,'nomina','2025-12-01 10:31:20','2025-12-01 10:31:20',NULL),(325,'Las nóminas de Agosto 2025 ya están disponibles. Puedes solicitarla desde tu perfil.',NULL,1,NULL,NULL,NULL,35,'nomina','2025-12-01 10:31:20','2025-12-01 10:31:20',NULL),(326,'Las nóminas de Agosto 2025 ya están disponibles. Puedes solicitarla desde tu perfil.',NULL,1,NULL,NULL,NULL,36,'nomina','2025-12-01 10:31:20','2025-12-01 10:31:20',NULL),(327,'Las nóminas de Agosto 2025 ya están disponibles. Puedes solicitarla desde tu perfil.',NULL,1,NULL,NULL,NULL,37,'nomina','2025-12-01 10:31:20','2025-12-01 10:31:20',NULL),(328,'Las nóminas de Agosto 2025 ya están disponibles. Puedes solicitarla desde tu perfil.',NULL,1,NULL,NULL,NULL,38,'nomina','2025-12-01 10:31:20','2025-12-01 10:31:20',NULL),(329,'Las nóminas de Agosto 2025 ya están disponibles. Puedes solicitarla desde tu perfil.',NULL,1,NULL,NULL,NULL,39,'nomina','2025-12-01 10:31:20','2025-12-01 10:31:20',NULL),(330,'Las nóminas de Agosto 2025 ya están disponibles. Puedes solicitarla desde tu perfil.',NULL,1,NULL,NULL,NULL,40,'nomina','2025-12-01 10:31:20','2025-12-01 10:31:20',NULL),(331,'Las nóminas de Agosto 2025 ya están disponibles. Puedes solicitarla desde tu perfil.',NULL,1,NULL,NULL,NULL,41,'nomina','2025-12-01 10:31:20','2025-12-01 10:31:20',NULL),(332,'Las nóminas de Agosto 2025 ya están disponibles. Puedes solicitarla desde tu perfil.',NULL,1,NULL,NULL,NULL,43,'nomina','2025-12-01 10:31:20','2025-12-01 10:31:20',NULL),(333,'Las nóminas de Agosto 2025 ya están disponibles. Puedes solicitarla desde tu perfil.',NULL,1,NULL,NULL,NULL,44,'nomina','2025-12-01 10:31:20','2025-12-01 10:31:20',NULL),(334,'Las nóminas de Agosto 2025 ya están disponibles. Puedes solicitarla desde tu perfil.',NULL,1,NULL,NULL,NULL,45,'nomina','2025-12-01 10:31:20','2025-12-01 10:31:20',NULL),(335,'Las nóminas de Agosto 2025 ya están disponibles. Puedes solicitarla desde tu perfil.',NULL,1,NULL,NULL,NULL,47,'nomina','2025-12-01 10:31:20','2025-12-01 10:31:20',NULL),(336,'Las nóminas de Agosto 2025 ya están disponibles. Puedes solicitarla desde tu perfil.',NULL,1,NULL,NULL,NULL,48,'nomina','2025-12-01 10:31:20','2025-12-01 10:31:20',NULL),(337,'Las nóminas de Agosto 2025 ya están disponibles. Puedes solicitarla desde tu perfil.',NULL,1,NULL,NULL,NULL,49,'nomina','2025-12-01 10:31:20','2025-12-01 10:31:20',NULL),(338,'Las nóminas de Agosto 2025 ya están disponibles. Puedes solicitarla desde tu perfil.',NULL,1,NULL,NULL,NULL,50,'nomina','2025-12-01 10:31:20','2025-12-01 10:31:20',NULL),(339,'Las nóminas de Agosto 2025 ya están disponibles. Puedes solicitarla desde tu perfil.',NULL,1,NULL,NULL,NULL,51,'nomina','2025-12-01 10:31:20','2025-12-01 10:31:20',NULL),(340,'Las nóminas de Agosto 2025 ya están disponibles. Puedes solicitarla desde tu perfil.',NULL,1,NULL,NULL,NULL,54,'nomina','2025-12-01 10:31:20','2025-12-01 10:31:20',NULL),(341,'Las nóminas de Agosto 2025 ya están disponibles. Puedes solicitarla desde tu perfil.',NULL,1,NULL,NULL,NULL,56,'nomina','2025-12-01 10:31:20','2025-12-01 10:31:20',NULL),(342,'Las nóminas de Agosto 2025 ya están disponibles. Puedes solicitarla desde tu perfil.',NULL,1,NULL,NULL,NULL,59,'nomina','2025-12-01 10:31:20','2025-12-01 10:31:20',NULL),(343,'Las nóminas de Agosto 2025 ya están disponibles. Puedes solicitarla desde tu perfil.',NULL,1,NULL,NULL,NULL,60,'nomina','2025-12-01 10:31:20','2025-12-01 10:31:20',NULL),(344,'Las nóminas de Agosto 2025 ya están disponibles. Puedes solicitarla desde tu perfil.',NULL,1,NULL,NULL,NULL,62,'nomina','2025-12-01 10:31:20','2025-12-01 10:31:20',NULL),(345,'Las nóminas de Agosto 2025 ya están disponibles. Puedes solicitarla desde tu perfil.',NULL,1,NULL,NULL,NULL,63,'nomina','2025-12-01 10:31:20','2025-12-01 10:31:20',NULL),(346,'Las nóminas de Agosto 2025 ya están disponibles. Puedes solicitarla desde tu perfil.',NULL,1,NULL,NULL,NULL,65,'nomina','2025-12-01 10:31:20','2025-12-01 10:31:20',NULL),(347,'Las nóminas de Agosto 2025 ya están disponibles. Puedes solicitarla desde tu perfil.',NULL,1,NULL,NULL,NULL,66,'nomina','2025-12-01 10:31:20','2025-12-01 10:31:20',NULL),(348,'Las nóminas de Agosto 2025 ya están disponibles. Puedes solicitarla desde tu perfil.',NULL,1,NULL,NULL,NULL,67,'nomina','2025-12-01 10:31:20','2025-12-01 10:31:20',NULL),(349,'Las nóminas de Agosto 2025 ya están disponibles. Puedes solicitarla desde tu perfil.',NULL,1,NULL,NULL,NULL,68,'nomina','2025-12-01 10:31:20','2025-12-01 10:31:20',NULL),(350,'Las nóminas de Agosto 2025 ya están disponibles. Puedes solicitarla desde tu perfil.',NULL,1,NULL,NULL,NULL,70,'nomina','2025-12-01 10:31:20','2025-12-01 10:31:20',NULL),(351,'Las nóminas de Agosto 2025 ya están disponibles. Puedes solicitarla desde tu perfil.',NULL,1,NULL,NULL,NULL,71,'nomina','2025-12-01 10:31:20','2025-12-01 10:31:20',NULL),(352,'Las nóminas de Agosto 2025 ya están disponibles. Puedes solicitarla desde tu perfil.',NULL,1,NULL,NULL,NULL,72,'nomina','2025-12-01 10:31:20','2025-12-01 10:31:20',NULL),(353,'Las nóminas de Agosto 2025 ya están disponibles. Puedes solicitarla desde tu perfil.',NULL,1,NULL,NULL,NULL,73,'nomina','2025-12-01 10:31:20','2025-12-01 10:31:20',NULL),(354,'Las nóminas de Agosto 2025 ya están disponibles. Puedes solicitarla desde tu perfil.',NULL,1,NULL,NULL,NULL,74,'nomina','2025-12-01 10:31:20','2025-12-01 10:31:20',NULL),(355,'Las nóminas de Agosto 2025 ya están disponibles. Puedes solicitarla desde tu perfil.',NULL,1,NULL,NULL,NULL,75,'nomina','2025-12-01 10:31:20','2025-12-01 10:31:20',NULL),(356,'Las nóminas de Agosto 2025 ya están disponibles. Puedes solicitarla desde tu perfil.',NULL,1,NULL,NULL,NULL,76,'nomina','2025-12-01 10:31:20','2025-12-01 10:31:20',NULL),(357,'Las nóminas de Agosto 2025 ya están disponibles. Puedes solicitarla desde tu perfil.',NULL,1,NULL,NULL,NULL,77,'nomina','2025-12-01 10:31:20','2025-12-01 10:31:20',NULL),(358,'Las nóminas de Agosto 2025 ya están disponibles. Puedes solicitarla desde tu perfil.',NULL,1,NULL,NULL,NULL,80,'nomina','2025-12-01 10:31:20','2025-12-01 10:31:20',NULL),(359,'Las nóminas de Agosto 2025 ya están disponibles. Puedes solicitarla desde tu perfil.',NULL,1,NULL,NULL,NULL,81,'nomina','2025-12-01 10:31:20','2025-12-01 10:31:20',NULL),(360,'Las nóminas de Agosto 2025 ya están disponibles. Puedes solicitarla desde tu perfil.',NULL,1,NULL,NULL,NULL,82,'nomina','2025-12-01 10:31:20','2025-12-01 10:31:20',NULL),(361,'Las nóminas de Agosto 2025 ya están disponibles. Puedes solicitarla desde tu perfil.',NULL,1,NULL,NULL,NULL,83,'nomina','2025-12-01 10:31:20','2025-12-01 10:31:20',NULL),(362,'Las nóminas de Agosto 2025 ya están disponibles. Puedes solicitarla desde tu perfil.',NULL,1,NULL,NULL,NULL,84,'nomina','2025-12-01 10:31:20','2025-12-01 10:31:20',NULL),(363,'Las nóminas de Agosto 2025 ya están disponibles. Puedes solicitarla desde tu perfil.',NULL,1,NULL,NULL,NULL,85,'nomina','2025-12-01 10:31:20','2025-12-01 10:31:20',NULL),(364,'Las nóminas de Agosto 2025 ya están disponibles. Puedes solicitarla desde tu perfil.',NULL,1,NULL,NULL,NULL,86,'nomina','2025-12-01 10:31:20','2025-12-01 10:31:20',NULL),(365,'Las nóminas de Agosto 2025 ya están disponibles. Puedes solicitarla desde tu perfil.',NULL,1,NULL,NULL,NULL,87,'nomina','2025-12-01 10:31:20','2025-12-01 10:31:20',NULL),(366,'Las nóminas de Agosto 2025 ya están disponibles. Puedes solicitarla desde tu perfil.',NULL,1,NULL,NULL,NULL,88,'nomina','2025-12-01 10:31:20','2025-12-01 10:31:20',NULL),(367,'Las nóminas de Agosto 2025 ya están disponibles. Puedes solicitarla desde tu perfil.',NULL,1,NULL,NULL,NULL,89,'nomina','2025-12-01 10:31:20','2025-12-01 10:31:20',NULL),(368,'Las nóminas de Agosto 2025 ya están disponibles. Puedes solicitarla desde tu perfil.',NULL,1,NULL,NULL,NULL,90,'nomina','2025-12-01 10:31:20','2025-12-01 10:31:20',NULL),(369,'Nóminas importadas (Junio - 2025). DNIs no encontrados: 47509038P, 49042365V, 47558435R, Y8188989Z, 49094086B, 49094085X, 48887364J, 15409768K, 29656697Z, 49526529P',NULL,1,NULL,NULL,NULL,1,'warning','2025-12-01 11:03:48','2025-12-01 11:03:48',NULL),(370,'Las nóminas de Junio 2025 ya están disponibles. Puedes solicitarla desde tu perfil.',NULL,1,NULL,NULL,NULL,1,'nomina','2025-12-01 11:03:48','2025-12-01 11:03:48',NULL),(371,'Las nóminas de Junio 2025 ya están disponibles. Puedes solicitarla desde tu perfil.',NULL,1,NULL,NULL,NULL,2,'nomina','2025-12-01 11:03:48','2025-12-01 11:03:48',NULL),(372,'Las nóminas de Junio 2025 ya están disponibles. Puedes solicitarla desde tu perfil.',NULL,1,NULL,NULL,NULL,3,'nomina','2025-12-01 11:03:48','2025-12-01 11:03:48',NULL),(373,'Las nóminas de Junio 2025 ya están disponibles. Puedes solicitarla desde tu perfil.',NULL,1,NULL,NULL,NULL,4,'nomina','2025-12-01 11:03:48','2025-12-01 11:03:48',NULL),(374,'Las nóminas de Junio 2025 ya están disponibles. Puedes solicitarla desde tu perfil.',NULL,1,NULL,NULL,NULL,7,'nomina','2025-12-01 11:03:48','2025-12-01 11:03:48',NULL),(375,'Las nóminas de Junio 2025 ya están disponibles. Puedes solicitarla desde tu perfil.',NULL,1,NULL,NULL,NULL,22,'nomina','2025-12-01 11:03:48','2025-12-01 11:03:48',NULL),(376,'Las nóminas de Junio 2025 ya están disponibles. Puedes solicitarla desde tu perfil.',NULL,1,NULL,NULL,NULL,23,'nomina','2025-12-01 11:03:48','2025-12-01 11:03:48',NULL),(377,'Las nóminas de Junio 2025 ya están disponibles. Puedes solicitarla desde tu perfil.',NULL,1,NULL,NULL,NULL,24,'nomina','2025-12-01 11:03:48','2025-12-01 11:03:48',NULL),(378,'Las nóminas de Junio 2025 ya están disponibles. Puedes solicitarla desde tu perfil.',NULL,1,NULL,NULL,NULL,25,'nomina','2025-12-01 11:03:48','2025-12-01 11:03:48',NULL),(379,'Las nóminas de Junio 2025 ya están disponibles. Puedes solicitarla desde tu perfil.',NULL,1,NULL,NULL,NULL,26,'nomina','2025-12-01 11:03:48','2025-12-01 11:03:48',NULL),(380,'Las nóminas de Junio 2025 ya están disponibles. Puedes solicitarla desde tu perfil.',NULL,1,NULL,NULL,NULL,27,'nomina','2025-12-01 11:03:48','2025-12-01 11:03:48',NULL),(381,'Las nóminas de Junio 2025 ya están disponibles. Puedes solicitarla desde tu perfil.',NULL,1,NULL,NULL,NULL,29,'nomina','2025-12-01 11:03:48','2025-12-01 11:03:48',NULL),(382,'Las nóminas de Junio 2025 ya están disponibles. Puedes solicitarla desde tu perfil.',NULL,1,NULL,NULL,NULL,30,'nomina','2025-12-01 11:03:48','2025-12-01 11:03:48',NULL),(383,'Las nóminas de Junio 2025 ya están disponibles. Puedes solicitarla desde tu perfil.',NULL,1,NULL,NULL,NULL,31,'nomina','2025-12-01 11:03:48','2025-12-01 11:03:48',NULL),(384,'Las nóminas de Junio 2025 ya están disponibles. Puedes solicitarla desde tu perfil.',NULL,1,NULL,NULL,NULL,32,'nomina','2025-12-01 11:03:48','2025-12-01 11:03:48',NULL),(385,'Las nóminas de Junio 2025 ya están disponibles. Puedes solicitarla desde tu perfil.',NULL,1,NULL,NULL,NULL,33,'nomina','2025-12-01 11:03:48','2025-12-01 11:03:48',NULL),(386,'Las nóminas de Junio 2025 ya están disponibles. Puedes solicitarla desde tu perfil.',NULL,1,NULL,NULL,NULL,34,'nomina','2025-12-01 11:03:48','2025-12-01 11:03:48',NULL),(387,'Las nóminas de Junio 2025 ya están disponibles. Puedes solicitarla desde tu perfil.',NULL,1,NULL,NULL,NULL,35,'nomina','2025-12-01 11:03:48','2025-12-01 11:03:48',NULL),(388,'Las nóminas de Junio 2025 ya están disponibles. Puedes solicitarla desde tu perfil.',NULL,1,NULL,NULL,NULL,36,'nomina','2025-12-01 11:03:48','2025-12-01 11:03:48',NULL),(389,'Las nóminas de Junio 2025 ya están disponibles. Puedes solicitarla desde tu perfil.',NULL,1,NULL,NULL,NULL,37,'nomina','2025-12-01 11:03:48','2025-12-01 11:03:48',NULL),(390,'Las nóminas de Junio 2025 ya están disponibles. Puedes solicitarla desde tu perfil.',NULL,1,NULL,NULL,NULL,38,'nomina','2025-12-01 11:03:48','2025-12-01 11:03:48',NULL),(391,'Las nóminas de Junio 2025 ya están disponibles. Puedes solicitarla desde tu perfil.',NULL,1,NULL,NULL,NULL,39,'nomina','2025-12-01 11:03:48','2025-12-01 11:03:48',NULL),(392,'Las nóminas de Junio 2025 ya están disponibles. Puedes solicitarla desde tu perfil.',NULL,1,NULL,NULL,NULL,40,'nomina','2025-12-01 11:03:48','2025-12-01 11:03:48',NULL),(393,'Las nóminas de Junio 2025 ya están disponibles. Puedes solicitarla desde tu perfil.',NULL,1,NULL,NULL,NULL,41,'nomina','2025-12-01 11:03:48','2025-12-01 11:03:48',NULL),(394,'Las nóminas de Junio 2025 ya están disponibles. Puedes solicitarla desde tu perfil.',NULL,1,NULL,NULL,NULL,43,'nomina','2025-12-01 11:03:48','2025-12-01 11:03:48',NULL),(395,'Las nóminas de Junio 2025 ya están disponibles. Puedes solicitarla desde tu perfil.',NULL,1,NULL,NULL,NULL,44,'nomina','2025-12-01 11:03:48','2025-12-01 11:03:48',NULL),(396,'Las nóminas de Junio 2025 ya están disponibles. Puedes solicitarla desde tu perfil.',NULL,1,NULL,NULL,NULL,45,'nomina','2025-12-01 11:03:48','2025-12-01 11:03:48',NULL),(397,'Las nóminas de Junio 2025 ya están disponibles. Puedes solicitarla desde tu perfil.',NULL,1,NULL,NULL,NULL,47,'nomina','2025-12-01 11:03:48','2025-12-01 11:03:48',NULL),(398,'Las nóminas de Junio 2025 ya están disponibles. Puedes solicitarla desde tu perfil.',NULL,1,NULL,NULL,NULL,48,'nomina','2025-12-01 11:03:48','2025-12-01 11:03:48',NULL),(399,'Las nóminas de Junio 2025 ya están disponibles. Puedes solicitarla desde tu perfil.',NULL,1,NULL,NULL,NULL,49,'nomina','2025-12-01 11:03:48','2025-12-01 11:03:48',NULL),(400,'Las nóminas de Junio 2025 ya están disponibles. Puedes solicitarla desde tu perfil.',NULL,1,NULL,NULL,NULL,50,'nomina','2025-12-01 11:03:48','2025-12-01 11:03:48',NULL),(401,'Las nóminas de Junio 2025 ya están disponibles. Puedes solicitarla desde tu perfil.',NULL,1,NULL,NULL,NULL,51,'nomina','2025-12-01 11:03:48','2025-12-01 11:03:48',NULL),(402,'Las nóminas de Junio 2025 ya están disponibles. Puedes solicitarla desde tu perfil.',NULL,1,NULL,NULL,NULL,54,'nomina','2025-12-01 11:03:48','2025-12-01 11:03:48',NULL),(403,'Las nóminas de Junio 2025 ya están disponibles. Puedes solicitarla desde tu perfil.',NULL,1,NULL,NULL,NULL,56,'nomina','2025-12-01 11:03:48','2025-12-01 11:03:48',NULL),(404,'Las nóminas de Junio 2025 ya están disponibles. Puedes solicitarla desde tu perfil.',NULL,1,NULL,NULL,NULL,59,'nomina','2025-12-01 11:03:48','2025-12-01 11:03:48',NULL),(405,'Las nóminas de Junio 2025 ya están disponibles. Puedes solicitarla desde tu perfil.',NULL,1,NULL,NULL,NULL,60,'nomina','2025-12-01 11:03:48','2025-12-01 11:03:48',NULL),(406,'Las nóminas de Junio 2025 ya están disponibles. Puedes solicitarla desde tu perfil.',NULL,1,NULL,NULL,NULL,62,'nomina','2025-12-01 11:03:48','2025-12-01 11:03:48',NULL),(407,'Las nóminas de Junio 2025 ya están disponibles. Puedes solicitarla desde tu perfil.',NULL,1,NULL,NULL,NULL,63,'nomina','2025-12-01 11:03:48','2025-12-01 11:03:48',NULL),(408,'Las nóminas de Junio 2025 ya están disponibles. Puedes solicitarla desde tu perfil.',NULL,1,NULL,NULL,NULL,65,'nomina','2025-12-01 11:03:48','2025-12-01 11:03:48',NULL),(409,'Las nóminas de Junio 2025 ya están disponibles. Puedes solicitarla desde tu perfil.',NULL,1,NULL,NULL,NULL,66,'nomina','2025-12-01 11:03:48','2025-12-01 11:03:48',NULL),(410,'Las nóminas de Junio 2025 ya están disponibles. Puedes solicitarla desde tu perfil.',NULL,1,NULL,NULL,NULL,67,'nomina','2025-12-01 11:03:48','2025-12-01 11:03:48',NULL),(411,'Las nóminas de Junio 2025 ya están disponibles. Puedes solicitarla desde tu perfil.',NULL,1,NULL,NULL,NULL,68,'nomina','2025-12-01 11:03:48','2025-12-01 11:03:48',NULL),(412,'Las nóminas de Junio 2025 ya están disponibles. Puedes solicitarla desde tu perfil.',NULL,1,NULL,NULL,NULL,70,'nomina','2025-12-01 11:03:48','2025-12-01 11:03:48',NULL),(413,'Las nóminas de Junio 2025 ya están disponibles. Puedes solicitarla desde tu perfil.',NULL,1,NULL,NULL,NULL,71,'nomina','2025-12-01 11:03:48','2025-12-01 11:03:48',NULL),(414,'Las nóminas de Junio 2025 ya están disponibles. Puedes solicitarla desde tu perfil.',NULL,1,NULL,NULL,NULL,72,'nomina','2025-12-01 11:03:48','2025-12-01 11:03:48',NULL),(415,'Las nóminas de Junio 2025 ya están disponibles. Puedes solicitarla desde tu perfil.',NULL,1,NULL,NULL,NULL,73,'nomina','2025-12-01 11:03:48','2025-12-01 11:03:48',NULL),(416,'Las nóminas de Junio 2025 ya están disponibles. Puedes solicitarla desde tu perfil.',NULL,1,NULL,NULL,NULL,74,'nomina','2025-12-01 11:03:48','2025-12-01 11:03:48',NULL),(417,'Las nóminas de Junio 2025 ya están disponibles. Puedes solicitarla desde tu perfil.',NULL,1,NULL,NULL,NULL,75,'nomina','2025-12-01 11:03:48','2025-12-01 11:03:48',NULL),(418,'Las nóminas de Junio 2025 ya están disponibles. Puedes solicitarla desde tu perfil.',NULL,1,NULL,NULL,NULL,76,'nomina','2025-12-01 11:03:48','2025-12-01 11:03:48',NULL),(419,'Las nóminas de Junio 2025 ya están disponibles. Puedes solicitarla desde tu perfil.',NULL,1,NULL,NULL,NULL,77,'nomina','2025-12-01 11:03:48','2025-12-01 11:03:48',NULL),(420,'Las nóminas de Junio 2025 ya están disponibles. Puedes solicitarla desde tu perfil.',NULL,1,NULL,NULL,NULL,80,'nomina','2025-12-01 11:03:48','2025-12-01 11:03:48',NULL),(421,'Las nóminas de Junio 2025 ya están disponibles. Puedes solicitarla desde tu perfil.',NULL,1,NULL,NULL,NULL,81,'nomina','2025-12-01 11:03:48','2025-12-01 11:03:48',NULL),(422,'Las nóminas de Junio 2025 ya están disponibles. Puedes solicitarla desde tu perfil.',NULL,1,NULL,NULL,NULL,82,'nomina','2025-12-01 11:03:48','2025-12-01 11:03:48',NULL),(423,'Las nóminas de Junio 2025 ya están disponibles. Puedes solicitarla desde tu perfil.',NULL,1,NULL,NULL,NULL,83,'nomina','2025-12-01 11:03:48','2025-12-01 11:03:48',NULL),(424,'Las nóminas de Junio 2025 ya están disponibles. Puedes solicitarla desde tu perfil.',NULL,1,NULL,NULL,NULL,84,'nomina','2025-12-01 11:03:48','2025-12-01 11:03:48',NULL),(425,'Las nóminas de Junio 2025 ya están disponibles. Puedes solicitarla desde tu perfil.',NULL,1,NULL,NULL,NULL,85,'nomina','2025-12-01 11:03:48','2025-12-01 11:03:48',NULL),(426,'Las nóminas de Junio 2025 ya están disponibles. Puedes solicitarla desde tu perfil.',NULL,1,NULL,NULL,NULL,86,'nomina','2025-12-01 11:03:48','2025-12-01 11:03:48',NULL),(427,'Las nóminas de Junio 2025 ya están disponibles. Puedes solicitarla desde tu perfil.',NULL,1,NULL,NULL,NULL,87,'nomina','2025-12-01 11:03:48','2025-12-01 11:03:48',NULL),(428,'Las nóminas de Junio 2025 ya están disponibles. Puedes solicitarla desde tu perfil.',NULL,1,NULL,NULL,NULL,88,'nomina','2025-12-01 11:03:48','2025-12-01 11:03:48',NULL),(429,'Las nóminas de Junio 2025 ya están disponibles. Puedes solicitarla desde tu perfil.',NULL,1,NULL,NULL,NULL,89,'nomina','2025-12-01 11:03:48','2025-12-01 11:03:48',NULL),(430,'Las nóminas de Junio 2025 ya están disponibles. Puedes solicitarla desde tu perfil.',NULL,1,NULL,NULL,NULL,90,'nomina','2025-12-01 11:03:48','2025-12-01 11:03:48',NULL);
/*!40000 ALTER TABLE `alertas` ENABLE KEYS */;
UNLOCK TABLES;

--
-- Table structure for table `alertas_users`
--

DROP TABLE IF EXISTS `alertas_users`;
/*!40101 SET @saved_cs_client     = @@character_set_client */;
/*!40101 SET character_set_client = utf8 */;
CREATE TABLE `alertas_users` (
  `id` bigint(20) unsigned NOT NULL AUTO_INCREMENT,
  `alerta_id` bigint(20) unsigned NOT NULL,
  `user_id` bigint(20) unsigned NOT NULL,
  `leida_en` timestamp NULL DEFAULT current_timestamp(),
  `created_at` timestamp NULL DEFAULT current_timestamp(),
  `updated_at` timestamp NULL DEFAULT current_timestamp() ON UPDATE current_timestamp(),
  PRIMARY KEY (`id`),
  UNIQUE KEY `unique_alerta_user` (`alerta_id`,`user_id`),
  KEY `user_id` (`user_id`),
  CONSTRAINT `alertas_users_ibfk_1` FOREIGN KEY (`alerta_id`) REFERENCES `alertas` (`id`) ON DELETE CASCADE,
  CONSTRAINT `alertas_users_ibfk_2` FOREIGN KEY (`user_id`) REFERENCES `users` (`id`) ON DELETE CASCADE
) ENGINE=InnoDB AUTO_INCREMENT=2116 DEFAULT CHARSET=utf8 COLLATE=utf8_general_ci;
/*!40101 SET character_set_client = @saved_cs_client */;

--
-- Dumping data for table `alertas_users`
--

LOCK TABLES `alertas_users` WRITE;
/*!40000 ALTER TABLE `alertas_users` DISABLE KEYS */;
INSERT INTO `alertas_users` VALUES (1990,303,66,'2025-11-30 23:31:37','2025-11-30 23:31:06','2025-11-30 23:31:37'),(1991,303,1,'2025-12-01 07:34:37','2025-11-30 23:31:14','2025-12-01 07:34:37'),(1992,307,1,'2025-12-01 10:36:57','2025-12-01 10:31:20','2025-12-01 10:36:57'),(1993,308,1,'2025-12-01 10:34:42','2025-12-01 10:31:20','2025-12-01 10:34:42'),(1994,309,2,NULL,'2025-12-01 10:31:20','2025-12-01 10:31:20'),(1995,310,3,NULL,'2025-12-01 10:31:20','2025-12-01 10:31:20'),(1996,311,4,NULL,'2025-12-01 10:31:20','2025-12-01 10:31:20'),(1997,312,7,NULL,'2025-12-01 10:31:20','2025-12-01 10:31:20'),(1998,313,22,NULL,'2025-12-01 10:31:20','2025-12-01 10:31:20'),(1999,314,23,NULL,'2025-12-01 10:31:20','2025-12-01 10:31:20'),(2000,315,24,NULL,'2025-12-01 10:31:20','2025-12-01 10:31:20'),(2001,316,25,NULL,'2025-12-01 10:31:20','2025-12-01 10:31:20'),(2002,317,26,NULL,'2025-12-01 10:31:20','2025-12-01 10:31:20'),(2003,318,27,NULL,'2025-12-01 10:31:20','2025-12-01 10:31:20'),(2004,319,29,NULL,'2025-12-01 10:31:20','2025-12-01 10:31:20'),(2005,320,30,NULL,'2025-12-01 10:31:20','2025-12-01 10:31:20'),(2006,321,31,NULL,'2025-12-01 10:31:20','2025-12-01 10:31:20'),(2007,322,32,NULL,'2025-12-01 10:31:20','2025-12-01 10:31:20'),(2008,323,33,NULL,'2025-12-01 10:31:20','2025-12-01 10:31:20'),(2009,324,34,NULL,'2025-12-01 10:31:20','2025-12-01 10:31:20'),(2010,325,35,NULL,'2025-12-01 10:31:20','2025-12-01 10:31:20'),(2011,326,36,NULL,'2025-12-01 10:31:20','2025-12-01 10:31:20'),(2012,327,37,NULL,'2025-12-01 10:31:20','2025-12-01 10:31:20'),(2013,328,38,NULL,'2025-12-01 10:31:20','2025-12-01 10:31:20'),(2014,329,39,NULL,'2025-12-01 10:31:20','2025-12-01 10:31:20'),(2015,330,40,NULL,'2025-12-01 10:31:20','2025-12-01 10:31:20'),(2016,331,41,NULL,'2025-12-01 10:31:20','2025-12-01 10:31:20'),(2017,332,43,NULL,'2025-12-01 10:31:20','2025-12-01 10:31:20'),(2018,333,44,NULL,'2025-12-01 10:31:20','2025-12-01 10:31:20'),(2019,334,45,NULL,'2025-12-01 10:31:20','2025-12-01 10:31:20'),(2020,335,47,NULL,'2025-12-01 10:31:20','2025-12-01 10:31:20'),(2021,336,48,NULL,'2025-12-01 10:31:20','2025-12-01 10:31:20'),(2022,337,49,NULL,'2025-12-01 10:31:20','2025-12-01 10:31:20'),(2023,338,50,NULL,'2025-12-01 10:31:20','2025-12-01 10:31:20'),(2024,339,51,NULL,'2025-12-01 10:31:20','2025-12-01 10:31:20'),(2025,340,54,NULL,'2025-12-01 10:31:20','2025-12-01 10:31:20'),(2026,341,56,NULL,'2025-12-01 10:31:20','2025-12-01 10:31:20'),(2027,342,59,NULL,'2025-12-01 10:31:20','2025-12-01 10:31:20'),(2028,343,60,NULL,'2025-12-01 10:31:20','2025-12-01 10:31:20'),(2029,344,62,NULL,'2025-12-01 10:31:20','2025-12-01 10:31:20'),(2030,345,63,NULL,'2025-12-01 10:31:20','2025-12-01 10:31:20'),(2031,346,65,NULL,'2025-12-01 10:31:20','2025-12-01 10:31:20'),(2032,347,66,NULL,'2025-12-01 10:31:20','2025-12-01 10:31:20'),(2033,348,67,NULL,'2025-12-01 10:31:20','2025-12-01 10:31:20'),(2034,349,68,NULL,'2025-12-01 10:31:20','2025-12-01 10:31:20'),(2035,350,70,NULL,'2025-12-01 10:31:20','2025-12-01 10:31:20'),(2036,351,71,NULL,'2025-12-01 10:31:20','2025-12-01 10:31:20'),(2037,352,72,NULL,'2025-12-01 10:31:20','2025-12-01 10:31:20'),(2038,353,73,NULL,'2025-12-01 10:31:20','2025-12-01 10:31:20'),(2039,354,74,NULL,'2025-12-01 10:31:20','2025-12-01 10:31:20'),(2040,355,75,NULL,'2025-12-01 10:31:20','2025-12-01 10:31:20'),(2041,356,76,NULL,'2025-12-01 10:31:20','2025-12-01 10:31:20'),(2042,357,77,NULL,'2025-12-01 10:31:20','2025-12-01 10:31:20'),(2043,358,80,NULL,'2025-12-01 10:31:20','2025-12-01 10:31:20'),(2044,359,81,NULL,'2025-12-01 10:31:20','2025-12-01 10:31:20'),(2045,360,82,NULL,'2025-12-01 10:31:20','2025-12-01 10:31:20'),(2046,361,83,NULL,'2025-12-01 10:31:20','2025-12-01 10:31:20'),(2047,362,84,NULL,'2025-12-01 10:31:20','2025-12-01 10:31:20'),(2048,363,85,NULL,'2025-12-01 10:31:20','2025-12-01 10:31:20'),(2049,364,86,NULL,'2025-12-01 10:31:20','2025-12-01 10:31:20'),(2050,365,87,NULL,'2025-12-01 10:31:20','2025-12-01 10:31:20'),(2051,366,88,NULL,'2025-12-01 10:31:20','2025-12-01 10:31:20'),(2052,367,89,NULL,'2025-12-01 10:31:20','2025-12-01 10:31:20'),(2053,368,90,NULL,'2025-12-01 10:31:20','2025-12-01 10:31:20'),(2054,369,1,'2025-12-01 11:05:50','2025-12-01 11:03:48','2025-12-01 11:05:50'),(2055,370,1,'2025-12-01 11:05:43','2025-12-01 11:03:48','2025-12-01 11:05:43'),(2056,371,2,NULL,'2025-12-01 11:03:48','2025-12-01 11:03:48'),(2057,372,3,NULL,'2025-12-01 11:03:48','2025-12-01 11:03:48'),(2058,373,4,NULL,'2025-12-01 11:03:48','2025-12-01 11:03:48'),(2059,374,7,NULL,'2025-12-01 11:03:48','2025-12-01 11:03:48'),(2060,375,22,NULL,'2025-12-01 11:03:48','2025-12-01 11:03:48'),(2061,376,23,NULL,'2025-12-01 11:03:48','2025-12-01 11:03:48'),(2062,377,24,NULL,'2025-12-01 11:03:48','2025-12-01 11:03:48'),(2063,378,25,NULL,'2025-12-01 11:03:48','2025-12-01 11:03:48'),(2064,379,26,NULL,'2025-12-01 11:03:48','2025-12-01 11:03:48'),(2065,380,27,NULL,'2025-12-01 11:03:48','2025-12-01 11:03:48'),(2066,381,29,NULL,'2025-12-01 11:03:48','2025-12-01 11:03:48'),(2067,382,30,NULL,'2025-12-01 11:03:48','2025-12-01 11:03:48'),(2068,383,31,NULL,'2025-12-01 11:03:48','2025-12-01 11:03:48'),(2069,384,32,NULL,'2025-12-01 11:03:48','2025-12-01 11:03:48'),(2070,385,33,NULL,'2025-12-01 11:03:48','2025-12-01 11:03:48'),(2071,386,34,NULL,'2025-12-01 11:03:48','2025-12-01 11:03:48'),(2072,387,35,NULL,'2025-12-01 11:03:48','2025-12-01 11:03:48'),(2073,388,36,NULL,'2025-12-01 11:03:48','2025-12-01 11:03:48'),(2074,389,37,NULL,'2025-12-01 11:03:48','2025-12-01 11:03:48'),(2075,390,38,NULL,'2025-12-01 11:03:48','2025-12-01 11:03:48'),(2076,391,39,NULL,'2025-12-01 11:03:48','2025-12-01 11:03:48'),(2077,392,40,NULL,'2025-12-01 11:03:48','2025-12-01 11:03:48'),(2078,393,41,NULL,'2025-12-01 11:03:48','2025-12-01 11:03:48'),(2079,394,43,NULL,'2025-12-01 11:03:48','2025-12-01 11:03:48'),(2080,395,44,NULL,'2025-12-01 11:03:48','2025-12-01 11:03:48'),(2081,396,45,NULL,'2025-12-01 11:03:48','2025-12-01 11:03:48'),(2082,397,47,NULL,'2025-12-01 11:03:48','2025-12-01 11:03:48'),(2083,398,48,NULL,'2025-12-01 11:03:48','2025-12-01 11:03:48'),(2084,399,49,NULL,'2025-12-01 11:03:48','2025-12-01 11:03:48'),(2085,400,50,NULL,'2025-12-01 11:03:48','2025-12-01 11:03:48'),(2086,401,51,NULL,'2025-12-01 11:03:48','2025-12-01 11:03:48'),(2087,402,54,NULL,'2025-12-01 11:03:48','2025-12-01 11:03:48'),(2088,403,56,NULL,'2025-12-01 11:03:48','2025-12-01 11:03:48'),(2089,404,59,NULL,'2025-12-01 11:03:48','2025-12-01 11:03:48'),(2090,405,60,NULL,'2025-12-01 11:03:48','2025-12-01 11:03:48'),(2091,406,62,NULL,'2025-12-01 11:03:48','2025-12-01 11:03:48'),(2092,407,63,NULL,'2025-12-01 11:03:48','2025-12-01 11:03:48'),(2093,408,65,NULL,'2025-12-01 11:03:48','2025-12-01 11:03:48'),(2094,409,66,NULL,'2025-12-01 11:03:48','2025-12-01 11:03:48'),(2095,410,67,NULL,'2025-12-01 11:03:48','2025-12-01 11:03:48'),(2096,411,68,NULL,'2025-12-01 11:03:48','2025-12-01 11:03:48'),(2097,412,70,NULL,'2025-12-01 11:03:48','2025-12-01 11:03:48'),(2098,413,71,NULL,'2025-12-01 11:03:48','2025-12-01 11:03:48'),(2099,414,72,NULL,'2025-12-01 11:03:48','2025-12-01 11:03:48'),(2100,415,73,NULL,'2025-12-01 11:03:48','2025-12-01 11:03:48'),(2101,416,74,NULL,'2025-12-01 11:03:48','2025-12-01 11:03:48'),(2102,417,75,NULL,'2025-12-01 11:03:48','2025-12-01 11:03:48'),(2103,418,76,NULL,'2025-12-01 11:03:48','2025-12-01 11:03:48'),(2104,419,77,NULL,'2025-12-01 11:03:48','2025-12-01 11:03:48'),(2105,420,80,NULL,'2025-12-01 11:03:48','2025-12-01 11:03:48'),(2106,421,81,NULL,'2025-12-01 11:03:48','2025-12-01 11:03:48'),(2107,422,82,NULL,'2025-12-01 11:03:48','2025-12-01 11:03:48'),(2108,423,83,NULL,'2025-12-01 11:03:48','2025-12-01 11:03:48'),(2109,424,84,NULL,'2025-12-01 11:03:48','2025-12-01 11:03:48'),(2110,425,85,NULL,'2025-12-01 11:03:48','2025-12-01 11:03:48'),(2111,426,86,NULL,'2025-12-01 11:03:48','2025-12-01 11:03:48'),(2112,427,87,NULL,'2025-12-01 11:03:48','2025-12-01 11:03:48'),(2113,428,88,NULL,'2025-12-01 11:03:48','2025-12-01 11:03:48'),(2114,429,89,NULL,'2025-12-01 11:03:48','2025-12-01 11:03:48'),(2115,430,90,NULL,'2025-12-01 11:03:48','2025-12-01 11:03:48');
/*!40000 ALTER TABLE `alertas_users` ENABLE KEYS */;
UNLOCK TABLES;

--
-- Table structure for table `asignaciones_turnos`
--

DROP TABLE IF EXISTS `asignaciones_turnos`;
/*!40101 SET @saved_cs_client     = @@character_set_client */;
/*!40101 SET character_set_client = utf8 */;
CREATE TABLE `asignaciones_turnos` (
  `id` bigint(20) unsigned NOT NULL AUTO_INCREMENT,
  `user_id` bigint(20) unsigned NOT NULL,
  `turno_id` bigint(20) unsigned DEFAULT NULL,
  `estado` varchar(50) DEFAULT 'activo',
  `maquina_id` bigint(20) unsigned DEFAULT NULL,
  `obra_id` bigint(20) unsigned DEFAULT NULL,
  `entrada` time DEFAULT NULL,
  `salida` time DEFAULT NULL,
  `fecha` date NOT NULL,
  `justificante_ruta` varchar(255) DEFAULT NULL,
  `horas_justificadas` decimal(4,2) DEFAULT NULL,
  `justificante_observaciones` text DEFAULT NULL,
  `justificante_subido_at` timestamp NULL DEFAULT NULL,
  `created_at` timestamp NULL DEFAULT current_timestamp(),
  `updated_at` timestamp NULL DEFAULT current_timestamp() ON UPDATE current_timestamp(),
  `deleted_at` timestamp NULL DEFAULT NULL,
  PRIMARY KEY (`id`),
  KEY `user_id` (`user_id`),
  KEY `turno_id` (`turno_id`),
  KEY `fk_asignaciones_turnos_maquina` (`maquina_id`),
  KEY `fk_asignaciones_turnos_obra` (`obra_id`),
  CONSTRAINT `asignaciones_turnos_ibfk_1` FOREIGN KEY (`user_id`) REFERENCES `users` (`id`) ON DELETE CASCADE,
  CONSTRAINT `asignaciones_turnos_ibfk_2` FOREIGN KEY (`turno_id`) REFERENCES `turnos` (`id`) ON DELETE SET NULL,
  CONSTRAINT `fk_asignaciones_turnos_maquina` FOREIGN KEY (`maquina_id`) REFERENCES `maquinas` (`id`) ON DELETE SET NULL ON UPDATE CASCADE,
  CONSTRAINT `fk_asignaciones_turnos_obra` FOREIGN KEY (`obra_id`) REFERENCES `obras` (`id`) ON DELETE SET NULL ON UPDATE CASCADE
) ENGINE=InnoDB AUTO_INCREMENT=36727 DEFAULT CHARSET=utf8 COLLATE=utf8_general_ci;
/*!40101 SET character_set_client = @saved_cs_client */;

--
-- Dumping data for table `asignaciones_turnos`
--

LOCK TABLES `asignaciones_turnos` WRITE;
/*!40000 ALTER TABLE `asignaciones_turnos` DISABLE KEYS */;
INSERT INTO `asignaciones_turnos` VALUES (35475,66,1,'activo',NULL,NULL,NULL,NULL,'2025-06-23',NULL,NULL,NULL,NULL,'2025-06-23 08:34:16','2025-06-23 08:34:16',NULL),(35476,66,1,'activo',NULL,NULL,NULL,NULL,'2025-06-24',NULL,NULL,NULL,NULL,'2025-06-23 08:34:16','2025-06-23 08:34:16',NULL),(35477,66,1,'activo',NULL,NULL,NULL,NULL,'2025-06-25',NULL,NULL,NULL,NULL,'2025-06-23 08:34:16','2025-06-23 08:34:16',NULL),(35478,66,1,'activo',NULL,NULL,NULL,NULL,'2025-06-26',NULL,NULL,NULL,NULL,'2025-06-23 08:34:16','2025-06-23 08:34:16',NULL),(35479,66,1,'activo',NULL,NULL,NULL,NULL,'2025-06-27',NULL,NULL,NULL,NULL,'2025-06-23 08:34:16','2025-06-23 08:34:16',NULL),(35849,45,1,'activo',NULL,NULL,NULL,NULL,'2025-07-07',NULL,NULL,NULL,NULL,'2025-07-09 10:58:11','2025-07-09 11:17:43',NULL),(35852,84,1,'activo',NULL,NULL,NULL,NULL,'2025-07-10',NULL,NULL,NULL,NULL,'2025-07-09 11:17:02','2025-07-09 11:17:46',NULL),(35853,84,1,'activo',NULL,NULL,NULL,NULL,'2025-07-11',NULL,NULL,NULL,NULL,'2025-07-09 11:17:02','2025-07-09 11:17:48',NULL),(35854,47,1,'activo',NULL,NULL,NULL,NULL,'2025-07-07',NULL,NULL,NULL,NULL,'2025-07-09 11:18:00','2025-07-09 11:18:19',NULL),(35856,47,1,'activo',NULL,NULL,NULL,NULL,'2025-07-09',NULL,NULL,NULL,NULL,'2025-07-09 11:18:00','2025-07-09 11:18:33',NULL),(35857,47,1,'activo',NULL,NULL,NULL,NULL,'2025-07-10',NULL,NULL,NULL,NULL,'2025-07-09 11:18:00','2025-07-09 11:18:41',NULL),(35858,47,1,'activo',NULL,NULL,NULL,NULL,'2025-07-11',NULL,NULL,NULL,NULL,'2025-07-09 11:18:00','2025-07-09 11:18:51',NULL),(35859,48,1,'activo',NULL,NULL,NULL,NULL,'2025-07-07',NULL,NULL,NULL,NULL,'2025-07-09 11:18:00','2025-07-09 11:18:20',NULL),(35860,48,1,'activo',NULL,NULL,NULL,NULL,'2025-07-08',NULL,NULL,NULL,NULL,'2025-07-09 11:18:00','2025-07-09 11:18:28',NULL),(35861,48,1,'activo',NULL,NULL,NULL,NULL,'2025-07-09',NULL,NULL,NULL,NULL,'2025-07-09 11:18:00','2025-07-09 11:18:35',NULL),(35862,48,1,'activo',NULL,NULL,NULL,NULL,'2025-07-10',NULL,NULL,NULL,NULL,'2025-07-09 11:18:00','2025-07-09 11:18:43',NULL),(35863,48,1,'activo',NULL,NULL,NULL,NULL,'2025-07-11',NULL,NULL,NULL,NULL,'2025-07-09 11:18:00','2025-07-09 11:18:53',NULL),(35867,22,1,'activo',NULL,NULL,NULL,NULL,'2025-07-07',NULL,NULL,NULL,NULL,'2025-07-09 11:18:00','2025-07-09 11:18:17',NULL),(35868,22,1,'activo',NULL,NULL,NULL,NULL,'2025-07-08',NULL,NULL,NULL,NULL,'2025-07-09 11:18:00','2025-07-09 11:18:25',NULL),(35869,22,1,'activo',NULL,NULL,NULL,NULL,'2025-07-09',NULL,NULL,NULL,NULL,'2025-07-09 11:18:00','2025-07-09 11:18:32',NULL),(35870,22,1,'activo',NULL,NULL,NULL,NULL,'2025-07-10',NULL,NULL,NULL,NULL,'2025-07-09 11:18:00','2025-07-09 11:18:40',NULL),(35871,22,1,'activo',NULL,NULL,NULL,NULL,'2025-07-11',NULL,NULL,NULL,NULL,'2025-07-09 11:18:00','2025-07-09 11:18:48',NULL),(35872,24,1,'activo',NULL,NULL,NULL,NULL,'2025-07-07',NULL,NULL,NULL,NULL,'2025-07-09 11:18:00','2025-07-09 11:18:05',NULL),(35873,24,1,'activo',NULL,NULL,NULL,NULL,'2025-07-08',NULL,NULL,NULL,NULL,'2025-07-09 11:18:00','2025-07-09 11:18:21',NULL),(35874,24,1,'activo',NULL,NULL,NULL,NULL,'2025-07-09',NULL,NULL,NULL,NULL,'2025-07-09 11:18:00','2025-07-09 11:18:29',NULL),(35875,24,1,'activo',NULL,NULL,NULL,NULL,'2025-07-10',NULL,NULL,NULL,NULL,'2025-07-09 11:18:00','2025-07-09 11:18:37',NULL),(35876,24,1,'activo',NULL,NULL,NULL,NULL,'2025-07-11',NULL,NULL,NULL,NULL,'2025-07-09 11:18:00','2025-07-09 11:18:44',NULL),(35891,45,1,'activo',NULL,NULL,NULL,NULL,'2025-07-14',NULL,NULL,NULL,NULL,'2025-07-10 09:31:57','2025-07-10 09:31:57',NULL),(35892,84,1,'activo',NULL,NULL,NULL,NULL,'2025-07-17',NULL,NULL,NULL,NULL,'2025-07-10 09:31:57','2025-07-10 09:31:57',NULL),(35893,84,1,'activo',NULL,NULL,'05:00:00','10:00:00','2025-07-18',NULL,NULL,NULL,NULL,'2025-07-10 09:31:57','2025-07-18 09:44:20',NULL),(35894,47,1,'activo',NULL,NULL,NULL,NULL,'2025-07-14',NULL,NULL,NULL,NULL,'2025-07-10 09:31:57','2025-07-10 09:31:57',NULL),(35895,47,1,'activo',NULL,NULL,NULL,NULL,'2025-07-16',NULL,NULL,NULL,NULL,'2025-07-10 09:31:57','2025-07-10 09:31:57',NULL),(35896,47,1,'activo',NULL,NULL,NULL,NULL,'2025-07-17',NULL,NULL,NULL,NULL,'2025-07-10 09:31:57','2025-07-10 09:31:57',NULL),(35897,47,1,'activo',NULL,NULL,NULL,NULL,'2025-07-18',NULL,NULL,NULL,NULL,'2025-07-10 09:31:57','2025-07-10 09:31:57',NULL),(35898,48,1,'activo',NULL,NULL,NULL,NULL,'2025-07-14',NULL,NULL,NULL,NULL,'2025-07-10 09:31:57','2025-07-10 09:31:57',NULL),(35899,48,1,'activo',NULL,NULL,NULL,NULL,'2025-07-15',NULL,NULL,NULL,NULL,'2025-07-10 09:31:57','2025-07-10 09:31:57',NULL),(35900,48,1,'activo',NULL,NULL,NULL,NULL,'2025-07-16',NULL,NULL,NULL,NULL,'2025-07-10 09:31:57','2025-07-10 09:31:57',NULL),(35901,48,1,'activo',NULL,NULL,NULL,NULL,'2025-07-17',NULL,NULL,NULL,NULL,'2025-07-10 09:31:57','2025-07-10 09:31:57',NULL),(35902,48,1,'activo',NULL,NULL,NULL,NULL,'2025-07-18',NULL,NULL,NULL,NULL,'2025-07-10 09:31:57','2025-07-10 09:31:57',NULL),(35903,22,1,'activo',NULL,NULL,NULL,NULL,'2025-07-14',NULL,NULL,NULL,NULL,'2025-07-10 09:31:57','2025-07-10 09:31:57',NULL),(35904,22,1,'activo',NULL,NULL,NULL,NULL,'2025-07-15',NULL,NULL,NULL,NULL,'2025-07-10 09:31:57','2025-07-10 09:31:57',NULL),(35905,22,1,'activo',NULL,NULL,NULL,NULL,'2025-07-16',NULL,NULL,NULL,NULL,'2025-07-10 09:31:57','2025-07-10 09:31:57',NULL),(35906,22,1,'activo',NULL,NULL,NULL,NULL,'2025-07-17',NULL,NULL,NULL,NULL,'2025-07-10 09:31:57','2025-07-10 09:31:57',NULL),(35907,22,1,'activo',NULL,NULL,NULL,NULL,'2025-07-18',NULL,NULL,NULL,NULL,'2025-07-10 09:31:57','2025-07-10 09:31:57',NULL),(35908,24,1,'activo',NULL,NULL,NULL,NULL,'2025-07-14',NULL,NULL,NULL,NULL,'2025-07-10 09:31:57','2025-07-10 09:31:57',NULL),(35909,24,1,'activo',NULL,NULL,NULL,NULL,'2025-07-15',NULL,NULL,NULL,NULL,'2025-07-10 09:31:57','2025-07-10 09:31:57',NULL),(35910,24,1,'activo',NULL,NULL,NULL,NULL,'2025-07-16',NULL,NULL,NULL,NULL,'2025-07-10 09:31:57','2025-07-10 09:31:57',NULL),(35911,24,1,'activo',NULL,NULL,NULL,NULL,'2025-07-17',NULL,NULL,NULL,NULL,'2025-07-10 09:31:57','2025-07-10 09:31:57',NULL),(35912,24,1,'activo',NULL,NULL,NULL,NULL,'2025-07-18',NULL,NULL,NULL,NULL,'2025-07-10 09:31:57','2025-07-10 09:31:57',NULL),(35915,45,1,'activo',NULL,NULL,NULL,NULL,'2025-07-21',NULL,NULL,NULL,NULL,'2025-07-10 09:32:19','2025-07-10 09:32:19',NULL),(35916,84,1,'activo',NULL,NULL,NULL,NULL,'2025-07-24',NULL,NULL,NULL,NULL,'2025-07-10 09:32:19','2025-07-10 09:32:19',NULL),(35917,84,1,'activo',NULL,NULL,NULL,NULL,'2025-07-25',NULL,NULL,NULL,NULL,'2025-07-10 09:32:19','2025-07-10 09:32:19',NULL),(35918,47,1,'activo',NULL,NULL,NULL,NULL,'2025-07-21',NULL,NULL,NULL,NULL,'2025-07-10 09:32:19','2025-07-10 09:32:19',NULL),(35919,47,1,'activo',NULL,NULL,NULL,NULL,'2025-07-23',NULL,NULL,NULL,NULL,'2025-07-10 09:32:19','2025-07-10 09:32:19',NULL),(35920,47,1,'activo',NULL,NULL,NULL,NULL,'2025-07-24',NULL,NULL,NULL,NULL,'2025-07-10 09:32:19','2025-07-10 09:32:19',NULL),(35921,47,1,'activo',NULL,NULL,NULL,NULL,'2025-07-25',NULL,NULL,NULL,NULL,'2025-07-10 09:32:19','2025-07-10 09:32:19',NULL),(35922,48,1,'activo',NULL,NULL,NULL,NULL,'2025-07-21',NULL,NULL,NULL,NULL,'2025-07-10 09:32:19','2025-07-10 09:32:19',NULL),(35923,48,1,'activo',NULL,NULL,NULL,NULL,'2025-07-22',NULL,NULL,NULL,NULL,'2025-07-10 09:32:19','2025-07-10 09:32:19',NULL),(35924,48,1,'activo',NULL,NULL,NULL,NULL,'2025-07-23',NULL,NULL,NULL,NULL,'2025-07-10 09:32:19','2025-07-10 09:32:19',NULL),(35925,48,1,'activo',NULL,NULL,NULL,NULL,'2025-07-24',NULL,NULL,NULL,NULL,'2025-07-10 09:32:19','2025-07-10 09:32:19',NULL),(35926,48,1,'activo',NULL,NULL,NULL,NULL,'2025-07-25',NULL,NULL,NULL,NULL,'2025-07-10 09:32:19','2025-07-10 09:32:19',NULL),(35927,22,1,'activo',NULL,NULL,NULL,NULL,'2025-07-21',NULL,NULL,NULL,NULL,'2025-07-10 09:32:19','2025-07-10 09:32:19',NULL),(35928,22,1,'activo',NULL,NULL,NULL,NULL,'2025-07-22',NULL,NULL,NULL,NULL,'2025-07-10 09:32:19','2025-07-10 09:32:19',NULL),(35929,22,1,'activo',NULL,NULL,NULL,NULL,'2025-07-23',NULL,NULL,NULL,NULL,'2025-07-10 09:32:19','2025-07-10 09:32:19',NULL),(35930,22,1,'activo',NULL,NULL,NULL,NULL,'2025-07-24',NULL,NULL,NULL,NULL,'2025-07-10 09:32:19','2025-07-10 09:32:19',NULL),(35931,22,1,'activo',NULL,NULL,NULL,NULL,'2025-07-25',NULL,NULL,NULL,NULL,'2025-07-10 09:32:19','2025-07-10 09:32:19',NULL),(35932,24,1,'activo',NULL,NULL,NULL,NULL,'2025-07-21',NULL,NULL,NULL,NULL,'2025-07-10 09:32:19','2025-07-10 09:32:19',NULL),(35933,24,1,'activo',NULL,NULL,NULL,NULL,'2025-07-22',NULL,NULL,NULL,NULL,'2025-07-10 09:32:19','2025-07-10 09:32:19',NULL),(35934,24,1,'activo',NULL,NULL,NULL,NULL,'2025-07-23',NULL,NULL,NULL,NULL,'2025-07-10 09:32:20','2025-07-10 09:32:20',NULL),(35935,24,1,'activo',NULL,NULL,NULL,NULL,'2025-07-24',NULL,NULL,NULL,NULL,'2025-07-10 09:32:20','2025-07-10 09:32:20',NULL),(35936,24,1,'activo',NULL,NULL,NULL,NULL,'2025-07-25',NULL,NULL,NULL,NULL,'2025-07-10 09:32:20','2025-07-10 09:32:20',NULL),(35951,82,1,'activo',NULL,238,NULL,NULL,'2025-07-07',NULL,NULL,NULL,NULL,'2025-07-10 10:08:27','2025-07-10 10:08:27',NULL),(35952,83,1,'activo',NULL,238,NULL,NULL,'2025-07-08',NULL,NULL,NULL,NULL,'2025-07-10 10:15:39','2025-07-10 10:15:39',NULL),(35953,84,1,'activo',NULL,250,NULL,NULL,'2025-07-08',NULL,NULL,NULL,NULL,'2025-07-10 10:15:41','2025-07-10 10:15:41',NULL),(35954,85,1,'activo',NULL,254,NULL,NULL,'2025-07-17',NULL,NULL,NULL,NULL,'2025-07-10 10:15:47','2025-07-10 10:15:47',NULL),(35955,50,1,'activo',NULL,238,NULL,NULL,'2025-07-15',NULL,NULL,NULL,NULL,'2025-07-10 10:15:49','2025-07-10 10:15:49',NULL),(35956,82,1,'activo',NULL,238,NULL,NULL,'2025-07-14',NULL,NULL,NULL,NULL,'2025-07-10 10:15:51','2025-07-10 10:15:51',NULL),(35957,83,1,'activo',NULL,238,NULL,NULL,'2025-07-15',NULL,NULL,NULL,NULL,'2025-07-10 10:15:51','2025-07-10 10:15:51',NULL),(35958,84,1,'activo',NULL,250,NULL,NULL,'2025-07-15',NULL,NULL,NULL,NULL,'2025-07-10 10:15:51','2025-07-10 10:15:51',NULL),(35959,67,1,'activo',NULL,NULL,NULL,NULL,'2025-07-09',NULL,NULL,NULL,NULL,'2025-07-10 10:47:04','2025-07-10 10:47:04',NULL),(35960,67,1,'activo',NULL,NULL,'13:54:00','14:57:00','2025-07-10',NULL,NULL,NULL,NULL,'2025-07-10 10:47:04','2025-07-18 09:58:00',NULL),(35961,67,1,'activo',NULL,2,'05:00:00','13:00:00','2025-07-11',NULL,NULL,NULL,NULL,'2025-07-10 10:47:04','2025-07-18 09:54:10',NULL),(35962,67,2,'activo',NULL,1,NULL,NULL,'2025-07-14',NULL,NULL,NULL,NULL,'2025-07-10 16:40:32','2025-07-10 16:40:32',NULL),(35963,67,2,'activo',NULL,1,NULL,NULL,'2025-07-15',NULL,NULL,NULL,NULL,'2025-07-10 16:40:32','2025-07-10 16:40:32',NULL),(35964,67,2,'activo',NULL,NULL,NULL,NULL,'2025-07-16',NULL,NULL,NULL,NULL,'2025-07-10 16:40:32','2025-07-16 12:20:14',NULL),(35965,67,2,'activo',NULL,1,NULL,NULL,'2025-07-17',NULL,NULL,NULL,NULL,'2025-07-10 16:40:32','2025-07-10 16:40:32',NULL),(35966,67,2,'activo',NULL,1,NULL,NULL,'2025-07-18',NULL,NULL,NULL,NULL,'2025-07-10 16:40:32','2025-07-10 16:40:32',NULL),(35967,67,1,'activo',NULL,1,NULL,NULL,'2025-07-21',NULL,NULL,NULL,NULL,'2025-07-10 16:40:32','2025-07-10 16:40:32',NULL),(35968,67,1,'activo',NULL,1,NULL,NULL,'2025-07-22',NULL,NULL,NULL,NULL,'2025-07-10 16:40:32','2025-07-10 16:40:32',NULL),(35969,67,1,'activo',NULL,1,NULL,NULL,'2025-07-23',NULL,NULL,NULL,NULL,'2025-07-10 16:40:32','2025-07-10 16:40:32',NULL),(35970,67,1,'activo',NULL,1,NULL,NULL,'2025-07-24',NULL,NULL,NULL,NULL,'2025-07-10 16:40:32','2025-07-10 16:40:32',NULL),(35971,67,1,'activo',NULL,1,NULL,NULL,'2025-07-25',NULL,NULL,NULL,NULL,'2025-07-10 16:40:32','2025-07-10 16:40:32',NULL),(35972,67,2,'activo',NULL,1,NULL,NULL,'2025-07-28',NULL,NULL,NULL,NULL,'2025-07-10 16:40:32','2025-07-10 16:40:32',NULL),(35973,67,2,'activo',NULL,1,NULL,NULL,'2025-07-29',NULL,NULL,NULL,NULL,'2025-07-10 16:40:32','2025-07-10 16:40:32',NULL),(35974,67,2,'activo',NULL,1,NULL,NULL,'2025-07-30',NULL,NULL,NULL,NULL,'2025-07-10 16:40:32','2025-07-10 16:40:32',NULL),(35975,67,2,'activo',NULL,1,NULL,NULL,'2025-07-31',NULL,NULL,NULL,NULL,'2025-07-10 16:40:32','2025-07-10 16:40:32',NULL),(35976,67,2,'activo',NULL,1,NULL,NULL,'2025-08-01',NULL,NULL,NULL,NULL,'2025-07-10 16:40:32','2025-07-10 16:40:32',NULL),(35977,67,1,'activo',NULL,NULL,NULL,NULL,'2025-08-04',NULL,NULL,NULL,NULL,'2025-07-10 16:40:32','2025-07-31 09:11:05',NULL),(35978,67,1,'activo',NULL,NULL,NULL,NULL,'2025-08-06',NULL,NULL,NULL,NULL,'2025-07-10 16:40:32','2025-08-11 17:08:00',NULL),(35979,67,1,'activo',NULL,1,NULL,NULL,'2025-08-07',NULL,NULL,NULL,NULL,'2025-07-10 16:40:32','2025-08-11 11:49:45',NULL),(35980,67,1,'activo',NULL,1,NULL,NULL,'2025-08-08',NULL,NULL,NULL,NULL,'2025-07-10 16:40:32','2025-07-10 16:40:32',NULL),(35985,67,1,'activo',NULL,NULL,NULL,NULL,'2025-08-18',NULL,NULL,NULL,NULL,'2025-07-10 16:40:32','2025-08-18 09:32:17',NULL),(35986,67,3,'activo',NULL,1,NULL,NULL,'2025-08-19',NULL,NULL,NULL,NULL,'2025-07-10 16:40:32','2025-08-11 17:55:54',NULL),(35987,67,3,'activo',NULL,NULL,NULL,NULL,'2025-08-20',NULL,NULL,NULL,NULL,'2025-07-10 16:40:32','2025-08-18 09:32:12',NULL),(35990,67,2,'activo',NULL,1,NULL,NULL,'2025-08-25',NULL,NULL,NULL,NULL,'2025-07-10 16:40:32','2025-07-10 16:40:32',NULL),(35991,67,2,'activo',NULL,1,NULL,NULL,'2025-08-26',NULL,NULL,NULL,NULL,'2025-07-10 16:40:32','2025-07-10 16:40:32',NULL),(35992,67,2,'activo',NULL,1,NULL,NULL,'2025-08-27',NULL,NULL,NULL,NULL,'2025-07-10 16:40:32','2025-07-10 16:40:32',NULL),(35993,67,2,'activo',NULL,1,NULL,NULL,'2025-08-28',NULL,NULL,NULL,NULL,'2025-07-10 16:40:32','2025-07-10 16:40:32',NULL),(35994,67,2,'activo',NULL,1,NULL,NULL,'2025-08-29',NULL,NULL,NULL,NULL,'2025-07-10 16:40:32','2025-07-10 16:40:32',NULL),(35995,67,1,'activo',NULL,1,NULL,NULL,'2025-09-01',NULL,NULL,NULL,NULL,'2025-07-10 16:40:32','2025-07-10 16:40:32',NULL),(35996,67,1,'activo',NULL,1,NULL,NULL,'2025-09-02',NULL,NULL,NULL,NULL,'2025-07-10 16:40:32','2025-07-10 16:40:32',NULL),(35997,67,1,'activo',NULL,1,NULL,NULL,'2025-09-03',NULL,NULL,NULL,NULL,'2025-07-10 16:40:32','2025-07-10 16:40:32',NULL),(35998,67,1,'activo',NULL,1,NULL,NULL,'2025-09-04',NULL,NULL,NULL,NULL,'2025-07-10 16:40:32','2025-07-10 16:40:32',NULL),(35999,67,1,'activo',NULL,1,NULL,NULL,'2025-09-05',NULL,NULL,NULL,NULL,'2025-07-10 16:40:32','2025-07-10 16:40:32',NULL),(36000,67,2,'activo',NULL,1,NULL,NULL,'2025-09-08',NULL,NULL,NULL,NULL,'2025-07-10 16:40:32','2025-07-10 16:40:32',NULL),(36001,67,2,'activo',NULL,1,NULL,NULL,'2025-09-09',NULL,NULL,NULL,NULL,'2025-07-10 16:40:32','2025-07-10 16:40:32',NULL),(36002,67,2,'activo',NULL,1,NULL,NULL,'2025-09-10',NULL,NULL,NULL,NULL,'2025-07-10 16:40:32','2025-07-10 16:40:32',NULL),(36003,67,2,'activo',NULL,1,NULL,NULL,'2025-09-11',NULL,NULL,NULL,NULL,'2025-07-10 16:40:32','2025-07-10 16:40:32',NULL),(36004,67,2,'activo',NULL,1,NULL,NULL,'2025-09-12',NULL,NULL,NULL,NULL,'2025-07-10 16:40:32','2025-07-10 16:40:32',NULL),(36005,67,1,'activo',NULL,1,NULL,NULL,'2025-09-15',NULL,NULL,NULL,NULL,'2025-07-10 16:40:32','2025-07-10 16:40:32',NULL),(36006,67,1,'activo',NULL,1,NULL,NULL,'2025-09-16',NULL,NULL,NULL,NULL,'2025-07-10 16:40:32','2025-07-10 16:40:32',NULL),(36007,67,1,'activo',NULL,1,NULL,NULL,'2025-09-17',NULL,NULL,NULL,NULL,'2025-07-10 16:40:32','2025-07-10 16:40:32',NULL),(36008,67,1,'activo',NULL,1,NULL,NULL,'2025-09-18',NULL,NULL,NULL,NULL,'2025-07-10 16:40:32','2025-07-10 16:40:32',NULL),(36009,67,1,'activo',NULL,1,NULL,NULL,'2025-09-19',NULL,NULL,NULL,NULL,'2025-07-10 16:40:32','2025-07-10 16:40:32',NULL),(36010,67,2,'activo',NULL,1,NULL,NULL,'2025-09-22',NULL,NULL,NULL,NULL,'2025-07-10 16:40:32','2025-07-10 16:40:32',NULL),(36011,67,2,'activo',NULL,1,NULL,NULL,'2025-09-23',NULL,NULL,NULL,NULL,'2025-07-10 16:40:32','2025-07-10 16:40:32',NULL),(36012,67,2,'activo',NULL,1,NULL,NULL,'2025-09-24',NULL,NULL,NULL,NULL,'2025-07-10 16:40:32','2025-07-10 16:40:32',NULL),(36013,67,2,'activo',NULL,1,NULL,NULL,'2025-09-26',NULL,NULL,NULL,NULL,'2025-07-10 16:40:32','2025-07-10 16:40:32',NULL),(36014,67,1,'activo',NULL,1,NULL,NULL,'2025-09-29',NULL,NULL,NULL,NULL,'2025-07-10 16:40:32','2025-07-10 16:40:32',NULL),(36015,67,1,'activo',NULL,1,NULL,NULL,'2025-09-30',NULL,NULL,NULL,NULL,'2025-07-10 16:40:32','2025-07-10 16:40:32',NULL),(36016,67,1,'activo',NULL,1,NULL,NULL,'2025-10-01',NULL,NULL,NULL,NULL,'2025-07-10 16:40:32','2025-07-10 16:40:32',NULL),(36017,67,1,'activo',NULL,1,NULL,NULL,'2025-10-02',NULL,NULL,NULL,NULL,'2025-07-10 16:40:32','2025-07-10 16:40:32',NULL),(36018,67,1,'activo',NULL,1,NULL,NULL,'2025-10-03',NULL,NULL,NULL,NULL,'2025-07-10 16:40:32','2025-07-10 16:40:32',NULL),(36019,67,2,'activo',NULL,1,NULL,NULL,'2025-10-06',NULL,NULL,NULL,NULL,'2025-07-10 16:40:32','2025-07-10 16:40:32',NULL),(36020,67,2,'activo',NULL,1,NULL,NULL,'2025-10-07',NULL,NULL,NULL,NULL,'2025-07-10 16:40:32','2025-07-10 16:40:32',NULL),(36021,67,2,'activo',NULL,1,NULL,NULL,'2025-10-08',NULL,NULL,NULL,NULL,'2025-07-10 16:40:32','2025-07-10 16:40:32',NULL),(36022,67,2,'activo',NULL,1,NULL,NULL,'2025-10-09',NULL,NULL,NULL,NULL,'2025-07-10 16:40:32','2025-07-10 16:40:32',NULL),(36023,67,2,'activo',NULL,1,NULL,NULL,'2025-10-10',NULL,NULL,NULL,NULL,'2025-07-10 16:40:32','2025-07-10 16:40:32',NULL),(36024,67,1,'activo',NULL,1,NULL,NULL,'2025-10-13',NULL,NULL,NULL,NULL,'2025-07-10 16:40:32','2025-07-10 16:40:32',NULL),(36025,67,1,'activo',NULL,1,NULL,NULL,'2025-10-14',NULL,NULL,NULL,NULL,'2025-07-10 16:40:32','2025-07-10 16:40:32',NULL),(36026,67,1,'activo',NULL,1,NULL,NULL,'2025-10-15',NULL,NULL,NULL,NULL,'2025-07-10 16:40:32','2025-07-10 16:40:32',NULL),(36027,67,1,'activo',NULL,1,NULL,NULL,'2025-10-16',NULL,NULL,NULL,NULL,'2025-07-10 16:40:32','2025-07-10 16:40:32',NULL),(36028,67,1,'activo',NULL,1,NULL,NULL,'2025-10-17',NULL,NULL,NULL,NULL,'2025-07-10 16:40:32','2025-07-10 16:40:32',NULL),(36029,67,2,'activo',NULL,1,NULL,NULL,'2025-10-20',NULL,NULL,NULL,NULL,'2025-07-10 16:40:32','2025-07-10 16:40:32',NULL),(36030,67,2,'activo',NULL,1,NULL,NULL,'2025-10-21',NULL,NULL,NULL,NULL,'2025-07-10 16:40:32','2025-07-10 16:40:32',NULL),(36031,67,2,'activo',NULL,1,NULL,NULL,'2025-10-22',NULL,NULL,NULL,NULL,'2025-07-10 16:40:32','2025-07-10 16:40:32',NULL),(36032,67,2,'activo',NULL,1,NULL,NULL,'2025-10-23',NULL,NULL,NULL,NULL,'2025-07-10 16:40:32','2025-07-10 16:40:32',NULL),(36033,67,2,'activo',NULL,1,NULL,NULL,'2025-10-24',NULL,NULL,NULL,NULL,'2025-07-10 16:40:32','2025-07-10 16:40:32',NULL),(36034,67,1,'activo',NULL,1,NULL,NULL,'2025-10-27',NULL,NULL,NULL,NULL,'2025-07-10 16:40:32','2025-07-10 16:40:32',NULL),(36035,67,1,'activo',NULL,1,NULL,NULL,'2025-10-28',NULL,NULL,NULL,NULL,'2025-07-10 16:40:32','2025-07-10 16:40:32',NULL),(36036,67,1,'activo',NULL,1,NULL,NULL,'2025-10-29',NULL,NULL,NULL,NULL,'2025-07-10 16:40:32','2025-07-10 16:40:32',NULL),(36037,67,1,'activo',NULL,1,NULL,NULL,'2025-10-30','documentos/Marco_67/justificantes_asistencia/2025-10-30_1764431320.jpg',8.00,'esto es una observacion','2025-11-29 15:48:40','2025-07-10 16:40:32','2025-11-29 15:48:40',NULL),(36038,67,1,'activo',NULL,1,NULL,NULL,'2025-10-31',NULL,NULL,NULL,NULL,'2025-07-10 16:40:32','2025-07-10 16:40:32',NULL),(36039,67,2,'activo',NULL,1,NULL,NULL,'2025-11-03',NULL,NULL,NULL,NULL,'2025-07-10 16:40:32','2025-07-10 16:40:32',NULL),(36040,67,2,'activo',NULL,1,NULL,NULL,'2025-11-04',NULL,NULL,NULL,NULL,'2025-07-10 16:40:32','2025-07-10 16:40:32',NULL),(36041,67,2,'activo',NULL,1,NULL,NULL,'2025-11-05',NULL,NULL,NULL,NULL,'2025-07-10 16:40:32','2025-07-10 16:40:32',NULL),(36042,67,2,'activo',NULL,1,NULL,NULL,'2025-11-06',NULL,NULL,NULL,NULL,'2025-07-10 16:40:32','2025-07-10 16:40:32',NULL),(36043,67,2,'activo',NULL,1,NULL,NULL,'2025-11-07',NULL,NULL,NULL,NULL,'2025-07-10 16:40:32','2025-07-10 16:40:32',NULL),(36044,67,1,'activo',NULL,1,NULL,NULL,'2025-11-10',NULL,NULL,NULL,NULL,'2025-07-10 16:40:32','2025-07-10 16:40:32',NULL),(36045,67,1,'activo',20,2,NULL,NULL,'2025-11-11',NULL,NULL,NULL,NULL,'2025-07-10 16:40:32','2025-11-15 19:35:37',NULL),(36046,67,1,'activo',20,2,NULL,NULL,'2025-11-12',NULL,NULL,NULL,NULL,'2025-07-10 16:40:32','2025-11-15 19:35:50',NULL),(36047,67,1,'activo',20,2,NULL,NULL,'2025-11-13',NULL,NULL,NULL,NULL,'2025-07-10 16:40:32','2025-11-15 19:35:50',NULL),(36048,67,1,'activo',20,2,NULL,NULL,'2025-11-14',NULL,NULL,NULL,NULL,'2025-07-10 16:40:32','2025-11-15 19:35:50',NULL),(36049,67,2,'activo',20,2,NULL,NULL,'2025-11-17',NULL,NULL,NULL,NULL,'2025-07-10 16:40:32','2025-11-15 19:35:50',NULL),(36050,67,2,'activo',20,2,NULL,NULL,'2025-11-18',NULL,NULL,NULL,NULL,'2025-07-10 16:40:32','2025-11-15 19:35:50',NULL),(36051,67,2,'activo',4,2,NULL,NULL,'2025-11-19',NULL,NULL,NULL,NULL,'2025-07-10 16:40:32','2025-11-19 10:24:18',NULL),(36052,67,2,'activo',20,2,NULL,NULL,'2025-11-20',NULL,NULL,NULL,NULL,'2025-07-10 16:40:32','2025-11-15 19:35:50',NULL),(36053,67,2,'activo',20,2,NULL,NULL,'2025-11-21',NULL,NULL,NULL,NULL,'2025-07-10 16:40:32','2025-11-15 19:35:50',NULL),(36054,67,1,'activo',20,2,NULL,NULL,'2025-11-24',NULL,NULL,NULL,NULL,'2025-07-10 16:40:32','2025-11-29 19:25:34','2025-11-29 19:25:34'),(36055,67,1,'activo',20,2,'06:00:00','14:00:00','2025-11-25',NULL,NULL,NULL,NULL,'2025-07-10 16:40:32','2025-11-29 17:16:11','2025-11-29 17:16:11'),(36056,67,1,'activo',20,2,'06:00:00','14:00:00','2025-11-26',NULL,NULL,NULL,NULL,'2025-07-10 16:40:32','2025-11-29 17:25:09','2025-11-29 17:25:09'),(36057,67,1,'activo',20,2,'06:00:00','14:00:00','2025-11-27','documentos/Marco_67/justificantes_asistencia/2025-11-27_1764435324.jpg',4.00,NULL,'2025-11-29 16:55:24','2025-07-10 16:40:32','2025-11-29 19:25:34','2025-11-29 19:25:34'),(36058,67,1,'activo',20,2,'06:00:00','14:00:00','2025-11-28',NULL,NULL,NULL,NULL,'2025-07-10 16:40:32','2025-11-29 19:25:34','2025-11-29 19:25:34'),(36059,67,2,'activo',20,2,NULL,NULL,'2025-12-01',NULL,NULL,NULL,NULL,'2025-07-10 16:40:32','2025-11-29 19:14:11','2025-11-29 19:14:11'),(36060,67,2,'activo',20,2,NULL,NULL,'2025-12-02',NULL,NULL,NULL,NULL,'2025-07-10 16:40:32','2025-11-29 19:14:11','2025-11-29 19:14:11'),(36061,67,2,'activo',20,2,NULL,NULL,'2025-12-03',NULL,NULL,NULL,NULL,'2025-07-10 16:40:32','2025-11-29 19:14:11','2025-11-29 19:14:11'),(36062,67,2,'activo',20,2,NULL,NULL,'2025-12-04',NULL,NULL,NULL,NULL,'2025-07-10 16:40:32','2025-11-29 19:14:12','2025-11-29 19:14:12'),(36063,67,1,'activo',1,1,NULL,NULL,'2025-12-05',NULL,NULL,NULL,NULL,'2025-07-10 16:40:32','2025-11-30 17:35:21',NULL),(36064,67,1,'activo',20,2,NULL,NULL,'2025-12-09',NULL,NULL,NULL,NULL,'2025-07-10 16:40:32','2025-11-15 19:35:50',NULL),(36065,67,3,'activo',18,2,NULL,NULL,'2025-12-10',NULL,NULL,NULL,NULL,'2025-07-10 16:40:32','2025-12-08 19:36:36',NULL),(36066,67,1,'activo',20,2,NULL,NULL,'2025-12-11',NULL,NULL,NULL,NULL,'2025-07-10 16:40:32','2025-11-15 19:35:50',NULL),(36067,67,1,'activo',20,2,NULL,NULL,'2025-12-12',NULL,NULL,NULL,NULL,'2025-07-10 16:40:32','2025-11-15 19:35:50',NULL),(36068,67,2,'activo',20,2,NULL,NULL,'2025-12-15',NULL,NULL,NULL,NULL,'2025-07-10 16:40:32','2025-11-15 19:35:50',NULL),(36069,67,2,'activo',20,2,NULL,NULL,'2025-12-16',NULL,NULL,NULL,NULL,'2025-07-10 16:40:32','2025-11-15 19:35:50',NULL),(36070,67,2,'activo',20,2,NULL,NULL,'2025-12-17',NULL,NULL,NULL,NULL,'2025-07-10 16:40:32','2025-11-15 19:35:50',NULL),(36071,67,2,'activo',20,2,NULL,NULL,'2025-12-18',NULL,NULL,NULL,NULL,'2025-07-10 16:40:32','2025-11-15 19:35:50',NULL),(36072,67,2,'activo',20,2,NULL,NULL,'2025-12-19',NULL,NULL,NULL,NULL,'2025-07-10 16:40:32','2025-11-15 19:35:50',NULL),(36073,67,1,'activo',20,2,NULL,NULL,'2025-12-22',NULL,NULL,NULL,NULL,'2025-07-10 16:40:32','2025-11-15 19:35:50',NULL),(36074,67,1,'activo',20,2,NULL,NULL,'2025-12-23',NULL,NULL,NULL,NULL,'2025-07-10 16:40:32','2025-11-15 19:35:50',NULL),(36075,67,1,'activo',20,2,NULL,NULL,'2025-12-24',NULL,NULL,NULL,NULL,'2025-07-10 16:40:32','2025-11-15 19:35:50',NULL),(36076,67,1,'activo',20,2,NULL,NULL,'2025-12-26',NULL,NULL,NULL,NULL,'2025-07-10 16:40:32','2025-11-15 19:35:50',NULL),(36077,67,2,'activo',20,2,NULL,NULL,'2025-12-29',NULL,NULL,NULL,NULL,'2025-07-10 16:40:32','2025-11-15 19:35:50',NULL),(36078,67,2,'activo',20,2,NULL,NULL,'2025-12-30',NULL,NULL,NULL,NULL,'2025-07-10 16:40:32','2025-11-15 19:35:50',NULL),(36079,67,2,'activo',20,2,NULL,NULL,'2025-12-31',NULL,NULL,NULL,NULL,'2025-07-10 16:40:32','2025-11-15 19:35:50',NULL),(36080,26,1,'activo',NULL,2,NULL,NULL,'2025-07-21',NULL,NULL,NULL,NULL,'2025-07-18 08:28:05','2025-07-18 08:38:09',NULL),(36081,26,1,'activo',NULL,1,NULL,NULL,'2025-07-22',NULL,NULL,NULL,NULL,'2025-07-18 08:28:05','2025-07-18 08:28:05',NULL),(36082,26,1,'activo',NULL,1,NULL,NULL,'2025-07-23',NULL,NULL,NULL,NULL,'2025-07-18 08:28:05','2025-07-18 08:28:05',NULL),(36083,26,1,'activo',NULL,1,NULL,NULL,'2025-07-24',NULL,NULL,NULL,NULL,'2025-07-18 08:28:05','2025-07-18 08:28:05',NULL),(36084,26,1,'activo',NULL,1,NULL,NULL,'2025-07-25',NULL,NULL,NULL,NULL,'2025-07-18 08:28:05','2025-07-18 08:28:05',NULL),(36085,26,1,'activo',NULL,1,NULL,NULL,'2025-07-28',NULL,NULL,NULL,NULL,'2025-07-18 08:28:05','2025-07-18 08:28:05',NULL),(36086,26,1,'activo',NULL,NULL,NULL,NULL,'2025-07-29',NULL,NULL,NULL,NULL,'2025-07-18 08:28:05','2025-07-31 09:12:18',NULL),(36087,26,1,'activo',NULL,1,NULL,NULL,'2025-07-30',NULL,NULL,NULL,NULL,'2025-07-18 08:28:05','2025-07-18 08:28:05',NULL),(36088,26,1,'activo',NULL,1,NULL,NULL,'2025-07-31',NULL,NULL,NULL,NULL,'2025-07-18 08:28:05','2025-07-18 08:28:05',NULL),(36089,26,1,'activo',NULL,1,NULL,NULL,'2025-08-01',NULL,NULL,NULL,NULL,'2025-07-18 08:28:05','2025-07-18 08:28:05',NULL),(36090,26,1,'activo',NULL,1,NULL,NULL,'2025-08-04',NULL,NULL,NULL,NULL,'2025-07-18 08:28:05','2025-07-18 08:28:05',NULL),(36091,26,1,'activo',NULL,1,NULL,NULL,'2025-08-06',NULL,NULL,NULL,NULL,'2025-07-18 08:28:05','2025-07-18 08:28:05',NULL),(36092,26,1,'activo',NULL,1,NULL,NULL,'2025-08-07',NULL,NULL,NULL,NULL,'2025-07-18 08:28:05','2025-07-18 08:28:05',NULL),(36093,26,1,'activo',NULL,1,NULL,NULL,'2025-08-08',NULL,NULL,NULL,NULL,'2025-07-18 08:28:05','2025-07-18 08:28:05',NULL),(36094,26,3,'activo',NULL,2,NULL,NULL,'2025-08-11',NULL,NULL,NULL,NULL,'2025-07-18 08:28:05','2025-08-11 12:00:54',NULL),(36096,26,1,'activo',NULL,NULL,NULL,NULL,'2025-08-13',NULL,NULL,NULL,NULL,'2025-07-18 08:28:05','2025-08-11 23:03:02',NULL),(36098,26,1,'activo',NULL,1,NULL,NULL,'2025-08-18',NULL,NULL,NULL,NULL,'2025-07-18 08:28:05','2025-07-18 08:28:05',NULL),(36099,26,1,'activo',NULL,1,NULL,NULL,'2025-08-19',NULL,NULL,NULL,NULL,'2025-07-18 08:28:05','2025-07-18 08:28:05',NULL),(36100,26,1,'activo',NULL,1,NULL,NULL,'2025-08-20',NULL,NULL,NULL,NULL,'2025-07-18 08:28:05','2025-07-18 08:28:05',NULL),(36101,26,1,'activo',NULL,1,NULL,NULL,'2025-08-21',NULL,NULL,NULL,NULL,'2025-07-18 08:28:05','2025-07-18 08:28:05',NULL),(36102,26,1,'activo',NULL,1,NULL,NULL,'2025-08-22',NULL,NULL,NULL,NULL,'2025-07-18 08:28:05','2025-07-18 08:28:05',NULL),(36103,26,1,'activo',NULL,1,NULL,NULL,'2025-08-25',NULL,NULL,NULL,NULL,'2025-07-18 08:28:05','2025-07-18 08:28:05',NULL),(36104,26,1,'activo',NULL,1,NULL,NULL,'2025-08-26',NULL,NULL,NULL,NULL,'2025-07-18 08:28:05','2025-07-18 08:28:05',NULL),(36105,26,1,'activo',NULL,1,NULL,NULL,'2025-08-27',NULL,NULL,NULL,NULL,'2025-07-18 08:28:05','2025-07-18 08:28:05',NULL),(36106,26,1,'activo',NULL,1,NULL,NULL,'2025-08-28',NULL,NULL,NULL,NULL,'2025-07-18 08:28:05','2025-07-18 08:28:05',NULL),(36107,26,1,'activo',NULL,1,NULL,NULL,'2025-08-29',NULL,NULL,NULL,NULL,'2025-07-18 08:28:05','2025-07-18 08:28:05',NULL),(36108,26,1,'activo',NULL,1,NULL,NULL,'2025-09-01',NULL,NULL,NULL,NULL,'2025-07-18 08:28:05','2025-07-18 08:28:05',NULL),(36109,26,1,'activo',NULL,1,NULL,NULL,'2025-09-02',NULL,NULL,NULL,NULL,'2025-07-18 08:28:05','2025-07-18 08:28:05',NULL),(36110,26,1,'activo',NULL,1,NULL,NULL,'2025-09-03',NULL,NULL,NULL,NULL,'2025-07-18 08:28:05','2025-07-18 08:28:05',NULL),(36111,26,1,'activo',NULL,1,NULL,NULL,'2025-09-04',NULL,NULL,NULL,NULL,'2025-07-18 08:28:05','2025-07-18 08:28:05',NULL),(36112,26,1,'activo',NULL,1,NULL,NULL,'2025-09-05',NULL,NULL,NULL,NULL,'2025-07-18 08:28:05','2025-07-18 08:28:05',NULL),(36113,26,1,'activo',NULL,1,NULL,NULL,'2025-09-08',NULL,NULL,NULL,NULL,'2025-07-18 08:28:05','2025-07-18 08:28:05',NULL),(36114,26,1,'activo',NULL,1,NULL,NULL,'2025-09-09',NULL,NULL,NULL,NULL,'2025-07-18 08:28:05','2025-07-18 08:28:05',NULL),(36115,26,1,'activo',NULL,1,NULL,NULL,'2025-09-10',NULL,NULL,NULL,NULL,'2025-07-18 08:28:05','2025-07-18 08:28:05',NULL),(36116,26,1,'activo',NULL,1,NULL,NULL,'2025-09-11',NULL,NULL,NULL,NULL,'2025-07-18 08:28:05','2025-07-18 08:28:05',NULL),(36117,26,1,'activo',NULL,1,NULL,NULL,'2025-09-12',NULL,NULL,NULL,NULL,'2025-07-18 08:28:05','2025-07-18 08:28:05',NULL),(36118,26,1,'activo',NULL,1,NULL,NULL,'2025-09-15',NULL,NULL,NULL,NULL,'2025-07-18 08:28:05','2025-07-18 08:28:05',NULL),(36119,26,1,'activo',NULL,1,NULL,NULL,'2025-09-16',NULL,NULL,NULL,NULL,'2025-07-18 08:28:05','2025-07-18 08:28:05',NULL),(36120,26,1,'activo',NULL,1,NULL,NULL,'2025-09-17',NULL,NULL,NULL,NULL,'2025-07-18 08:28:05','2025-07-18 08:28:05',NULL),(36121,26,1,'activo',NULL,1,NULL,NULL,'2025-09-18',NULL,NULL,NULL,NULL,'2025-07-18 08:28:05','2025-07-18 08:28:05',NULL),(36122,26,1,'activo',NULL,1,NULL,NULL,'2025-09-19',NULL,NULL,NULL,NULL,'2025-07-18 08:28:05','2025-07-18 08:28:05',NULL),(36123,26,1,'activo',NULL,1,NULL,NULL,'2025-09-22',NULL,NULL,NULL,NULL,'2025-07-18 08:28:05','2025-07-18 08:28:05',NULL),(36124,26,1,'activo',NULL,1,NULL,NULL,'2025-09-23',NULL,NULL,NULL,NULL,'2025-07-18 08:28:05','2025-07-18 08:28:05',NULL),(36125,26,1,'activo',NULL,1,NULL,NULL,'2025-09-24',NULL,NULL,NULL,NULL,'2025-07-18 08:28:05','2025-07-18 08:28:05',NULL),(36126,26,1,'activo',NULL,1,NULL,NULL,'2025-09-26',NULL,NULL,NULL,NULL,'2025-07-18 08:28:05','2025-07-18 08:28:05',NULL),(36127,26,1,'activo',NULL,1,NULL,NULL,'2025-09-29',NULL,NULL,NULL,NULL,'2025-07-18 08:28:05','2025-07-18 08:28:05',NULL),(36128,26,1,'activo',NULL,1,NULL,NULL,'2025-09-30',NULL,NULL,NULL,NULL,'2025-07-18 08:28:05','2025-07-18 08:28:05',NULL),(36129,26,1,'activo',NULL,1,NULL,NULL,'2025-10-01',NULL,NULL,NULL,NULL,'2025-07-18 08:28:05','2025-07-18 08:28:05',NULL),(36130,26,1,'activo',NULL,1,NULL,NULL,'2025-10-02',NULL,NULL,NULL,NULL,'2025-07-18 08:28:05','2025-07-18 08:28:05',NULL),(36131,26,1,'activo',NULL,1,NULL,NULL,'2025-10-03',NULL,NULL,NULL,NULL,'2025-07-18 08:28:05','2025-07-18 08:28:05',NULL),(36132,26,1,'activo',NULL,1,NULL,NULL,'2025-10-06',NULL,NULL,NULL,NULL,'2025-07-18 08:28:05','2025-07-18 08:28:05',NULL),(36133,26,1,'activo',NULL,1,NULL,NULL,'2025-10-07',NULL,NULL,NULL,NULL,'2025-07-18 08:28:05','2025-07-18 08:28:05',NULL),(36134,26,1,'activo',NULL,1,NULL,NULL,'2025-10-08',NULL,NULL,NULL,NULL,'2025-07-18 08:28:05','2025-07-18 08:28:05',NULL),(36135,26,1,'activo',NULL,1,NULL,NULL,'2025-10-09',NULL,NULL,NULL,NULL,'2025-07-18 08:28:05','2025-07-18 08:28:05',NULL),(36136,26,1,'activo',NULL,1,NULL,NULL,'2025-10-10',NULL,NULL,NULL,NULL,'2025-07-18 08:28:05','2025-07-18 08:28:05',NULL),(36137,26,1,'activo',NULL,1,NULL,NULL,'2025-10-13',NULL,NULL,NULL,NULL,'2025-07-18 08:28:05','2025-07-18 08:28:05',NULL),(36138,26,1,'activo',NULL,1,NULL,NULL,'2025-10-14',NULL,NULL,NULL,NULL,'2025-07-18 08:28:05','2025-07-18 08:28:05',NULL),(36139,26,1,'activo',NULL,1,NULL,NULL,'2025-10-15',NULL,NULL,NULL,NULL,'2025-07-18 08:28:05','2025-07-18 08:28:05',NULL),(36140,26,1,'activo',NULL,1,NULL,NULL,'2025-10-16',NULL,NULL,NULL,NULL,'2025-07-18 08:28:05','2025-07-18 08:28:05',NULL),(36141,26,1,'activo',NULL,1,NULL,NULL,'2025-10-17',NULL,NULL,NULL,NULL,'2025-07-18 08:28:05','2025-07-18 08:28:05',NULL),(36142,26,1,'activo',NULL,1,NULL,NULL,'2025-10-20',NULL,NULL,NULL,NULL,'2025-07-18 08:28:05','2025-07-18 08:28:05',NULL),(36143,26,1,'activo',NULL,1,NULL,NULL,'2025-10-21',NULL,NULL,NULL,NULL,'2025-07-18 08:28:05','2025-07-18 08:28:05',NULL),(36144,26,1,'activo',NULL,1,NULL,NULL,'2025-10-22',NULL,NULL,NULL,NULL,'2025-07-18 08:28:05','2025-07-18 08:28:05',NULL),(36145,26,1,'activo',NULL,1,NULL,NULL,'2025-10-23',NULL,NULL,NULL,NULL,'2025-07-18 08:28:05','2025-07-18 08:28:05',NULL),(36146,26,1,'activo',NULL,1,NULL,NULL,'2025-10-24',NULL,NULL,NULL,NULL,'2025-07-18 08:28:05','2025-07-18 08:28:05',NULL),(36147,26,1,'activo',NULL,1,NULL,NULL,'2025-10-27',NULL,NULL,NULL,NULL,'2025-07-18 08:28:05','2025-07-18 08:28:05',NULL),(36148,26,1,'activo',NULL,1,NULL,NULL,'2025-10-28',NULL,NULL,NULL,NULL,'2025-07-18 08:28:05','2025-07-18 08:28:05',NULL),(36149,26,1,'activo',NULL,1,NULL,NULL,'2025-10-29',NULL,NULL,NULL,NULL,'2025-07-18 08:28:05','2025-07-18 08:28:05',NULL),(36150,26,1,'activo',NULL,1,NULL,NULL,'2025-10-30',NULL,NULL,NULL,NULL,'2025-07-18 08:28:05','2025-07-18 08:28:05',NULL),(36151,26,1,'activo',NULL,1,NULL,NULL,'2025-10-31',NULL,NULL,NULL,NULL,'2025-07-18 08:28:05','2025-07-18 08:28:05',NULL),(36152,26,1,'activo',NULL,1,NULL,NULL,'2025-11-03',NULL,NULL,NULL,NULL,'2025-07-18 08:28:05','2025-07-18 08:28:05',NULL),(36153,26,1,'activo',NULL,1,NULL,NULL,'2025-11-04',NULL,NULL,NULL,NULL,'2025-07-18 08:28:05','2025-07-18 08:28:05',NULL),(36154,26,1,'activo',NULL,1,NULL,NULL,'2025-11-05',NULL,NULL,NULL,NULL,'2025-07-18 08:28:05','2025-07-18 08:28:05',NULL),(36155,26,1,'activo',NULL,1,NULL,NULL,'2025-11-06',NULL,NULL,NULL,NULL,'2025-07-18 08:28:05','2025-07-18 08:28:05',NULL),(36156,26,1,'activo',NULL,1,NULL,NULL,'2025-11-07',NULL,NULL,NULL,NULL,'2025-07-18 08:28:05','2025-07-18 08:28:05',NULL),(36157,26,1,'activo',NULL,1,NULL,NULL,'2025-11-10',NULL,NULL,NULL,NULL,'2025-07-18 08:28:05','2025-07-18 08:28:05',NULL),(36158,26,1,'activo',NULL,1,NULL,NULL,'2025-11-11',NULL,NULL,NULL,NULL,'2025-07-18 08:28:05','2025-07-18 08:28:05',NULL),(36159,26,1,'activo',16,NULL,NULL,NULL,'2025-11-12',NULL,NULL,NULL,NULL,'2025-07-18 08:28:05','2025-11-15 19:36:24',NULL),(36160,26,1,'activo',NULL,1,NULL,NULL,'2025-11-13',NULL,NULL,NULL,NULL,'2025-07-18 08:28:05','2025-07-18 08:28:05',NULL),(36161,26,1,'activo',16,NULL,NULL,NULL,'2025-11-14',NULL,NULL,NULL,NULL,'2025-07-18 08:28:05','2025-11-15 15:47:22',NULL),(36162,26,1,'activo',10,2,NULL,NULL,'2025-11-17',NULL,NULL,NULL,NULL,'2025-07-18 08:28:05','2025-11-19 10:25:19',NULL),(36163,26,1,'activo',NULL,1,NULL,NULL,'2025-11-18',NULL,NULL,NULL,NULL,'2025-07-18 08:28:05','2025-07-18 08:28:05',NULL),(36164,26,1,'activo',NULL,1,NULL,NULL,'2025-11-19',NULL,NULL,NULL,NULL,'2025-07-18 08:28:05','2025-07-18 08:28:05',NULL),(36165,26,1,'activo',NULL,1,NULL,NULL,'2025-11-20',NULL,NULL,NULL,NULL,'2025-07-18 08:28:05','2025-07-18 08:28:05',NULL),(36166,26,1,'activo',NULL,1,NULL,NULL,'2025-11-21',NULL,NULL,NULL,NULL,'2025-07-18 08:28:05','2025-07-18 08:28:05',NULL),(36167,26,1,'activo',NULL,1,NULL,NULL,'2025-11-24',NULL,NULL,NULL,NULL,'2025-07-18 08:28:05','2025-07-18 08:28:05',NULL),(36168,26,1,'activo',NULL,1,NULL,NULL,'2025-11-25',NULL,NULL,NULL,NULL,'2025-07-18 08:28:05','2025-07-18 08:28:05',NULL),(36169,26,1,'activo',NULL,1,NULL,NULL,'2025-11-26',NULL,NULL,NULL,NULL,'2025-07-18 08:28:05','2025-07-18 08:28:05',NULL),(36170,26,1,'activo',NULL,1,NULL,NULL,'2025-11-27',NULL,NULL,NULL,NULL,'2025-07-18 08:28:05','2025-07-18 08:28:05',NULL),(36171,26,1,'activo',NULL,1,NULL,NULL,'2025-11-28',NULL,NULL,NULL,NULL,'2025-07-18 08:28:05','2025-07-18 08:28:05',NULL),(36172,26,1,'activo',NULL,1,NULL,NULL,'2025-12-01',NULL,NULL,NULL,NULL,'2025-07-18 08:28:05','2025-07-18 08:28:05',NULL),(36173,26,1,'activo',NULL,1,NULL,NULL,'2025-12-02',NULL,NULL,NULL,NULL,'2025-07-18 08:28:05','2025-07-18 08:28:05',NULL),(36174,26,1,'activo',NULL,1,NULL,NULL,'2025-12-03',NULL,NULL,NULL,NULL,'2025-07-18 08:28:05','2025-07-18 08:28:05',NULL),(36175,26,1,'activo',NULL,1,NULL,NULL,'2025-12-04',NULL,NULL,NULL,NULL,'2025-07-18 08:28:05','2025-07-18 08:28:05',NULL),(36176,26,1,'activo',NULL,1,NULL,NULL,'2025-12-05',NULL,NULL,NULL,NULL,'2025-07-18 08:28:05','2025-07-18 08:28:05',NULL),(36177,26,1,'activo',NULL,1,NULL,NULL,'2025-12-09',NULL,NULL,NULL,NULL,'2025-07-18 08:28:05','2025-07-18 08:28:05',NULL),(36178,26,1,'activo',NULL,1,NULL,NULL,'2025-12-10',NULL,NULL,NULL,NULL,'2025-07-18 08:28:05','2025-07-18 08:28:05',NULL),(36179,26,1,'activo',NULL,1,NULL,NULL,'2025-12-11',NULL,NULL,NULL,NULL,'2025-07-18 08:28:05','2025-07-18 08:28:05',NULL),(36180,26,1,'activo',NULL,1,NULL,NULL,'2025-12-12',NULL,NULL,NULL,NULL,'2025-07-18 08:28:05','2025-07-18 08:28:05',NULL),(36181,26,1,'activo',NULL,1,NULL,NULL,'2025-12-15',NULL,NULL,NULL,NULL,'2025-07-18 08:28:05','2025-07-18 08:28:05',NULL),(36182,26,1,'activo',NULL,1,NULL,NULL,'2025-12-16',NULL,NULL,NULL,NULL,'2025-07-18 08:28:05','2025-07-18 08:28:05',NULL),(36183,26,1,'activo',NULL,1,NULL,NULL,'2025-12-17',NULL,NULL,NULL,NULL,'2025-07-18 08:28:05','2025-07-18 08:28:05',NULL),(36184,26,1,'activo',NULL,1,NULL,NULL,'2025-12-18',NULL,NULL,NULL,NULL,'2025-07-18 08:28:05','2025-07-18 08:28:05',NULL),(36185,26,1,'activo',NULL,1,NULL,NULL,'2025-12-19',NULL,NULL,NULL,NULL,'2025-07-18 08:28:05','2025-07-18 08:28:05',NULL),(36186,26,1,'activo',NULL,1,NULL,NULL,'2025-12-22',NULL,NULL,NULL,NULL,'2025-07-18 08:28:05','2025-07-18 08:28:05',NULL),(36187,26,1,'activo',NULL,1,NULL,NULL,'2025-12-23',NULL,NULL,NULL,NULL,'2025-07-18 08:28:05','2025-07-18 08:28:05',NULL),(36188,26,1,'activo',NULL,1,NULL,NULL,'2025-12-24',NULL,NULL,NULL,NULL,'2025-07-18 08:28:05','2025-07-18 08:28:05',NULL),(36189,26,1,'activo',NULL,1,NULL,NULL,'2025-12-26',NULL,NULL,NULL,NULL,'2025-07-18 08:28:05','2025-07-18 08:28:05',NULL),(36190,26,1,'activo',NULL,1,NULL,NULL,'2025-12-29',NULL,NULL,NULL,NULL,'2025-07-18 08:28:05','2025-07-18 08:28:05',NULL),(36191,26,1,'activo',NULL,1,NULL,NULL,'2025-12-30',NULL,NULL,NULL,NULL,'2025-07-18 08:28:05','2025-07-18 08:28:05',NULL),(36192,26,1,'activo',NULL,1,NULL,NULL,'2025-12-31',NULL,NULL,NULL,NULL,'2025-07-18 08:28:05','2025-07-18 08:28:05',NULL),(36193,26,1,'activo',NULL,2,NULL,NULL,'2025-07-18',NULL,NULL,NULL,NULL,'2025-07-18 08:28:34','2025-07-18 08:37:52',NULL),(36194,26,1,'activo',NULL,NULL,NULL,NULL,'2025-07-17',NULL,NULL,NULL,NULL,'2025-07-18 08:42:51','2025-07-18 08:42:51',NULL),(36195,67,NULL,'injustificada',NULL,NULL,NULL,NULL,'2025-06-09',NULL,NULL,NULL,NULL,'2025-07-21 09:04:42','2025-07-21 09:04:42',NULL),(36196,67,NULL,'injustificada',NULL,NULL,NULL,NULL,'2025-06-10',NULL,NULL,NULL,NULL,'2025-07-21 09:04:42','2025-07-21 09:04:42',NULL),(36197,67,NULL,'injustificada',NULL,NULL,NULL,NULL,'2025-06-11',NULL,NULL,NULL,NULL,'2025-07-21 09:04:42','2025-07-21 09:04:42',NULL),(36198,67,NULL,'injustificada',NULL,NULL,NULL,NULL,'2025-06-12',NULL,NULL,NULL,NULL,'2025-07-21 09:04:42','2025-07-21 09:04:42',NULL),(36199,67,NULL,'injustificada',NULL,NULL,NULL,NULL,'2025-06-13',NULL,NULL,NULL,NULL,'2025-07-21 09:04:42','2025-07-21 09:04:42',NULL),(36200,67,NULL,NULL,NULL,NULL,NULL,NULL,'2024-11-11',NULL,NULL,NULL,NULL,'2025-07-21 09:04:57','2025-07-21 09:05:11',NULL),(36201,67,NULL,NULL,NULL,NULL,NULL,NULL,'2024-11-12',NULL,NULL,NULL,NULL,'2025-07-21 09:04:57','2025-07-21 09:05:11',NULL),(36202,67,NULL,NULL,NULL,NULL,NULL,NULL,'2024-11-13',NULL,NULL,NULL,NULL,'2025-07-21 09:04:57','2025-07-21 09:05:11',NULL),(36203,67,NULL,NULL,NULL,NULL,NULL,NULL,'2024-11-14',NULL,NULL,NULL,NULL,'2025-07-21 09:04:57','2025-07-21 09:05:11',NULL),(36322,67,2,'activo',NULL,NULL,'13:41:00','05:06:00','2025-08-11',NULL,NULL,NULL,NULL,'2025-08-11 11:41:31','2025-08-12 04:00:12',NULL),(36382,88,1,'activo',NULL,NULL,NULL,NULL,'2025-08-11',NULL,NULL,NULL,NULL,'2025-08-11 16:12:16','2025-08-11 16:12:16',NULL),(36383,88,1,'activo',NULL,1,NULL,NULL,'2025-08-13',NULL,NULL,NULL,NULL,'2025-08-11 16:13:04','2025-08-11 16:13:04',NULL),(36384,88,1,'activo',NULL,1,NULL,NULL,'2025-08-14',NULL,NULL,NULL,NULL,'2025-08-11 16:13:04','2025-08-11 16:13:04',NULL),(36385,88,2,'activo',NULL,1,NULL,NULL,'2025-08-18',NULL,NULL,NULL,NULL,'2025-08-11 16:13:04','2025-08-11 16:13:04',NULL),(36386,88,2,'activo',NULL,1,NULL,NULL,'2025-08-19',NULL,NULL,NULL,NULL,'2025-08-11 16:13:04','2025-08-11 16:13:04',NULL),(36387,88,2,'activo',NULL,1,NULL,NULL,'2025-08-20',NULL,NULL,NULL,NULL,'2025-08-11 16:13:04','2025-08-11 16:13:04',NULL),(36388,88,2,'activo',NULL,1,NULL,NULL,'2025-08-21',NULL,NULL,NULL,NULL,'2025-08-11 16:13:04','2025-08-11 16:13:04',NULL),(36389,88,2,'activo',NULL,1,NULL,NULL,'2025-08-22',NULL,NULL,NULL,NULL,'2025-08-11 16:13:04','2025-08-11 16:13:04',NULL),(36390,88,1,'activo',NULL,1,NULL,NULL,'2025-08-25',NULL,NULL,NULL,NULL,'2025-08-11 16:13:04','2025-08-11 16:13:04',NULL),(36391,88,1,'activo',NULL,1,NULL,NULL,'2025-08-26',NULL,NULL,NULL,NULL,'2025-08-11 16:13:04','2025-08-11 16:13:04',NULL),(36392,88,1,'activo',NULL,1,NULL,NULL,'2025-08-27',NULL,NULL,NULL,NULL,'2025-08-11 16:13:04','2025-08-11 16:13:04',NULL),(36393,88,1,'activo',NULL,1,NULL,NULL,'2025-08-28',NULL,NULL,NULL,NULL,'2025-08-11 16:13:04','2025-08-11 16:13:04',NULL),(36394,88,1,'activo',NULL,1,NULL,NULL,'2025-08-29',NULL,NULL,NULL,NULL,'2025-08-11 16:13:04','2025-08-11 16:13:04',NULL),(36395,88,2,'activo',NULL,1,NULL,NULL,'2025-09-01',NULL,NULL,NULL,NULL,'2025-08-11 16:13:04','2025-08-11 16:13:04',NULL),(36396,88,2,'activo',NULL,1,NULL,NULL,'2025-09-02',NULL,NULL,NULL,NULL,'2025-08-11 16:13:04','2025-08-11 16:13:04',NULL),(36397,88,2,'activo',NULL,1,NULL,NULL,'2025-09-03',NULL,NULL,NULL,NULL,'2025-08-11 16:13:04','2025-08-11 16:13:04',NULL),(36398,88,2,'activo',NULL,1,NULL,NULL,'2025-09-04',NULL,NULL,NULL,NULL,'2025-08-11 16:13:04','2025-08-11 16:13:04',NULL),(36399,88,2,'activo',NULL,1,NULL,NULL,'2025-09-05',NULL,NULL,NULL,NULL,'2025-08-11 16:13:04','2025-08-11 16:13:04',NULL),(36400,88,1,'activo',NULL,1,NULL,NULL,'2025-09-08',NULL,NULL,NULL,NULL,'2025-08-11 16:13:04','2025-08-11 16:13:04',NULL),(36401,88,1,'activo',NULL,1,NULL,NULL,'2025-09-09',NULL,NULL,NULL,NULL,'2025-08-11 16:13:04','2025-08-11 16:13:04',NULL),(36402,88,1,'activo',NULL,1,NULL,NULL,'2025-09-10',NULL,NULL,NULL,NULL,'2025-08-11 16:13:04','2025-08-11 16:13:04',NULL),(36403,88,1,'activo',NULL,1,NULL,NULL,'2025-09-11',NULL,NULL,NULL,NULL,'2025-08-11 16:13:04','2025-08-11 16:13:04',NULL),(36404,88,1,'activo',NULL,1,NULL,NULL,'2025-09-12',NULL,NULL,NULL,NULL,'2025-08-11 16:13:04','2025-08-11 16:13:04',NULL),(36405,88,2,'activo',NULL,1,NULL,NULL,'2025-09-15',NULL,NULL,NULL,NULL,'2025-08-11 16:13:04','2025-08-11 16:13:04',NULL),(36406,88,2,'activo',NULL,1,NULL,NULL,'2025-09-16',NULL,NULL,NULL,NULL,'2025-08-11 16:13:04','2025-08-11 16:13:04',NULL),(36407,88,2,'activo',NULL,1,NULL,NULL,'2025-09-17',NULL,NULL,NULL,NULL,'2025-08-11 16:13:04','2025-08-11 16:13:04',NULL),(36408,88,2,'activo',NULL,1,NULL,NULL,'2025-09-18',NULL,NULL,NULL,NULL,'2025-08-11 16:13:04','2025-08-11 16:13:04',NULL),(36409,88,2,'activo',NULL,1,NULL,NULL,'2025-09-19',NULL,NULL,NULL,NULL,'2025-08-11 16:13:04','2025-08-11 16:13:04',NULL),(36410,88,1,'activo',NULL,1,NULL,NULL,'2025-09-22',NULL,NULL,NULL,NULL,'2025-08-11 16:13:04','2025-08-11 16:13:04',NULL),(36411,88,1,'activo',NULL,1,NULL,NULL,'2025-09-23',NULL,NULL,NULL,NULL,'2025-08-11 16:13:04','2025-08-11 16:13:04',NULL),(36412,88,1,'activo',NULL,1,NULL,NULL,'2025-09-24',NULL,NULL,NULL,NULL,'2025-08-11 16:13:04','2025-09-24 12:22:39',NULL),(36413,88,1,'activo',NULL,1,NULL,NULL,'2025-09-26',NULL,NULL,NULL,NULL,'2025-08-11 16:13:04','2025-09-24 12:22:39',NULL),(36414,88,2,'activo',NULL,1,NULL,NULL,'2025-09-29',NULL,NULL,NULL,NULL,'2025-08-11 16:13:04','2025-09-24 12:22:39',NULL),(36415,88,2,'activo',NULL,1,NULL,NULL,'2025-09-30',NULL,NULL,NULL,NULL,'2025-08-11 16:13:04','2025-09-24 12:22:39',NULL),(36416,88,2,'activo',NULL,1,NULL,NULL,'2025-10-01',NULL,NULL,NULL,NULL,'2025-08-11 16:13:04','2025-09-24 12:22:39',NULL),(36417,88,2,'activo',NULL,1,NULL,NULL,'2025-10-02',NULL,NULL,NULL,NULL,'2025-08-11 16:13:04','2025-09-24 12:22:39',NULL),(36418,88,2,'activo',NULL,1,NULL,NULL,'2025-10-03',NULL,NULL,NULL,NULL,'2025-08-11 16:13:04','2025-09-24 12:22:39',NULL),(36419,88,1,'activo',NULL,1,NULL,NULL,'2025-10-06',NULL,NULL,NULL,NULL,'2025-08-11 16:13:04','2025-09-24 12:22:39',NULL),(36420,88,1,'activo',NULL,1,NULL,NULL,'2025-10-07',NULL,NULL,NULL,NULL,'2025-08-11 16:13:04','2025-09-24 12:22:39',NULL),(36421,88,1,'activo',NULL,1,NULL,NULL,'2025-10-08',NULL,NULL,NULL,NULL,'2025-08-11 16:13:04','2025-09-24 12:22:39',NULL),(36422,88,1,'activo',NULL,1,NULL,NULL,'2025-10-09',NULL,NULL,NULL,NULL,'2025-08-11 16:13:04','2025-09-24 12:22:39',NULL),(36423,88,1,'activo',NULL,1,NULL,NULL,'2025-10-10',NULL,NULL,NULL,NULL,'2025-08-11 16:13:04','2025-09-24 12:22:39',NULL),(36424,88,2,'activo',NULL,1,NULL,NULL,'2025-10-13',NULL,NULL,NULL,NULL,'2025-08-11 16:13:04','2025-09-24 12:22:39',NULL),(36425,88,2,'activo',NULL,1,NULL,NULL,'2025-10-14',NULL,NULL,NULL,NULL,'2025-08-11 16:13:04','2025-09-24 12:22:39',NULL),(36426,88,2,'activo',NULL,1,NULL,NULL,'2025-10-15',NULL,NULL,NULL,NULL,'2025-08-11 16:13:04','2025-09-24 12:22:39',NULL),(36427,88,2,'activo',NULL,1,NULL,NULL,'2025-10-16',NULL,NULL,NULL,NULL,'2025-08-11 16:13:04','2025-09-24 12:22:39',NULL),(36428,88,2,'activo',NULL,1,NULL,NULL,'2025-10-17',NULL,NULL,NULL,NULL,'2025-08-11 16:13:04','2025-09-24 12:22:39',NULL),(36429,88,1,'activo',NULL,1,NULL,NULL,'2025-10-20',NULL,NULL,NULL,NULL,'2025-08-11 16:13:04','2025-09-24 12:22:39',NULL),(36430,88,1,'activo',NULL,1,NULL,NULL,'2025-10-21',NULL,NULL,NULL,NULL,'2025-08-11 16:13:04','2025-09-24 12:22:39',NULL),(36431,88,1,'activo',NULL,1,NULL,NULL,'2025-10-22',NULL,NULL,NULL,NULL,'2025-08-11 16:13:04','2025-09-24 12:22:39',NULL),(36432,88,1,'activo',NULL,1,NULL,NULL,'2025-10-23',NULL,NULL,NULL,NULL,'2025-08-11 16:13:04','2025-09-24 12:22:39',NULL),(36433,88,1,'activo',NULL,1,NULL,NULL,'2025-10-24',NULL,NULL,NULL,NULL,'2025-08-11 16:13:04','2025-09-24 12:22:39',NULL),(36434,88,2,'activo',NULL,1,NULL,NULL,'2025-10-27',NULL,NULL,NULL,NULL,'2025-08-11 16:13:04','2025-09-24 12:22:39',NULL),(36435,88,2,'activo',NULL,1,NULL,NULL,'2025-10-28',NULL,NULL,NULL,NULL,'2025-08-11 16:13:04','2025-09-24 12:22:39',NULL),(36436,88,2,'activo',NULL,1,NULL,NULL,'2025-10-29',NULL,NULL,NULL,NULL,'2025-08-11 16:13:04','2025-09-24 12:22:39',NULL),(36437,88,2,'activo',NULL,1,NULL,NULL,'2025-10-30',NULL,NULL,NULL,NULL,'2025-08-11 16:13:04','2025-09-24 12:22:39',NULL),(36438,88,2,'activo',NULL,1,NULL,NULL,'2025-10-31',NULL,NULL,NULL,NULL,'2025-08-11 16:13:04','2025-09-24 12:22:39',NULL),(36439,88,1,'activo',NULL,1,NULL,NULL,'2025-11-03',NULL,NULL,NULL,NULL,'2025-08-11 16:13:04','2025-09-24 12:22:39',NULL),(36440,88,1,'activo',NULL,1,NULL,NULL,'2025-11-04',NULL,NULL,NULL,NULL,'2025-08-11 16:13:04','2025-09-24 12:22:39',NULL),(36441,88,1,'activo',NULL,1,NULL,NULL,'2025-11-05',NULL,NULL,NULL,NULL,'2025-08-11 16:13:04','2025-09-24 12:22:39',NULL),(36442,88,1,'activo',NULL,1,NULL,NULL,'2025-11-06',NULL,NULL,NULL,NULL,'2025-08-11 16:13:04','2025-09-24 12:22:39',NULL),(36443,88,1,'activo',NULL,1,NULL,NULL,'2025-11-07',NULL,NULL,NULL,NULL,'2025-08-11 16:13:04','2025-09-24 12:22:39',NULL),(36444,88,2,'activo',NULL,1,NULL,NULL,'2025-11-10',NULL,NULL,NULL,NULL,'2025-08-11 16:13:04','2025-09-24 12:22:39',NULL),(36445,88,2,'activo',NULL,1,NULL,NULL,'2025-11-11',NULL,NULL,NULL,NULL,'2025-08-11 16:13:04','2025-09-24 12:22:39',NULL),(36446,88,2,'activo',NULL,1,NULL,NULL,'2025-11-12',NULL,NULL,NULL,NULL,'2025-08-11 16:13:04','2025-09-24 12:22:39',NULL),(36447,88,2,'activo',NULL,1,NULL,NULL,'2025-11-13',NULL,NULL,NULL,NULL,'2025-08-11 16:13:04','2025-09-24 12:22:39',NULL),(36448,88,2,'activo',NULL,1,NULL,NULL,'2025-11-14',NULL,NULL,NULL,NULL,'2025-08-11 16:13:04','2025-09-24 12:22:39',NULL),(36449,88,1,'activo',NULL,1,NULL,NULL,'2025-11-17',NULL,NULL,NULL,NULL,'2025-08-11 16:13:04','2025-09-24 12:22:39',NULL),(36450,88,1,'activo',NULL,1,NULL,NULL,'2025-11-18',NULL,NULL,NULL,NULL,'2025-08-11 16:13:04','2025-09-24 12:22:39',NULL),(36451,88,1,'activo',NULL,1,NULL,NULL,'2025-11-19',NULL,NULL,NULL,NULL,'2025-08-11 16:13:04','2025-09-24 12:22:39',NULL),(36452,88,1,'activo',NULL,1,NULL,NULL,'2025-11-20',NULL,NULL,NULL,NULL,'2025-08-11 16:13:04','2025-09-24 12:22:39',NULL),(36453,88,1,'activo',NULL,1,NULL,NULL,'2025-11-21',NULL,NULL,NULL,NULL,'2025-08-11 16:13:04','2025-09-24 12:22:39',NULL),(36454,88,2,'activo',NULL,1,NULL,NULL,'2025-11-24',NULL,NULL,NULL,NULL,'2025-08-11 16:13:04','2025-09-24 12:22:39',NULL),(36455,88,2,'activo',NULL,1,NULL,NULL,'2025-11-25',NULL,NULL,NULL,NULL,'2025-08-11 16:13:04','2025-09-24 12:22:39',NULL),(36456,88,2,'activo',NULL,1,NULL,NULL,'2025-11-26',NULL,NULL,NULL,NULL,'2025-08-11 16:13:04','2025-09-24 12:22:39',NULL),(36457,88,2,'activo',NULL,1,NULL,NULL,'2025-11-27',NULL,NULL,NULL,NULL,'2025-08-11 16:13:04','2025-09-24 12:22:39',NULL),(36458,88,2,'activo',NULL,1,NULL,NULL,'2025-11-28',NULL,NULL,NULL,NULL,'2025-08-11 16:13:04','2025-09-24 12:22:39',NULL),(36459,88,1,'activo',NULL,1,NULL,NULL,'2025-12-01',NULL,NULL,NULL,NULL,'2025-08-11 16:13:04','2025-09-24 12:22:39',NULL),(36460,88,1,'activo',NULL,1,NULL,NULL,'2025-12-02',NULL,NULL,NULL,NULL,'2025-08-11 16:13:04','2025-09-24 12:22:39',NULL),(36461,88,1,'activo',NULL,1,NULL,NULL,'2025-12-03',NULL,NULL,NULL,NULL,'2025-08-11 16:13:04','2025-09-24 12:22:39',NULL),(36462,88,1,'activo',NULL,1,NULL,NULL,'2025-12-04',NULL,NULL,NULL,NULL,'2025-08-11 16:13:04','2025-09-24 12:22:39',NULL),(36463,88,1,'activo',NULL,1,NULL,NULL,'2025-12-05',NULL,NULL,NULL,NULL,'2025-08-11 16:13:04','2025-09-24 12:22:39',NULL),(36464,88,2,'activo',NULL,1,NULL,NULL,'2025-12-09',NULL,NULL,NULL,NULL,'2025-08-11 16:13:04','2025-09-24 12:22:39',NULL),(36465,88,2,'activo',NULL,1,NULL,NULL,'2025-12-10',NULL,NULL,NULL,NULL,'2025-08-11 16:13:04','2025-09-24 12:22:39',NULL),(36466,88,2,'activo',NULL,1,NULL,NULL,'2025-12-11',NULL,NULL,NULL,NULL,'2025-08-11 16:13:04','2025-09-24 12:22:39',NULL),(36467,88,2,'activo',NULL,1,NULL,NULL,'2025-12-12',NULL,NULL,NULL,NULL,'2025-08-11 16:13:04','2025-09-24 12:22:39',NULL),(36468,88,1,'activo',NULL,1,NULL,NULL,'2025-12-15',NULL,NULL,NULL,NULL,'2025-08-11 16:13:04','2025-09-24 12:22:39',NULL),(36469,88,1,'activo',NULL,1,NULL,NULL,'2025-12-16',NULL,NULL,NULL,NULL,'2025-08-11 16:13:04','2025-09-24 12:22:39',NULL),(36470,88,1,'activo',NULL,1,NULL,NULL,'2025-12-17',NULL,NULL,NULL,NULL,'2025-08-11 16:13:04','2025-09-24 12:22:39',NULL),(36471,88,1,'activo',NULL,1,NULL,NULL,'2025-12-18',NULL,NULL,NULL,NULL,'2025-08-11 16:13:04','2025-09-24 12:22:39',NULL),(36472,88,1,'activo',NULL,1,NULL,NULL,'2025-12-19',NULL,NULL,NULL,NULL,'2025-08-11 16:13:04','2025-09-24 12:22:39',NULL),(36473,88,2,'activo',NULL,1,NULL,NULL,'2025-12-22',NULL,NULL,NULL,NULL,'2025-08-11 16:13:04','2025-09-24 12:22:39',NULL),(36474,88,2,'activo',NULL,1,NULL,NULL,'2025-12-23',NULL,NULL,NULL,NULL,'2025-08-11 16:13:04','2025-09-24 12:22:39',NULL),(36475,88,2,'activo',NULL,1,NULL,NULL,'2025-12-24',NULL,NULL,NULL,NULL,'2025-08-11 16:13:04','2025-09-24 12:22:39',NULL),(36476,88,2,'activo',NULL,1,NULL,NULL,'2025-12-26',NULL,NULL,NULL,NULL,'2025-08-11 16:13:04','2025-09-24 12:22:39',NULL),(36477,88,1,'activo',NULL,1,NULL,NULL,'2025-12-29',NULL,NULL,NULL,NULL,'2025-08-11 16:13:04','2025-09-24 12:22:39',NULL),(36478,88,1,'activo',NULL,1,NULL,NULL,'2025-12-30',NULL,NULL,NULL,NULL,'2025-08-11 16:13:04','2025-09-24 12:22:39',NULL),(36479,88,1,'activo',NULL,1,NULL,NULL,'2025-12-31',NULL,NULL,NULL,NULL,'2025-08-11 16:13:04','2025-09-24 12:22:39',NULL),(36480,88,1,'activo',NULL,NULL,NULL,NULL,'2025-08-12',NULL,NULL,NULL,NULL,'2025-08-11 16:31:17','2025-08-11 16:31:17',NULL),(36481,84,1,'activo',NULL,238,NULL,NULL,'2025-08-18',NULL,NULL,NULL,NULL,'2025-08-18 04:49:29','2025-08-28 10:45:39',NULL),(36483,84,15,'curso',NULL,NULL,NULL,NULL,'2025-08-20',NULL,NULL,NULL,NULL,'2025-08-18 04:49:29','2025-08-28 11:16:17',NULL),(36484,84,1,'curso',NULL,250,NULL,NULL,'2025-08-21',NULL,NULL,NULL,NULL,'2025-08-18 04:49:29','2025-08-28 11:02:44',NULL),(36485,84,1,'activo',NULL,250,NULL,NULL,'2025-08-22',NULL,NULL,NULL,NULL,'2025-08-18 04:49:29','2025-09-01 10:19:59',NULL),(36486,84,1,'activo',NULL,NULL,NULL,NULL,'2025-08-26',NULL,NULL,NULL,NULL,'2025-08-28 10:19:15','2025-09-01 10:17:46',NULL),(36488,83,1,'activo',NULL,NULL,NULL,NULL,'2025-08-21',NULL,NULL,NULL,NULL,'2025-08-28 10:46:34','2025-08-28 10:46:34',NULL),(36489,1,3,'activo',12,1,'23:21:00','06:00:00','2025-09-12',NULL,NULL,NULL,NULL,'2025-09-11 22:43:44','2025-09-11 22:43:44',NULL),(36490,89,1,'activo',22,3,NULL,NULL,'2025-09-16',NULL,NULL,NULL,NULL,'2025-09-15 21:31:26','2025-09-16 10:21:50',NULL),(36491,89,1,'activo',22,3,NULL,NULL,'2025-09-17',NULL,NULL,NULL,NULL,'2025-09-15 21:31:26','2025-09-17 17:54:13',NULL),(36492,89,1,'activo',22,3,NULL,NULL,'2025-09-18',NULL,NULL,NULL,NULL,'2025-09-15 21:31:26','2025-09-17 17:54:13',NULL),(36493,89,1,'activo',22,3,NULL,NULL,'2025-09-19',NULL,NULL,NULL,NULL,'2025-09-15 21:31:26','2025-09-18 23:35:38',NULL),(36494,89,1,'activo',22,3,NULL,NULL,'2025-09-22',NULL,NULL,NULL,NULL,'2025-09-15 21:31:26','2025-09-18 23:35:38',NULL),(36495,89,1,'activo',22,3,NULL,NULL,'2025-09-23',NULL,NULL,NULL,NULL,'2025-09-15 21:31:26','2025-09-23 06:59:26',NULL),(36496,89,1,'activo',22,3,NULL,NULL,'2025-09-24',NULL,NULL,NULL,NULL,'2025-09-15 21:31:26','2025-09-24 12:21:27',NULL),(36497,89,1,'activo',22,3,NULL,NULL,'2025-09-26',NULL,NULL,NULL,NULL,'2025-09-15 21:31:26','2025-09-24 12:21:27',NULL),(36498,89,1,'activo',22,3,NULL,NULL,'2025-09-29',NULL,NULL,NULL,NULL,'2025-09-15 21:31:26','2025-09-24 12:21:27',NULL),(36499,89,1,'activo',22,3,NULL,NULL,'2025-09-30',NULL,NULL,NULL,NULL,'2025-09-15 21:31:26','2025-09-24 12:21:27',NULL),(36500,89,1,'activo',22,3,NULL,NULL,'2025-10-01',NULL,NULL,NULL,NULL,'2025-09-15 21:31:26','2025-09-24 12:21:27',NULL),(36501,89,1,'activo',22,3,NULL,NULL,'2025-10-02',NULL,NULL,NULL,NULL,'2025-09-15 21:31:26','2025-09-24 12:21:27',NULL),(36502,89,1,'activo',22,3,NULL,NULL,'2025-10-03',NULL,NULL,NULL,NULL,'2025-09-15 21:31:26','2025-09-24 12:21:27',NULL),(36503,89,1,'activo',22,3,NULL,NULL,'2025-10-06',NULL,NULL,NULL,NULL,'2025-09-15 21:31:26','2025-09-24 12:21:27',NULL),(36504,89,1,'activo',22,3,NULL,NULL,'2025-10-07',NULL,NULL,NULL,NULL,'2025-09-15 21:31:26','2025-09-24 12:21:27',NULL),(36505,89,1,'activo',22,3,NULL,NULL,'2025-10-08',NULL,NULL,NULL,NULL,'2025-09-15 21:31:26','2025-09-24 12:21:27',NULL),(36506,89,1,'activo',22,3,NULL,NULL,'2025-10-09',NULL,NULL,NULL,NULL,'2025-09-15 21:31:26','2025-09-24 12:21:27',NULL),(36507,89,1,'activo',22,3,NULL,NULL,'2025-10-10',NULL,NULL,NULL,NULL,'2025-09-15 21:31:26','2025-09-24 12:21:27',NULL),(36508,89,1,'activo',22,3,NULL,NULL,'2025-10-13',NULL,NULL,NULL,NULL,'2025-09-15 21:31:26','2025-09-24 12:21:27',NULL),(36509,89,1,'vacaciones',22,3,NULL,NULL,'2025-10-14',NULL,NULL,NULL,NULL,'2025-09-15 21:31:26','2025-10-07 08:28:09',NULL),(36510,89,1,'vacaciones',22,3,NULL,NULL,'2025-10-15',NULL,NULL,NULL,NULL,'2025-09-15 21:31:26','2025-10-07 08:28:09',NULL),(36511,89,1,'vacaciones',22,3,NULL,NULL,'2025-10-16',NULL,NULL,NULL,NULL,'2025-09-15 21:31:26','2025-10-07 08:28:09',NULL),(36512,89,1,'activo',22,3,NULL,NULL,'2025-10-17',NULL,NULL,NULL,NULL,'2025-09-15 21:31:26','2025-09-24 12:21:27',NULL),(36513,89,1,'activo',22,3,NULL,NULL,'2025-10-20',NULL,NULL,NULL,NULL,'2025-09-15 21:31:26','2025-09-24 12:21:27',NULL),(36514,89,1,'vacaciones',22,3,NULL,NULL,'2025-10-21',NULL,NULL,NULL,NULL,'2025-09-15 21:31:26','2025-10-07 08:28:15',NULL),(36515,89,1,'vacaciones',22,3,NULL,NULL,'2025-10-22',NULL,NULL,NULL,NULL,'2025-09-15 21:31:26','2025-10-07 08:28:15',NULL),(36516,89,1,'vacaciones',22,3,NULL,NULL,'2025-10-23',NULL,NULL,NULL,NULL,'2025-09-15 21:31:26','2025-10-07 08:28:15',NULL),(36517,89,1,'activo',22,3,NULL,NULL,'2025-10-24',NULL,NULL,NULL,NULL,'2025-09-15 21:31:26','2025-09-24 12:21:27',NULL),(36518,89,1,'activo',22,3,NULL,NULL,'2025-10-27',NULL,NULL,NULL,NULL,'2025-09-15 21:31:26','2025-09-24 12:21:27',NULL),(36519,89,1,'activo',22,3,NULL,NULL,'2025-10-28',NULL,NULL,NULL,NULL,'2025-09-15 21:31:26','2025-09-24 12:21:27',NULL),(36520,89,1,'activo',22,3,NULL,NULL,'2025-10-29',NULL,NULL,NULL,NULL,'2025-09-15 21:31:26','2025-09-24 12:21:27',NULL),(36521,89,1,'activo',22,3,NULL,NULL,'2025-10-30',NULL,NULL,NULL,NULL,'2025-09-15 21:31:26','2025-09-24 12:21:27',NULL),(36522,89,1,'activo',22,3,NULL,NULL,'2025-10-31',NULL,NULL,NULL,NULL,'2025-09-15 21:31:26','2025-09-24 12:21:27',NULL),(36523,89,1,'activo',22,3,NULL,NULL,'2025-11-03',NULL,NULL,NULL,NULL,'2025-09-15 21:31:26','2025-09-24 12:21:27',NULL),(36524,89,1,'activo',22,3,NULL,NULL,'2025-11-04',NULL,NULL,NULL,NULL,'2025-09-15 21:31:26','2025-09-24 12:21:27',NULL),(36525,89,1,'activo',22,3,NULL,NULL,'2025-11-05',NULL,NULL,NULL,NULL,'2025-09-15 21:31:26','2025-09-24 12:21:27',NULL),(36526,89,1,'activo',22,3,NULL,NULL,'2025-11-06',NULL,NULL,NULL,NULL,'2025-09-15 21:31:26','2025-09-24 12:21:27',NULL),(36527,89,1,'activo',22,3,NULL,NULL,'2025-11-07',NULL,NULL,NULL,NULL,'2025-09-15 21:31:26','2025-09-24 12:21:27',NULL),(36528,89,1,'activo',22,3,NULL,NULL,'2025-11-10',NULL,NULL,NULL,NULL,'2025-09-15 21:31:26','2025-09-24 12:21:27',NULL),(36529,89,2,'activo',22,3,NULL,NULL,'2025-11-11',NULL,NULL,NULL,NULL,'2025-09-15 21:31:26','2025-11-15 15:39:19',NULL),(36530,89,2,'activo',22,3,NULL,NULL,'2025-11-12',NULL,NULL,NULL,NULL,'2025-09-15 21:31:26','2025-11-15 17:09:50',NULL),(36531,89,2,'activo',22,3,NULL,NULL,'2025-11-13',NULL,NULL,NULL,NULL,'2025-09-15 21:31:26','2025-11-15 17:16:04',NULL),(36532,89,2,'activo',22,3,NULL,NULL,'2025-11-14',NULL,NULL,NULL,NULL,'2025-09-15 21:31:26','2025-11-15 17:16:00',NULL),(36533,89,2,'activo',22,3,NULL,NULL,'2025-11-17',NULL,NULL,NULL,NULL,'2025-09-15 21:31:26','2025-11-15 15:39:19',NULL),(36534,89,2,'activo',22,3,NULL,NULL,'2025-11-18',NULL,NULL,NULL,NULL,'2025-09-15 21:31:26','2025-11-15 15:39:19',NULL),(36535,89,2,'activo',22,3,NULL,NULL,'2025-11-19',NULL,NULL,NULL,NULL,'2025-09-15 21:31:26','2025-11-18 16:28:11',NULL),(36536,89,3,'activo',22,3,NULL,NULL,'2025-11-20',NULL,NULL,NULL,NULL,'2025-09-15 21:31:26','2025-11-15 15:40:13',NULL),(36537,89,1,'activo',22,3,NULL,NULL,'2025-11-21',NULL,NULL,NULL,NULL,'2025-09-15 21:31:26','2025-09-24 12:21:27',NULL),(36538,89,1,'activo',22,3,NULL,NULL,'2025-11-24',NULL,NULL,NULL,NULL,'2025-09-15 21:31:26','2025-09-24 12:21:27',NULL),(36539,89,1,'activo',22,3,NULL,NULL,'2025-11-25',NULL,NULL,NULL,NULL,'2025-09-15 21:31:26','2025-09-24 12:21:27',NULL),(36540,89,1,'activo',22,3,NULL,NULL,'2025-11-26',NULL,NULL,NULL,NULL,'2025-09-15 21:31:26','2025-09-24 12:21:27',NULL),(36541,89,1,'activo',22,3,NULL,NULL,'2025-11-27',NULL,NULL,NULL,NULL,'2025-09-15 21:31:26','2025-09-24 12:21:27',NULL),(36542,89,1,'activo',22,3,NULL,NULL,'2025-11-28',NULL,NULL,NULL,NULL,'2025-09-15 21:31:26','2025-09-24 12:21:27',NULL),(36543,89,1,'activo',22,3,NULL,NULL,'2025-12-01',NULL,NULL,NULL,NULL,'2025-09-15 21:31:26','2025-09-24 12:21:27',NULL),(36544,89,1,'activo',22,3,NULL,NULL,'2025-12-02',NULL,NULL,NULL,NULL,'2025-09-15 21:31:26','2025-09-24 12:21:27',NULL),(36545,89,1,'activo',22,3,NULL,NULL,'2025-12-03',NULL,NULL,NULL,NULL,'2025-09-15 21:31:26','2025-09-24 12:21:27',NULL),(36546,89,1,'activo',22,3,NULL,NULL,'2025-12-04',NULL,NULL,NULL,NULL,'2025-09-15 21:31:26','2025-09-24 12:21:27',NULL),(36547,89,1,'activo',22,3,NULL,NULL,'2025-12-05',NULL,NULL,NULL,NULL,'2025-09-15 21:31:26','2025-09-24 12:21:27',NULL),(36548,89,1,'activo',22,3,NULL,NULL,'2025-12-09',NULL,NULL,NULL,NULL,'2025-09-15 21:31:26','2025-09-24 12:21:27',NULL),(36549,89,1,'activo',22,3,NULL,NULL,'2025-12-10',NULL,NULL,NULL,NULL,'2025-09-15 21:31:26','2025-09-24 12:21:27',NULL),(36550,89,1,'activo',22,3,NULL,NULL,'2025-12-11',NULL,NULL,NULL,NULL,'2025-09-15 21:31:26','2025-09-24 12:21:27',NULL),(36551,89,1,'activo',22,3,NULL,NULL,'2025-12-12',NULL,NULL,NULL,NULL,'2025-09-15 21:31:26','2025-09-24 12:21:27',NULL),(36552,89,1,'activo',22,3,NULL,NULL,'2025-12-15',NULL,NULL,NULL,NULL,'2025-09-15 21:31:26','2025-09-24 12:21:27',NULL),(36553,89,1,'activo',22,3,NULL,NULL,'2025-12-16',NULL,NULL,NULL,NULL,'2025-09-15 21:31:26','2025-09-24 12:21:27',NULL),(36554,89,1,'activo',22,3,NULL,NULL,'2025-12-17',NULL,NULL,NULL,NULL,'2025-09-15 21:31:26','2025-09-24 12:21:27',NULL),(36555,89,1,'activo',22,3,NULL,NULL,'2025-12-18',NULL,NULL,NULL,NULL,'2025-09-15 21:31:26','2025-09-24 12:21:27',NULL),(36556,89,1,'activo',22,3,NULL,NULL,'2025-12-19',NULL,NULL,NULL,NULL,'2025-09-15 21:31:26','2025-09-24 12:21:27',NULL),(36557,89,1,'activo',22,3,NULL,NULL,'2025-12-22',NULL,NULL,NULL,NULL,'2025-09-15 21:31:26','2025-09-24 12:21:27',NULL),(36558,89,1,'activo',22,3,NULL,NULL,'2025-12-23',NULL,NULL,NULL,NULL,'2025-09-15 21:31:26','2025-09-24 12:21:27',NULL),(36559,89,1,'activo',22,3,NULL,NULL,'2025-12-24',NULL,NULL,NULL,NULL,'2025-09-15 21:31:26','2025-09-24 12:21:27',NULL),(36560,89,1,'activo',22,3,NULL,NULL,'2025-12-26',NULL,NULL,NULL,NULL,'2025-09-15 21:31:26','2025-09-24 12:21:27',NULL),(36561,89,1,'activo',22,3,NULL,NULL,'2025-12-29',NULL,NULL,NULL,NULL,'2025-09-15 21:31:26','2025-09-24 12:21:27',NULL),(36562,89,1,'activo',22,3,NULL,NULL,'2025-12-30',NULL,NULL,NULL,NULL,'2025-09-15 21:31:26','2025-09-24 12:21:27',NULL),(36563,89,1,'activo',22,3,NULL,NULL,'2025-12-31',NULL,NULL,NULL,NULL,'2025-09-15 21:31:26','2025-09-24 12:21:27',NULL),(36564,1,1,'activo',NULL,1,NULL,NULL,'2025-09-18',NULL,NULL,NULL,NULL,'2025-09-18 15:19:31','2025-09-18 15:19:31',NULL),(36565,82,15,'activo',NULL,137,NULL,NULL,'2025-11-11',NULL,NULL,NULL,NULL,'2025-11-04 07:16:45','2025-11-15 21:01:25','2025-11-15 21:01:25'),(36566,82,15,'activo',11,128,NULL,NULL,'2025-11-12',NULL,NULL,NULL,NULL,'2025-11-04 07:16:45','2025-11-15 20:57:38','2025-11-15 20:57:38'),(36567,82,15,'activo',NULL,117,NULL,NULL,'2025-11-13',NULL,NULL,NULL,NULL,'2025-11-04 07:16:45','2025-11-14 06:49:37','2025-11-14 06:49:37'),(36568,82,NULL,'vacaciones',NULL,NULL,NULL,NULL,'2025-11-18',NULL,NULL,NULL,NULL,'2025-11-04 07:16:57','2025-11-04 07:16:57',NULL),(36569,82,NULL,'vacaciones',NULL,53,NULL,NULL,'2025-11-19',NULL,NULL,NULL,NULL,'2025-11-04 07:16:57','2025-11-15 21:11:06',NULL),(36570,82,NULL,'vacaciones',NULL,NULL,NULL,NULL,'2025-11-20',NULL,NULL,NULL,NULL,'2025-11-04 07:16:57','2025-11-04 07:16:57',NULL),(36571,82,1,'activo',NULL,1,NULL,NULL,'2025-11-05',NULL,NULL,NULL,NULL,'2025-11-04 07:52:08','2025-11-04 07:52:08',NULL),(36572,82,2,'activo',NULL,1,NULL,NULL,'2025-11-06',NULL,NULL,NULL,NULL,'2025-11-04 07:52:08','2025-11-04 07:52:15',NULL),(36573,82,1,'activo',NULL,1,NULL,NULL,'2025-11-07',NULL,NULL,NULL,NULL,'2025-11-04 07:52:08','2025-11-04 07:52:08',NULL),(36574,82,2,'activo',NULL,1,NULL,NULL,'2025-11-10',NULL,NULL,NULL,NULL,'2025-11-04 07:52:08','2025-11-04 07:52:08',NULL),(36575,82,15,'activo',NULL,117,NULL,NULL,'2025-11-14',NULL,NULL,NULL,NULL,'2025-11-04 07:52:08','2025-11-14 06:49:42','2025-11-14 06:49:42'),(36576,82,1,'activo',NULL,1,NULL,NULL,'2025-11-17',NULL,NULL,NULL,NULL,'2025-11-04 07:52:08','2025-11-04 07:52:08',NULL),(36577,82,1,'activo',NULL,1,NULL,NULL,'2025-11-21',NULL,NULL,NULL,NULL,'2025-11-04 07:52:08','2025-11-04 07:52:08',NULL),(36578,82,15,'activo',NULL,143,NULL,NULL,'2025-11-24',NULL,NULL,NULL,NULL,'2025-11-04 07:52:08','2025-12-01 07:42:56',NULL),(36579,82,15,'activo',NULL,143,NULL,NULL,'2025-11-25',NULL,NULL,NULL,NULL,'2025-11-04 07:52:08','2025-12-01 07:42:57',NULL),(36580,82,15,'activo',NULL,143,NULL,NULL,'2025-11-26',NULL,NULL,NULL,NULL,'2025-11-04 07:52:08','2025-12-01 07:42:57',NULL),(36581,82,15,'activo',NULL,143,NULL,NULL,'2025-11-27',NULL,NULL,NULL,NULL,'2025-11-04 07:52:08','2025-12-01 07:42:57',NULL),(36582,82,15,'activo',NULL,143,NULL,NULL,'2025-11-28',NULL,NULL,NULL,NULL,'2025-11-04 07:52:08','2025-12-01 07:42:57',NULL),(36583,82,15,'activo',NULL,117,NULL,NULL,'2025-12-01',NULL,NULL,NULL,NULL,'2025-11-04 07:52:08','2025-12-01 13:03:12','2025-12-01 13:03:12'),(36584,82,15,'activo',NULL,117,NULL,NULL,'2025-12-02',NULL,NULL,NULL,NULL,'2025-11-04 07:52:08','2025-12-01 13:03:10','2025-12-01 13:03:10'),(36585,82,15,'activo',NULL,117,NULL,NULL,'2025-12-03',NULL,NULL,NULL,NULL,'2025-11-04 07:52:08','2025-12-01 07:21:51',NULL),(36586,82,15,'activo',NULL,117,NULL,NULL,'2025-12-04',NULL,NULL,NULL,NULL,'2025-11-04 07:52:08','2025-12-01 07:21:51',NULL),(36587,82,15,'activo',NULL,117,NULL,NULL,'2025-12-05',NULL,NULL,NULL,NULL,'2025-11-04 07:52:08','2025-12-01 07:21:51',NULL),(36588,82,15,'activo',NULL,137,NULL,NULL,'2025-12-09',NULL,NULL,NULL,NULL,'2025-11-04 07:52:08','2025-12-09 07:31:39',NULL),(36589,82,15,'activo',NULL,143,NULL,NULL,'2025-12-10',NULL,NULL,NULL,NULL,'2025-11-04 07:52:08','2025-12-09 07:39:39',NULL),(36590,82,15,'activo',NULL,143,NULL,NULL,'2025-12-11',NULL,NULL,NULL,NULL,'2025-11-04 07:52:08','2025-12-09 07:39:39',NULL),(36591,82,15,'activo',NULL,143,NULL,NULL,'2025-12-12',NULL,NULL,NULL,NULL,'2025-11-04 07:52:08','2025-12-09 07:49:01',NULL),(36592,82,1,'activo',NULL,1,NULL,NULL,'2025-12-15',NULL,NULL,NULL,NULL,'2025-11-04 07:52:08','2025-11-04 07:52:08',NULL),(36593,82,1,'activo',NULL,1,NULL,NULL,'2025-12-16',NULL,NULL,NULL,NULL,'2025-11-04 07:52:08','2025-11-04 07:52:08',NULL),(36594,82,1,'activo',NULL,1,NULL,NULL,'2025-12-17',NULL,NULL,NULL,NULL,'2025-11-04 07:52:08','2025-11-04 07:52:08',NULL),(36595,82,1,'activo',NULL,1,NULL,NULL,'2025-12-18',NULL,NULL,NULL,NULL,'2025-11-04 07:52:08','2025-11-04 07:52:08',NULL),(36596,82,1,'activo',NULL,1,NULL,NULL,'2025-12-19',NULL,NULL,NULL,NULL,'2025-11-04 07:52:08','2025-11-04 07:52:08',NULL),(36597,82,2,'activo',NULL,1,NULL,NULL,'2025-12-22',NULL,NULL,NULL,NULL,'2025-11-04 07:52:08','2025-11-04 07:52:08',NULL),(36598,82,2,'activo',NULL,1,NULL,NULL,'2025-12-23',NULL,NULL,NULL,NULL,'2025-11-04 07:52:08','2025-11-04 07:52:08',NULL),(36599,82,2,'activo',NULL,1,NULL,NULL,'2025-12-24',NULL,NULL,NULL,NULL,'2025-11-04 07:52:08','2025-11-04 07:52:08',NULL),(36600,82,2,'activo',NULL,1,NULL,NULL,'2025-12-26',NULL,NULL,NULL,NULL,'2025-11-04 07:52:08','2025-11-04 07:52:08',NULL),(36601,82,1,'activo',NULL,1,NULL,NULL,'2025-12-29',NULL,NULL,NULL,NULL,'2025-11-04 07:52:08','2025-11-04 07:52:08',NULL),(36602,82,1,'activo',NULL,1,NULL,NULL,'2025-12-30',NULL,NULL,NULL,NULL,'2025-11-04 07:52:08','2025-11-04 07:52:08',NULL),(36603,82,1,'activo',NULL,1,NULL,NULL,'2025-12-31',NULL,NULL,NULL,NULL,'2025-11-04 07:52:08','2025-11-04 07:52:08',NULL),(36604,84,15,'activo',NULL,117,NULL,NULL,'2025-11-11',NULL,NULL,NULL,NULL,'2025-11-14 06:03:18','2025-11-14 06:49:22','2025-11-14 06:49:22'),(36605,50,15,'activo',NULL,117,NULL,NULL,'2025-11-12',NULL,NULL,NULL,NULL,'2025-11-14 06:03:25','2025-11-14 06:49:40','2025-11-14 06:49:40'),(36606,85,15,'activo',NULL,128,NULL,NULL,'2025-11-10',NULL,NULL,NULL,NULL,'2025-11-14 06:05:21','2025-11-14 06:49:44','2025-11-14 06:49:44'),(36607,84,15,'activo',NULL,143,NULL,NULL,'2025-11-10',NULL,NULL,NULL,NULL,'2025-11-14 06:05:21','2025-11-14 06:49:46','2025-11-14 06:49:46'),(36608,89,2,'activo',22,NULL,NULL,NULL,'2025-11-15',NULL,NULL,NULL,NULL,'2025-11-15 15:39:19','2025-11-15 15:40:42','2025-11-15 15:40:42'),(36609,89,2,'activo',22,NULL,NULL,NULL,'2025-11-16',NULL,NULL,NULL,NULL,'2025-11-15 15:39:19','2025-11-15 15:40:42','2025-11-15 15:40:42'),(36610,84,15,'activo',NULL,156,NULL,NULL,'2025-11-11',NULL,NULL,NULL,NULL,'2025-11-15 15:42:41','2025-11-15 15:42:41',NULL),(36611,84,15,'activo',NULL,156,NULL,NULL,'2025-11-12',NULL,NULL,NULL,NULL,'2025-11-15 15:42:52','2025-11-15 15:42:59','2025-11-15 15:42:59'),(36612,44,1,'activo',2,NULL,NULL,NULL,'2025-11-12',NULL,NULL,NULL,NULL,'2025-11-15 19:02:31','2025-11-15 19:02:57',NULL),(36613,60,1,'activo',20,NULL,NULL,NULL,'2025-11-12',NULL,NULL,NULL,NULL,'2025-11-15 19:10:27','2025-11-15 19:10:27',NULL),(36614,44,1,'activo',3,1,NULL,NULL,'2025-11-19',NULL,NULL,NULL,NULL,'2025-11-15 19:12:28','2025-11-15 19:12:28',NULL),(36615,84,15,'activo',NULL,156,NULL,NULL,'2025-11-10',NULL,NULL,NULL,NULL,'2025-11-15 19:41:52','2025-11-15 19:41:52',NULL),(36616,84,15,'activo',NULL,156,NULL,NULL,'2025-11-12',NULL,NULL,NULL,NULL,'2025-11-15 19:41:52','2025-11-15 19:41:52',NULL),(36617,84,15,'activo',NULL,156,NULL,NULL,'2025-11-13',NULL,NULL,NULL,NULL,'2025-11-15 19:41:52','2025-11-15 19:41:52',NULL),(36618,84,15,'activo',NULL,156,NULL,NULL,'2025-11-14',NULL,NULL,NULL,NULL,'2025-11-15 19:41:52','2025-11-15 19:41:52',NULL),(36619,84,15,'activo',NULL,156,NULL,NULL,'2025-11-15',NULL,NULL,NULL,NULL,'2025-11-15 19:42:03','2025-11-15 19:42:03',NULL),(36620,84,15,'activo',NULL,156,NULL,NULL,'2025-11-16',NULL,NULL,NULL,NULL,'2025-11-15 19:42:03','2025-11-15 19:42:03',NULL),(36621,85,15,'activo',NULL,143,NULL,NULL,'2025-11-10',NULL,NULL,NULL,NULL,'2025-11-15 19:51:02','2025-11-15 19:51:02',NULL),(36622,85,15,'activo',NULL,143,NULL,NULL,'2025-11-11',NULL,NULL,NULL,NULL,'2025-11-15 19:51:02','2025-11-15 19:51:02',NULL),(36623,85,15,'activo',NULL,143,NULL,NULL,'2025-11-12',NULL,NULL,NULL,NULL,'2025-11-15 19:51:02','2025-11-15 19:51:02',NULL),(36624,85,15,'activo',NULL,143,NULL,NULL,'2025-11-13',NULL,NULL,NULL,NULL,'2025-11-15 19:51:02','2025-11-15 19:51:02',NULL),(36625,85,15,'activo',NULL,143,NULL,NULL,'2025-11-14',NULL,NULL,NULL,NULL,'2025-11-15 19:51:02','2025-11-15 19:51:02',NULL),(36626,84,15,'activo',NULL,117,NULL,NULL,'2025-11-19',NULL,NULL,NULL,NULL,'2025-11-15 21:11:24','2025-11-15 21:11:32',NULL),(36627,85,15,'activo',NULL,143,NULL,NULL,'2025-11-15',NULL,NULL,NULL,NULL,'2025-11-15 21:15:52','2025-11-15 21:15:52',NULL),(36628,85,15,'activo',NULL,143,NULL,NULL,'2025-11-16',NULL,NULL,NULL,NULL,'2025-11-15 21:15:55','2025-11-15 21:15:55',NULL),(36629,27,3,'activo',4,2,NULL,NULL,'2025-11-18',NULL,NULL,NULL,NULL,'2025-11-19 10:24:52','2025-11-19 10:24:52',NULL),(36631,67,1,'activo',NULL,NULL,'06:00:00','14:00:00','2025-11-29',NULL,NULL,NULL,NULL,'2025-11-29 16:26:48','2025-11-29 19:25:34','2025-11-29 19:25:34'),(36635,67,1,'activo',NULL,NULL,NULL,NULL,'2025-11-25',NULL,NULL,NULL,NULL,'2025-11-29 17:16:16','2025-11-29 17:25:09','2025-11-29 17:25:09'),(36636,67,1,'activo',NULL,NULL,NULL,NULL,'2025-11-25',NULL,NULL,NULL,NULL,'2025-11-29 17:25:13','2025-11-29 19:25:34','2025-11-29 19:25:34'),(36637,67,1,'activo',NULL,NULL,NULL,NULL,'2025-11-26',NULL,NULL,NULL,NULL,'2025-11-29 17:25:13','2025-11-29 19:25:34','2025-11-29 19:25:34'),(36638,67,3,'activo',1,1,'22:00:00','06:00:00','2025-12-01',NULL,NULL,NULL,NULL,'2025-11-29 19:14:17','2025-11-30 22:09:50',NULL),(36639,67,1,'activo',3,1,'06:00:00','14:00:00','2025-12-02',NULL,NULL,NULL,NULL,'2025-11-29 19:14:24','2025-11-30 22:23:48',NULL),(36640,67,1,'activo',NULL,NULL,NULL,NULL,'2025-12-03',NULL,NULL,NULL,NULL,'2025-11-29 19:14:24','2025-11-29 19:14:24',NULL),(36641,67,1,'activo',NULL,NULL,NULL,NULL,'2025-12-04',NULL,NULL,NULL,NULL,'2025-11-29 19:14:24','2025-11-29 19:14:24',NULL),(36642,67,1,'activo',5,1,'06:00:00','14:00:00','2025-11-24',NULL,NULL,NULL,NULL,'2025-11-29 19:25:41','2025-11-30 17:38:44',NULL),(36643,67,1,'activo',NULL,NULL,'06:00:00','14:00:00','2025-11-25',NULL,NULL,NULL,NULL,'2025-11-29 19:25:41','2025-11-29 19:57:33',NULL),(36644,67,1,'activo',NULL,NULL,'06:00:00','14:00:00','2025-11-26',NULL,NULL,NULL,NULL,'2025-11-29 19:25:41','2025-11-29 19:57:33',NULL),(36645,67,1,'activo',NULL,NULL,'06:00:00','14:00:00','2025-11-27',NULL,NULL,NULL,NULL,'2025-11-29 19:25:41','2025-11-30 17:45:11',NULL),(36646,67,1,'activo',NULL,NULL,'06:00:00','14:00:00','2025-11-28',NULL,NULL,NULL,NULL,'2025-11-29 19:25:41','2025-11-30 17:45:11',NULL),(36647,67,1,'activo',5,1,'21:32:00','21:32:32','2025-11-29',NULL,NULL,NULL,NULL,'2025-11-29 19:47:27','2025-11-30 17:45:11',NULL),(36648,67,1,'activo',NULL,1,'21:51:00',NULL,'2025-11-30',NULL,NULL,NULL,NULL,'2025-11-29 19:52:19','2025-11-30 17:45:11',NULL),(36649,44,1,'activo',12,1,NULL,NULL,'2025-11-25',NULL,NULL,NULL,NULL,'2025-11-30 11:59:25','2025-11-30 17:44:41',NULL),(36650,1,1,'justificado',12,NULL,NULL,NULL,'2025-11-27','documentos/Eduardo_1/justificantes_asistencia/2025-11-27_1764521644.jpg',8.00,NULL,'2025-11-30 16:54:04','2025-11-30 14:58:36','2025-11-30 16:54:04',NULL),(36651,44,2,'activo',15,1,NULL,NULL,'2025-12-02',NULL,NULL,NULL,NULL,'2025-11-30 17:39:25','2025-11-30 17:39:36',NULL),(36652,84,15,'activo',NULL,187,NULL,NULL,'2025-12-01',NULL,NULL,NULL,NULL,'2025-12-01 07:21:51','2025-12-01 07:38:58','2025-12-01 07:38:58'),(36653,84,15,'activo',NULL,117,NULL,NULL,'2025-12-02',NULL,NULL,NULL,NULL,'2025-12-01 07:21:51','2025-12-01 07:21:51',NULL),(36654,84,15,'activo',NULL,117,NULL,NULL,'2025-12-03',NULL,NULL,NULL,NULL,'2025-12-01 07:21:51','2025-12-01 07:21:51',NULL),(36655,84,15,'activo',NULL,117,NULL,NULL,'2025-12-04',NULL,NULL,NULL,NULL,'2025-12-01 07:21:51','2025-12-01 07:21:51',NULL),(36656,84,15,'activo',NULL,117,NULL,NULL,'2025-12-05',NULL,NULL,NULL,NULL,'2025-12-01 07:21:51','2025-12-01 07:21:51',NULL),(36657,47,15,'activo',NULL,187,NULL,NULL,'2025-12-01',NULL,NULL,NULL,NULL,'2025-12-01 07:28:45','2025-12-01 07:28:45',NULL),(36658,45,15,'activo',NULL,233,NULL,NULL,'2025-12-01',NULL,NULL,NULL,NULL,'2025-12-01 07:28:49','2025-12-01 07:39:01','2025-12-01 07:39:01'),(36659,82,15,'activo',NULL,156,NULL,NULL,'2025-12-01',NULL,NULL,NULL,NULL,'2025-12-01 07:43:13','2025-12-01 13:07:52',NULL),(36660,82,15,'activo',NULL,156,NULL,NULL,'2025-12-02',NULL,NULL,NULL,NULL,'2025-12-01 07:43:13','2025-12-01 13:07:52',NULL),(36661,82,15,'activo',NULL,143,NULL,NULL,'2025-12-03',NULL,NULL,NULL,NULL,'2025-12-01 07:43:13','2025-12-01 13:03:07','2025-12-01 13:03:07'),(36662,82,15,'activo',NULL,156,NULL,NULL,'2025-12-04',NULL,NULL,NULL,NULL,'2025-12-01 07:43:13','2025-12-01 13:08:01',NULL),(36663,82,15,'activo',NULL,156,NULL,NULL,'2025-12-05',NULL,NULL,NULL,NULL,'2025-12-01 07:43:13','2025-12-01 13:08:01',NULL),(36664,1,1,'activo',3,1,'06:00:00','14:00:00','2025-12-02',NULL,NULL,NULL,NULL,'2025-12-01 07:44:53','2025-12-03 12:51:41',NULL),(36665,1,1,'activo',12,1,'06:00:00','14:00:00','2025-12-03',NULL,NULL,NULL,NULL,'2025-12-01 07:44:53','2025-12-03 12:51:41',NULL),(36666,1,1,'activo',12,1,NULL,NULL,'2025-12-04',NULL,NULL,NULL,NULL,'2025-12-01 07:44:53','2025-12-01 07:44:53',NULL),(36667,1,1,'activo',12,1,NULL,NULL,'2025-12-05',NULL,NULL,NULL,NULL,'2025-12-01 07:44:53','2025-12-01 07:44:53',NULL),(36668,1,1,'activo',5,1,NULL,NULL,'2025-12-09',NULL,NULL,NULL,NULL,'2025-12-01 07:44:53','2025-12-09 13:32:46',NULL),(36669,1,1,'activo',12,1,NULL,NULL,'2025-12-10',NULL,NULL,NULL,NULL,'2025-12-01 07:44:53','2025-12-01 07:44:53',NULL),(36670,1,1,'activo',12,1,NULL,NULL,'2025-12-11',NULL,NULL,NULL,NULL,'2025-12-01 07:44:53','2025-12-01 07:44:53',NULL),(36671,1,1,'activo',12,1,NULL,NULL,'2025-12-12',NULL,NULL,NULL,NULL,'2025-12-01 07:44:53','2025-12-01 07:44:53',NULL),(36672,1,1,'activo',12,1,NULL,NULL,'2025-12-15',NULL,NULL,NULL,NULL,'2025-12-01 07:44:53','2025-12-01 07:44:53',NULL),(36673,1,1,'activo',12,1,NULL,NULL,'2025-12-16',NULL,NULL,NULL,NULL,'2025-12-01 07:44:53','2025-12-01 07:44:53',NULL),(36674,1,1,'activo',12,1,NULL,NULL,'2025-12-17',NULL,NULL,NULL,NULL,'2025-12-01 07:44:53','2025-12-01 07:44:53',NULL),(36675,1,1,'activo',12,1,NULL,NULL,'2025-12-18',NULL,NULL,NULL,NULL,'2025-12-01 07:44:53','2025-12-01 07:44:53',NULL),(36676,1,1,'activo',12,1,NULL,NULL,'2025-12-19',NULL,NULL,NULL,NULL,'2025-12-01 07:44:53','2025-12-01 07:44:53',NULL),(36677,1,1,'activo',12,1,NULL,NULL,'2025-12-22',NULL,NULL,NULL,NULL,'2025-12-01 07:44:53','2025-12-01 07:44:53',NULL),(36678,1,1,'activo',12,1,NULL,NULL,'2025-12-23',NULL,NULL,NULL,NULL,'2025-12-01 07:44:53','2025-12-01 07:44:53',NULL),(36679,1,1,'activo',12,1,NULL,NULL,'2025-12-24',NULL,NULL,NULL,NULL,'2025-12-01 07:44:53','2025-12-01 07:44:53',NULL),(36680,1,1,'activo',12,1,NULL,NULL,'2025-12-26',NULL,NULL,NULL,NULL,'2025-12-01 07:44:53','2025-12-01 07:44:53',NULL),(36681,1,1,'activo',12,1,NULL,NULL,'2025-12-29',NULL,NULL,NULL,NULL,'2025-12-01 07:44:53','2025-12-01 07:44:53',NULL),(36682,1,1,'activo',12,1,NULL,NULL,'2025-12-30',NULL,NULL,NULL,NULL,'2025-12-01 07:44:53','2025-12-01 07:44:53',NULL),(36683,1,1,'activo',12,1,NULL,NULL,'2025-12-31',NULL,NULL,NULL,NULL,'2025-12-01 07:44:53','2025-12-01 07:44:53',NULL),(36684,3,3,'activo',NULL,2,NULL,NULL,'2025-12-02',NULL,NULL,NULL,NULL,'2025-12-01 07:49:58','2025-12-01 07:49:58',NULL),(36685,3,3,'activo',NULL,2,NULL,NULL,'2025-12-03',NULL,NULL,NULL,NULL,'2025-12-01 07:49:58','2025-12-01 07:49:58',NULL),(36686,3,3,'activo',NULL,2,NULL,NULL,'2025-12-04',NULL,NULL,NULL,NULL,'2025-12-01 07:49:58','2025-12-01 07:49:58',NULL),(36687,3,3,'activo',NULL,2,NULL,NULL,'2025-12-05',NULL,NULL,NULL,NULL,'2025-12-01 07:49:58','2025-12-01 07:49:58',NULL),(36688,3,3,'activo',NULL,2,NULL,NULL,'2025-12-09',NULL,NULL,NULL,NULL,'2025-12-01 07:49:58','2025-12-01 07:49:58',NULL),(36689,3,3,'activo',NULL,2,NULL,NULL,'2025-12-10',NULL,NULL,NULL,NULL,'2025-12-01 07:49:58','2025-12-01 07:49:58',NULL),(36690,3,3,'activo',NULL,2,NULL,NULL,'2025-12-11',NULL,NULL,NULL,NULL,'2025-12-01 07:49:58','2025-12-01 07:49:58',NULL),(36691,3,3,'activo',NULL,2,NULL,NULL,'2025-12-12',NULL,NULL,NULL,NULL,'2025-12-01 07:49:58','2025-12-01 07:49:58',NULL),(36692,3,3,'activo',NULL,2,NULL,NULL,'2025-12-15',NULL,NULL,NULL,NULL,'2025-12-01 07:49:58','2025-12-01 07:49:58',NULL),(36693,3,3,'activo',NULL,2,NULL,NULL,'2025-12-16',NULL,NULL,NULL,NULL,'2025-12-01 07:49:58','2025-12-01 07:49:58',NULL),(36694,3,3,'activo',NULL,2,NULL,NULL,'2025-12-17',NULL,NULL,NULL,NULL,'2025-12-01 07:49:58','2025-12-01 07:49:58',NULL),(36695,3,3,'activo',NULL,2,NULL,NULL,'2025-12-18',NULL,NULL,NULL,NULL,'2025-12-01 07:49:58','2025-12-01 07:49:58',NULL),(36696,3,3,'activo',NULL,2,NULL,NULL,'2025-12-19',NULL,NULL,NULL,NULL,'2025-12-01 07:49:58','2025-12-01 07:49:58',NULL),(36697,3,3,'activo',NULL,2,NULL,NULL,'2025-12-22',NULL,NULL,NULL,NULL,'2025-12-01 07:49:58','2025-12-01 07:49:58',NULL),(36698,3,3,'activo',NULL,2,NULL,NULL,'2025-12-23',NULL,NULL,NULL,NULL,'2025-12-01 07:49:58','2025-12-01 07:49:58',NULL),(36699,3,3,'activo',NULL,2,NULL,NULL,'2025-12-24',NULL,NULL,NULL,NULL,'2025-12-01 07:49:58','2025-12-01 07:49:58',NULL),(36700,3,3,'activo',NULL,2,NULL,NULL,'2025-12-26',NULL,NULL,NULL,NULL,'2025-12-01 07:49:58','2025-12-01 07:49:58',NULL),(36701,3,3,'activo',NULL,2,NULL,NULL,'2025-12-29',NULL,NULL,NULL,NULL,'2025-12-01 07:49:58','2025-12-01 07:49:58',NULL),(36702,3,3,'activo',NULL,2,NULL,NULL,'2025-12-30',NULL,NULL,NULL,NULL,'2025-12-01 07:49:58','2025-12-01 07:49:58',NULL),(36703,3,3,'activo',NULL,2,NULL,NULL,'2025-12-31',NULL,NULL,NULL,NULL,'2025-12-01 07:49:58','2025-12-01 07:49:58',NULL),(36704,2,NULL,'vacaciones',NULL,NULL,NULL,NULL,'2025-12-15',NULL,NULL,NULL,NULL,'2025-12-01 11:18:05','2025-12-01 11:18:05',NULL),(36705,2,NULL,'vacaciones',NULL,NULL,NULL,NULL,'2025-12-16',NULL,NULL,NULL,NULL,'2025-12-01 11:18:05','2025-12-01 11:18:05',NULL),(36706,2,NULL,'vacaciones',NULL,NULL,NULL,NULL,'2025-12-17',NULL,NULL,NULL,NULL,'2025-12-01 11:18:05','2025-12-01 11:18:05',NULL),(36707,2,NULL,'vacaciones',NULL,NULL,NULL,NULL,'2025-12-18',NULL,NULL,NULL,NULL,'2025-12-01 11:18:05','2025-12-01 11:18:05',NULL),(36708,2,NULL,'vacaciones',NULL,NULL,NULL,NULL,'2025-12-19',NULL,NULL,NULL,NULL,'2025-12-01 11:18:05','2025-12-01 11:18:05',NULL),(36709,1,1,'activo',12,NULL,'06:00:00','14:00:00','2026-01-01',NULL,NULL,NULL,NULL,'2025-12-03 12:51:14','2025-12-03 12:51:31',NULL),(36710,1,1,'activo',12,NULL,NULL,NULL,'2026-01-02',NULL,NULL,NULL,NULL,'2025-12-03 12:51:14','2025-12-03 12:51:14',NULL),(36711,85,15,'activo',NULL,156,NULL,NULL,'2025-12-09',NULL,NULL,NULL,NULL,'2025-12-09 07:31:24','2025-12-09 07:37:54',NULL),(36712,85,15,'activo',NULL,143,NULL,NULL,'2025-12-10',NULL,NULL,NULL,NULL,'2025-12-09 07:31:24','2025-12-09 07:39:19',NULL),(36713,85,15,'activo',NULL,156,NULL,NULL,'2025-12-11',NULL,NULL,NULL,NULL,'2025-12-09 07:31:24','2025-12-09 07:37:54',NULL),(36714,85,15,'activo',NULL,156,NULL,NULL,'2025-12-12',NULL,NULL,NULL,NULL,'2025-12-09 07:31:24','2025-12-09 07:37:54',NULL),(36715,84,15,'activo',NULL,156,NULL,NULL,'2025-12-09',NULL,NULL,NULL,NULL,'2025-12-09 07:31:24','2025-12-09 07:37:54',NULL),(36716,84,15,'activo',NULL,143,NULL,NULL,'2025-12-10',NULL,NULL,NULL,NULL,'2025-12-09 07:31:24','2025-12-09 07:45:20',NULL),(36717,84,15,'activo',NULL,143,NULL,NULL,'2025-12-11',NULL,NULL,NULL,NULL,'2025-12-09 07:31:24','2025-12-09 07:39:39',NULL),(36718,84,15,'activo',NULL,156,NULL,NULL,'2025-12-12',NULL,NULL,NULL,NULL,'2025-12-09 07:31:24','2025-12-09 07:37:54',NULL),(36719,90,15,'activo',NULL,156,NULL,NULL,'2025-12-09',NULL,NULL,NULL,NULL,'2025-12-09 07:35:17','2025-12-09 07:35:17',NULL),(36720,90,15,'activo',NULL,156,NULL,NULL,'2025-12-10',NULL,NULL,NULL,NULL,'2025-12-09 07:35:17','2025-12-09 07:35:17',NULL),(36721,90,15,'activo',NULL,156,NULL,NULL,'2025-12-11',NULL,NULL,NULL,NULL,'2025-12-09 07:35:17','2025-12-09 07:35:17',NULL),(36722,90,15,'activo',NULL,156,NULL,NULL,'2025-12-12',NULL,NULL,NULL,NULL,'2025-12-09 07:35:17','2025-12-09 07:35:17',NULL),(36723,24,15,'activo',NULL,173,NULL,NULL,'2025-12-09',NULL,NULL,NULL,NULL,'2025-12-09 07:35:17','2025-12-09 07:51:51',NULL),(36724,24,15,'activo',NULL,173,NULL,NULL,'2025-12-10',NULL,NULL,NULL,NULL,'2025-12-09 07:35:17','2025-12-09 07:51:51',NULL),(36725,24,15,'activo',NULL,173,NULL,NULL,'2025-12-11',NULL,NULL,NULL,NULL,'2025-12-09 07:35:17','2025-12-09 07:51:51',NULL),(36726,24,15,'activo',NULL,173,NULL,NULL,'2025-12-12',NULL,NULL,NULL,NULL,'2025-12-09 07:35:17','2025-12-09 07:51:51',NULL);
/*!40000 ALTER TABLE `asignaciones_turnos` ENABLE KEYS */;
UNLOCK TABLES;

--
-- Table structure for table `asistente_logs`
--

DROP TABLE IF EXISTS `asistente_logs`;
/*!40101 SET @saved_cs_client     = @@character_set_client */;
/*!40101 SET character_set_client = utf8 */;
CREATE TABLE `asistente_logs` (
  `id` bigint(20) unsigned NOT NULL AUTO_INCREMENT,
  `user_id` bigint(20) unsigned NOT NULL,
  `pregunta` text NOT NULL,
  `respuesta` text NOT NULL,
  `tipo_consulta` varchar(50) DEFAULT NULL,
  `coste` decimal(10,6) NOT NULL DEFAULT 0.000000,
  `tokens_input` int(11) NOT NULL DEFAULT 0,
  `tokens_output` int(11) NOT NULL DEFAULT 0,
  `duracion_segundos` decimal(8,3) NOT NULL DEFAULT 0.000,
  `created_at` timestamp NOT NULL DEFAULT current_timestamp(),
  PRIMARY KEY (`id`),
  KEY `idx_user_id` (`user_id`),
  KEY `idx_tipo_consulta` (`tipo_consulta`),
  KEY `idx_created_at` (`created_at`)
) ENGINE=InnoDB DEFAULT CHARSET=utf8mb4 COLLATE=utf8mb4_unicode_ci;
/*!40101 SET character_set_client = @saved_cs_client */;

--
-- Dumping data for table `asistente_logs`
--

LOCK TABLES `asistente_logs` WRITE;
/*!40000 ALTER TABLE `asistente_logs` DISABLE KEYS */;
/*!40000 ALTER TABLE `asistente_logs` ENABLE KEYS */;
UNLOCK TABLES;

--
-- Table structure for table `cache`
--

DROP TABLE IF EXISTS `cache`;
/*!40101 SET @saved_cs_client     = @@character_set_client */;
/*!40101 SET character_set_client = utf8 */;
CREATE TABLE `cache` (
  `key` varchar(255) NOT NULL,
  `value` mediumtext NOT NULL,
  `expiration` int(11) NOT NULL,
  PRIMARY KEY (`key`)
) ENGINE=InnoDB DEFAULT CHARSET=utf8mb4 COLLATE=utf8mb4_unicode_ci;
/*!40101 SET character_set_client = @saved_cs_client */;

--
-- Dumping data for table `cache`
--

LOCK TABLES `cache` WRITE;
/*!40000 ALTER TABLE `cache` DISABLE KEYS */;
/*!40000 ALTER TABLE `cache` ENABLE KEYS */;
UNLOCK TABLES;

--
-- Table structure for table `cache_locks`
--

DROP TABLE IF EXISTS `cache_locks`;
/*!40101 SET @saved_cs_client     = @@character_set_client */;
/*!40101 SET character_set_client = utf8 */;
CREATE TABLE `cache_locks` (
  `key` varchar(255) NOT NULL,
  `owner` varchar(255) NOT NULL,
  `expiration` int(11) NOT NULL,
  PRIMARY KEY (`key`)
) ENGINE=InnoDB DEFAULT CHARSET=utf8mb4 COLLATE=utf8mb4_unicode_ci;
/*!40101 SET character_set_client = @saved_cs_client */;

--
-- Dumping data for table `cache_locks`
--

LOCK TABLES `cache_locks` WRITE;
/*!40000 ALTER TABLE `cache_locks` DISABLE KEYS */;
/*!40000 ALTER TABLE `cache_locks` ENABLE KEYS */;
UNLOCK TABLES;

--
-- Table structure for table `camiones`
--

DROP TABLE IF EXISTS `camiones`;
/*!40101 SET @saved_cs_client     = @@character_set_client */;
/*!40101 SET character_set_client = utf8 */;
CREATE TABLE `camiones` (
  `id` bigint(20) unsigned NOT NULL AUTO_INCREMENT,
  `empresa_id` bigint(20) unsigned NOT NULL,
  `capacidad` decimal(10,2) NOT NULL,
  `modelo` varchar(100) DEFAULT NULL,
  `estado` enum('activo','inactivo') DEFAULT 'activo',
  `created_at` timestamp NULL DEFAULT current_timestamp(),
  `updated_at` timestamp NULL DEFAULT current_timestamp() ON UPDATE current_timestamp(),
  `deleted_at` timestamp NULL DEFAULT NULL,
  PRIMARY KEY (`id`),
  KEY `empresa_id` (`empresa_id`),
  CONSTRAINT `camiones_ibfk_1` FOREIGN KEY (`empresa_id`) REFERENCES `empresas_transporte` (`id`) ON DELETE CASCADE
) ENGINE=InnoDB AUTO_INCREMENT=16 DEFAULT CHARSET=utf8 COLLATE=utf8_general_ci;
/*!40101 SET character_set_client = @saved_cs_client */;

--
-- Dumping data for table `camiones`
--

LOCK TABLES `camiones` WRITE;
/*!40000 ALTER TABLE `camiones` DISABLE KEYS */;
INSERT INTO `camiones` VALUES (1,1,10000.00,'Trailer','activo','2025-03-04 14:40:48','2025-08-17 20:13:24',NULL),(2,1,6000.00,'Trailer Pluma','activo','2025-03-04 14:40:48','2025-08-17 20:13:18',NULL),(3,1,6500.00,'Camión','activo','2025-03-04 14:40:48','2025-05-01 22:10:33',NULL),(4,3,4500.00,'DAF XF','activo','2025-03-04 14:40:55','2025-03-04 14:40:55',NULL),(5,3,8500.00,'Mercedes-Benz Actros','activo','2025-03-04 14:40:55','2025-03-04 14:40:55',NULL),(6,3,7500.00,'Volvo FH','activo','2025-03-04 14:40:55','2025-03-04 14:40:55',NULL),(7,2,6000.00,'Trailer','activo','2025-03-04 14:41:12','2025-05-01 22:10:10',NULL),(8,2,7000.00,'Renault Trucks T','activo','2025-03-04 14:41:12','2025-03-04 14:41:12',NULL),(9,2,5500.00,'Iveco Stralis','activo','2025-03-04 14:41:12','2025-03-04 14:41:12',NULL),(10,4,1000.00,'Suzuki','activo','2025-03-05 00:24:27','2025-03-05 00:24:27',NULL),(11,4,500.00,'Ibiza','activo','2025-03-05 00:25:45','2025-05-01 22:10:58',NULL),(12,5,2000.00,'prueba','activo','2025-06-04 21:48:46','2025-06-04 21:48:46',NULL),(13,5,56465.00,'saldjkf','activo','2025-11-15 22:59:30','2025-11-15 22:59:30',NULL),(14,5,25000.00,'atopegama','activo','2025-11-15 22:59:59','2025-11-15 22:59:59',NULL),(15,5,2000.00,'ferrari','activo','2025-11-15 23:00:10','2025-11-15 23:00:10',NULL);
/*!40000 ALTER TABLE `camiones` ENABLE KEYS */;
UNLOCK TABLES;

--
-- Table structure for table `categorias`
--

DROP TABLE IF EXISTS `categorias`;
/*!40101 SET @saved_cs_client     = @@character_set_client */;
/*!40101 SET character_set_client = utf8 */;
CREATE TABLE `categorias` (
  `id` bigint(20) NOT NULL AUTO_INCREMENT,
  `nombre` varchar(100) NOT NULL,
  PRIMARY KEY (`id`)
) ENGINE=InnoDB AUTO_INCREMENT=18 DEFAULT CHARSET=utf8mb4 COLLATE=utf8mb4_general_ci;
/*!40101 SET character_set_client = @saved_cs_client */;

--
-- Dumping data for table `categorias`
--

LOCK TABLES `categorias` WRITE;
/*!40000 ALTER TABLE `categorias` DISABLE KEYS */;
INSERT INTO `categorias` VALUES (1,'Arquitecto/a'),(2,'Arquitecto/a técnico/a'),(3,'Ingeniero/a'),(4,'Ingeniero/a técnico/a'),(5,'Encargado/a de obra'),(6,'Jefe/a de producción'),(7,'Jefe/a de equipo'),(8,'Oficial de 1ª'),(9,'Oficial de 2ª'),(10,'Peón especialista'),(11,'Peón ordinario'),(12,'Gruista'),(13,'Vigilante'),(14,'Personal administrativo'),(15,'Jefe/a de administración'),(17,'CEO');
/*!40000 ALTER TABLE `categorias` ENABLE KEYS */;
UNLOCK TABLES;

--
-- Table structure for table `chat_consultas_sql`
--

DROP TABLE IF EXISTS `chat_consultas_sql`;
/*!40101 SET @saved_cs_client     = @@character_set_client */;
/*!40101 SET character_set_client = utf8 */;
CREATE TABLE `chat_consultas_sql` (
  `id` bigint(20) unsigned NOT NULL AUTO_INCREMENT,
  `mensaje_id` bigint(20) unsigned NOT NULL,
  `user_id` bigint(20) unsigned NOT NULL,
  `consulta_sql` text NOT NULL,
  `consulta_natural` text NOT NULL,
  `resultados` longtext CHARACTER SET utf8mb4 COLLATE utf8mb4_bin DEFAULT NULL CHECK (json_valid(`resultados`)),
  `filas_afectadas` int(11) NOT NULL DEFAULT 0,
  `exitosa` tinyint(1) NOT NULL DEFAULT 1,
  `error` text DEFAULT NULL,
  `created_at` timestamp NULL DEFAULT NULL,
  `updated_at` timestamp NULL DEFAULT NULL,
  PRIMARY KEY (`id`),
  KEY `chat_consultas_sql_mensaje_id_foreign` (`mensaje_id`),
  KEY `chat_consultas_sql_user_id_created_at_index` (`user_id`,`created_at`),
  KEY `idx_user` (`user_id`),
  KEY `idx_auditoria` (`user_id`,`exitosa`,`created_at`),
  KEY `idx_consulta` (`consulta_sql`(768)),
  CONSTRAINT `chat_consultas_sql_mensaje_id_foreign` FOREIGN KEY (`mensaje_id`) REFERENCES `chat_mensajes` (`id`) ON DELETE CASCADE,
  CONSTRAINT `chat_consultas_sql_user_id_foreign` FOREIGN KEY (`user_id`) REFERENCES `users` (`id`) ON DELETE CASCADE
) ENGINE=InnoDB AUTO_INCREMENT=6 DEFAULT CHARSET=utf8mb4 COLLATE=utf8mb4_unicode_ci;
/*!40101 SET character_set_client = @saved_cs_client */;

--
-- Dumping data for table `chat_consultas_sql`
--

LOCK TABLES `chat_consultas_sql` WRITE;
/*!40000 ALTER TABLE `chat_consultas_sql` DISABLE KEYS */;
INSERT INTO `chat_consultas_sql` VALUES (2,5,1,'SELECT SUM(peso_total) AS total_kilos FROM pedidos WHERE fabricante_id = (SELECT codigo FROM fabricantes WHERE nombre = \'msr20\') AND fecha_pedido = CURDATE() LIMIT 1','Dime cuantos kilos deberia fabricar esta tarde la msr20','[{\"total_kilos\":null}]',1,1,NULL,'2025-11-14 07:30:12','2025-11-14 07:30:12'),(3,7,1,'SELECT * FROM users ORDER BY created_at DESC LIMIT 1','Cual fue el ultimo usuario registrado','[{\"id\":90,\"name\":\"Admin\",\"primer_apellido\":\"Admin\",\"segundo_apellido\":\"Admin\",\"email\":\"admin@hotmail.com\",\"puede_usar_asistente\":1,\"puede_modificar_bd\":0,\"imagen\":null,\"movil_personal\":null,\"movil_empresa\":null,\"numero_corto\":null,\"dni\":\"12345678A\",\"empresa_id\":1,\"rol\":\"operario\",\"maquina_id\":null,\"turno\":\"ma\\u00f1ana\",\"vacaciones_totales\":22,\"password\":\"$2y$12$vwkT3q8l2oy4.EVNs28TR.ICPEuEx1BoBV\\/HGYrrMUFiGj1tQN5RW\",\"remember_token\":\"6LEv6nntSTdsfxoYNsFWroTnKJQ48zUGmuvriwq9iKXNwYaLQH9U67wbOzlC\",\"email_verified_at\":null,\"acepta_politica_privacidad\":1,\"acepta_politica_cookies\":1,\"fecha_aceptacion_politicas\":\"2025-10-30\",\"created_at\":\"2025-10-07 12:21:30\",\"updated_at\":\"2025-11-04 08:17:12\",\"deleted_at\":null,\"categoria_id\":8,\"updated_by\":90,\"estado\":\"activo\",\"fecha_baja\":null}]',1,1,NULL,'2025-11-14 10:45:00','2025-11-14 10:45:00'),(4,21,1,'SELECT * FROM entradas ORDER BY created_at DESC LIMIT 1','Cual es el ultimo trabajador que ha fichado','[{\"id\":488,\"albaran\":\"AC25\\/0067\",\"codigo_sage\":null,\"nave_id\":2,\"pedido_id\":26,\"pedido_producto_id\":324,\"usuario_id\":1,\"peso_total\":\"5000.00\",\"estado\":\"cerrado\",\"pdf_albaran\":null,\"otros\":\"Entrada generada desde recepci\\u00f3n de pedido\",\"created_at\":\"2025-11-17 02:46:11\",\"updated_at\":\"2025-11-17 02:46:16\",\"deleted_at\":null}]',1,1,NULL,'2025-11-17 13:55:12','2025-11-17 13:55:12'),(5,29,1,'SELECT * FROM alertas WHERE user_id_1 = (SELECT id FROM users WHERE LOWER(name) LIKE \'%eduardo magro%\') AND estado=\'sin leer\' LIMIT 50','dime que alertas tiene sin leer eduardo magro',NULL,0,0,'SQLSTATE[42S22]: Column not found: 1054 Unknown column \'estado\' in \'where clause\' (Connection: mysql, SQL: SELECT * FROM alertas WHERE user_id_1 = (SELECT id FROM users WHERE LOWER(name) LIKE \'%eduardo magro%\') AND estado=\'sin leer\' LIMIT 50)','2025-11-29 20:25:33','2025-11-29 20:25:33');
/*!40000 ALTER TABLE `chat_consultas_sql` ENABLE KEYS */;
UNLOCK TABLES;

--
-- Table structure for table `chat_conversaciones`
--

DROP TABLE IF EXISTS `chat_conversaciones`;
/*!40101 SET @saved_cs_client     = @@character_set_client */;
/*!40101 SET character_set_client = utf8 */;
CREATE TABLE `chat_conversaciones` (
  `id` bigint(20) unsigned NOT NULL AUTO_INCREMENT,
  `user_id` bigint(20) unsigned NOT NULL,
  `titulo` varchar(255) DEFAULT NULL,
  `ultima_actividad` timestamp NOT NULL DEFAULT current_timestamp(),
  `created_at` timestamp NULL DEFAULT NULL,
  `updated_at` timestamp NULL DEFAULT NULL,
  PRIMARY KEY (`id`),
  KEY `chat_conversaciones_user_id_ultima_actividad_index` (`user_id`,`ultima_actividad`),
  KEY `idx_user_actividad` (`user_id`,`ultima_actividad`),
  CONSTRAINT `chat_conversaciones_user_id_foreign` FOREIGN KEY (`user_id`) REFERENCES `users` (`id`) ON DELETE CASCADE
) ENGINE=InnoDB AUTO_INCREMENT=27 DEFAULT CHARSET=utf8mb4 COLLATE=utf8mb4_unicode_ci;
/*!40101 SET character_set_client = @saved_cs_client */;

--
-- Dumping data for table `chat_conversaciones`
--

LOCK TABLES `chat_conversaciones` WRITE;
/*!40000 ALTER TABLE `chat_conversaciones` DISABLE KEYS */;
INSERT INTO `chat_conversaciones` VALUES (1,1,'Dime cuantos kilos deberia fabricar esta tarde la ...','2025-11-14 07:30:14','2025-11-13 06:38:41','2025-11-14 07:30:14'),(22,66,NULL,'2025-11-14 07:20:20','2025-11-14 07:20:20','2025-11-14 07:20:20'),(24,1,'Cual fue el ultimo usuario registrado','2025-11-15 21:32:24','2025-11-14 10:44:44','2025-11-15 21:32:24'),(25,1,'Ayuda - 17/11/2025 14:16','2025-11-17 13:16:43','2025-11-17 13:16:41','2025-11-17 13:16:43'),(26,1,'Ayuda - 17/11/2025 14:17','2025-11-29 20:26:25','2025-11-17 13:17:00','2025-11-29 20:26:25');
/*!40000 ALTER TABLE `chat_conversaciones` ENABLE KEYS */;
UNLOCK TABLES;

--
-- Table structure for table `chat_mensajes`
--

DROP TABLE IF EXISTS `chat_mensajes`;
/*!40101 SET @saved_cs_client     = @@character_set_client */;
/*!40101 SET character_set_client = utf8 */;
CREATE TABLE `chat_mensajes` (
  `id` bigint(20) unsigned NOT NULL AUTO_INCREMENT,
  `conversacion_id` bigint(20) unsigned NOT NULL,
  `role` enum('user','assistant','system') NOT NULL DEFAULT 'user',
  `contenido` text NOT NULL,
  `metadata` longtext CHARACTER SET utf8mb4 COLLATE utf8mb4_bin DEFAULT NULL CHECK (json_valid(`metadata`)),
  `created_at` timestamp NULL DEFAULT NULL,
  `updated_at` timestamp NULL DEFAULT NULL,
  PRIMARY KEY (`id`),
  KEY `chat_mensajes_conversacion_id_created_at_index` (`conversacion_id`,`created_at`),
  KEY `idx_conversacion` (`conversacion_id`),
  KEY `idx_conversacion_role` (`conversacion_id`,`role`),
  KEY `idx_created_at` (`created_at`),
  CONSTRAINT `chat_mensajes_conversacion_id_foreign` FOREIGN KEY (`conversacion_id`) REFERENCES `chat_conversaciones` (`id`) ON DELETE CASCADE
) ENGINE=InnoDB AUTO_INCREMENT=35 DEFAULT CHARSET=utf8mb4 COLLATE=utf8mb4_unicode_ci;
/*!40101 SET character_set_client = @saved_cs_client */;

--
-- Dumping data for table `chat_mensajes`
--

LOCK TABLES `chat_mensajes` WRITE;
/*!40000 ALTER TABLE `chat_mensajes` DISABLE KEYS */;
INSERT INTO `chat_mensajes` VALUES (5,1,'user','Dime cuantos kilos deberia fabricar esta tarde la msr20',NULL,'2025-11-14 07:30:09','2025-11-14 07:30:09'),(6,1,'assistant','**Resultado de la consulta:**\n\n- **Total de kilos a fabricar (msr20):** **No disponible** (valor nulo)','{\"requirio_sql\":true,\"sql\":\"SELECT SUM(peso_total) AS total_kilos FROM pedidos WHERE fabricante_id = (SELECT codigo FROM fabricantes WHERE nombre = \'msr20\') AND fecha_pedido = CURDATE() LIMIT 1\",\"tipo_operacion\":\"SELECT\",\"filas_afectadas\":0}','2025-11-14 07:30:14','2025-11-14 07:30:14'),(7,24,'user','Cual fue el ultimo usuario registrado',NULL,'2025-11-14 10:44:57','2025-11-14 10:44:57'),(8,24,'assistant','**Último usuario registrado:**\n\n| **Campo**                     | **Valor**                      |\n|-------------------------------|--------------------------------|\n| **ID**                        | 90                             |\n| **Nombre**                    | Admin                          |\n| **Primer Apellido**          | Admin                          |\n| **Segundo Apellido**         | Admin                          |\n| **Email**                     | admin@hotmail.com              |\n| **Rol**                       | operario                       |\n| **DNI**                       | 12345678A                     |\n| **Turno**                     | mañana                         |\n| **Vacaciones Totales**        | 22                             |\n| **Estado**                    | activo                         |\n| **Fecha de Registro**         | 2025-10-07 12:21:30           |\n| **Fecha de Aceptación Políticas** | 2025-10-30                |\n\n**Notas:**\n- **Puede usar asistente:** Sí\n- **Puede modificar BD:** No\n- **Acepta política de privacidad:** Sí\n- **Acepta política de cookies:** Sí','{\"requirio_sql\":true,\"sql\":\"SELECT * FROM users ORDER BY created_at DESC LIMIT 1\",\"tipo_operacion\":\"SELECT\",\"filas_afectadas\":0}','2025-11-14 10:45:05','2025-11-14 10:45:05'),(9,24,'user','el usuario eduardo magro tiene turno para la semana que viene?',NULL,'2025-11-15 21:31:51','2025-11-15 21:31:51'),(10,24,'assistant','No tengo acceso a información sobre turnos de usuarios. ¿En qué más puedo ayudarte?','{\"requirio_sql\":false}','2025-11-15 21:31:53','2025-11-15 21:31:53'),(11,24,'user','mira en las asignaciones de turno',NULL,'2025-11-15 21:32:02','2025-11-15 21:32:02'),(12,24,'assistant','Lo siento, no tengo acceso a la información sobre asignaciones de turno. ¿En qué más puedo ayudarte?','{\"requirio_sql\":false}','2025-11-15 21:32:04','2025-11-15 21:32:04'),(13,24,'user','dime cual fue la ultima nomina que descargo eduardo magro',NULL,'2025-11-15 21:32:23','2025-11-15 21:32:23'),(14,24,'assistant','Lo siento, no tengo acceso a información sobre nóminas o descargas específicas de usuarios.','{\"requirio_sql\":false}','2025-11-15 21:32:24','2025-11-15 21:32:24'),(15,25,'user','como ficho entrada',NULL,'2025-11-17 13:16:41','2025-11-17 13:16:41'),(16,25,'assistant','Lo siento, pero no puedo ayudar con fichar entradas. Soy un asistente para consultas SQL de lectura. ¿Te gustaría hacer una consulta sobre entradas?','{\"requirio_sql\":false}','2025-11-17 13:16:43','2025-11-17 13:16:43'),(17,26,'user','como fichar entrada',NULL,'2025-11-17 13:17:00','2025-11-17 13:17:00'),(18,26,'assistant','Para fichar una entrada, debes seguir el procedimiento establecido en tu sistema ERP. Si necesitas información sobre las entradas registradas, puedo ayudarte con eso.','{\"requirio_sql\":false}','2025-11-17 13:17:02','2025-11-17 13:17:02'),(19,26,'user','como fichar entrada',NULL,'2025-11-17 13:54:57','2025-11-17 13:54:57'),(20,26,'assistant','Para fichar una entrada, necesitarías acceso a funciones de inserción en la base de datos. Te recomiendo contactar a un administrador del sistema.','{\"requirio_sql\":false}','2025-11-17 13:54:58','2025-11-17 13:54:58'),(21,26,'user','Cual es el ultimo trabajador que ha fichado',NULL,'2025-11-17 13:55:11','2025-11-17 13:55:11'),(22,26,'assistant','**Último trabajador que ha fichado:**\n\n| **Campo**                | **Valor**                          |\n|-------------------------|-----------------------------------|\n| **ID**                  | 488                               |\n| **Albarán**             | AC25/0067                         |\n| **Nave ID**             | 2                                 |\n| **Pedido ID**           | 26                                |\n| **Pedido Producto ID**  | 324                               |\n| **Usuario ID**          | 1                                 |\n| **Peso Total**          | 5000.00                           |\n| **Estado**              | Cerrado                           |\n| **Otros**               | Entrada generada desde recepción de pedido |\n| **Fecha de Creación**   | 2025-11-17 02:46:11              |\n| **Fecha de Actualización** | 2025-11-17 02:46:16            |','{\"requirio_sql\":true,\"sql\":\"SELECT * FROM entradas ORDER BY created_at DESC LIMIT 1\",\"tipo_operacion\":\"SELECT\",\"filas_afectadas\":0}','2025-11-17 13:55:17','2025-11-17 13:55:17'),(23,26,'user','que debe de pasar para que se asignen 3 coladas a un elemento',NULL,'2025-11-17 13:57:11','2025-11-17 13:57:11'),(24,26,'assistant','Para que se asignen 3 coladas a un elemento, generalmente se deben cumplir ciertos criterios de producción y planificación, como la disponibilidad de materiales, la capacidad de la máquina, la demanda del pedido y la programación de la producción. Sin embargo, la lógica específica puede variar según el sistema de gestión utilizado.','{\"requirio_sql\":false}','2025-11-17 13:57:14','2025-11-17 13:57:14'),(25,26,'user','Cual es el ultimo camion de ferralla que entro',NULL,'2025-11-19 10:04:34','2025-11-19 10:04:34'),(26,26,'assistant','⚠️ **LÍMITE DE TOKENS ALCANZADO**\n\nSe ha alcanzado el límite de uso de OpenAI. El sistema no puede procesar más consultas en este momento.\n\n**¿Qué hacer?**\n\n1️⃣ **Espera 1 minuto** - El límite se reinicia cada minuto\n2️⃣ **Agrega créditos** - Añade un método de pago en tu cuenta de OpenAI para aumentar el límite\n3️⃣ **Consultas simples** - Usa preguntas más directas y cortas\n\n🔗 Gestionar cuenta: https://platform.openai.com/account/billing\n\n💡 *Tip: He optimizado el sistema para consumir 70% menos tokens. Espera 1 minuto e inténtalo de nuevo.*','{\"error\":\"Rate limit reached for gpt-4o-mini in organization org-b22RPeIzZm3tNDG84pTJKbq4 on tokens per min (TPM): Limit 100000, Used 100000, Requested 787. Please try again in 5h39m59.04s. Visit https:\\/\\/platform.openai.com\\/account\\/rate-limits to learn more. You can increase your rate limit by adding a payment method to your account at https:\\/\\/platform.openai.com\\/account\\/billing.\"}','2025-11-19 10:04:35','2025-11-19 10:04:35'),(27,26,'user','arreglale la hora de entrada y salida del fichaje de ayer a marco magro lopez',NULL,'2025-11-28 06:37:23','2025-11-28 06:37:23'),(28,26,'assistant','No tengo permisos para realizar actualizaciones. Solo puedo ejecutar consultas de lectura.','{\"requirio_sql\":false}','2025-11-28 06:37:25','2025-11-28 06:37:25'),(29,26,'user','dime que alertas tiene sin leer eduardo magro',NULL,'2025-11-29 20:25:30','2025-11-29 20:25:30'),(30,26,'assistant','⚠️ **ERROR EN LA CONSULTA SQL**\n\nLa columna especificada no existe en la tabla. Por favor, reformula tu pregunta.\n\n💡 Puedes pedirme que te muestre qué columnas tiene una tabla específica.','{\"error\":\"Error al ejecutar la consulta: SQLSTATE[42S22]: Column not found: 1054 Unknown column \'estado\' in \'where clause\' (Connection: mysql, SQL: SELECT * FROM alertas WHERE user_id_1 = (SELECT id FROM users WHERE LOWER(name) LIKE \'%eduardo magro%\') AND estado=\'sin leer\' LIMIT 50)\"}','2025-11-29 20:25:33','2025-11-29 20:25:33'),(31,26,'user','dime que alertas tiene sin leer eduardo magro, para ello consulta leida_en',NULL,'2025-11-29 20:25:52','2025-11-29 20:25:52'),(32,26,'assistant','No tengo acceso a la tabla \'alertas\' ni a la columna \'leida_en\'. ¿Puedo ayudarte con otra consulta?','{\"requirio_sql\":false}','2025-11-29 20:25:54','2025-11-29 20:25:54'),(33,26,'user','puedes marcar un elemento como completado?',NULL,'2025-11-29 20:26:23','2025-11-29 20:26:23'),(34,26,'assistant','No tengo permisos para marcar elementos como completados. Solo puedo realizar consultas de lectura.','{\"requirio_sql\":false}','2025-11-29 20:26:24','2025-11-29 20:26:24');
/*!40000 ALTER TABLE `chat_mensajes` ENABLE KEYS */;
UNLOCK TABLES;

--
-- Table structure for table `clientes`
--

DROP TABLE IF EXISTS `clientes`;
/*!40101 SET @saved_cs_client     = @@character_set_client */;
/*!40101 SET character_set_client = utf8 */;
CREATE TABLE `clientes` (
  `id` bigint(20) unsigned NOT NULL AUTO_INCREMENT,
  `empresa` varchar(255) NOT NULL,
  `codigo` varchar(50) DEFAULT NULL,
  `contacto1_nombre` varchar(255) DEFAULT NULL,
  `contacto1_telefono` varchar(20) DEFAULT NULL,
  `contacto1_email` varchar(255) DEFAULT NULL,
  `contacto2_nombre` varchar(255) DEFAULT NULL,
  `contacto2_telefono` varchar(20) DEFAULT NULL,
  `contacto2_email` varchar(255) DEFAULT NULL,
  `direccion` text DEFAULT NULL,
  `ciudad` varchar(100) DEFAULT NULL,
  `provincia` varchar(100) DEFAULT NULL,
  `pais` varchar(100) DEFAULT NULL,
  `cif_nif` varchar(50) DEFAULT NULL,
  `created_at` timestamp NULL DEFAULT current_timestamp(),
  `updated_at` timestamp NULL DEFAULT current_timestamp() ON UPDATE current_timestamp(),
  `deleted_at` timestamp NULL DEFAULT NULL,
  PRIMARY KEY (`id`),
  UNIQUE KEY `codigo` (`codigo`),
  UNIQUE KEY `cif_nif` (`cif_nif`)
) ENGINE=InnoDB AUTO_INCREMENT=214 DEFAULT CHARSET=utf8 COLLATE=utf8_general_ci;
/*!40101 SET character_set_client = @saved_cs_client */;

--
-- Dumping data for table `clientes`
--

LOCK TABLES `clientes` WRITE;
/*!40000 ALTER TABLE `clientes` DISABLE KEYS */;
INSERT INTO `clientes` VALUES (1,'HIERROS PACO REYES','1',NULL,NULL,NULL,NULL,NULL,NULL,NULL,NULL,NULL,NULL,NULL,'2025-03-17 13:54:30','2025-03-17 13:58:30',NULL),(3,'DBD CONSULTORIA TECNICA SL','4',NULL,NULL,NULL,NULL,NULL,NULL,NULL,NULL,NULL,NULL,NULL,'2025-03-17 13:54:40','2025-03-17 13:54:40',NULL),(4,'FOTRESCU S.L.','6',NULL,NULL,NULL,NULL,NULL,NULL,NULL,NULL,NULL,NULL,NULL,'2025-03-17 13:54:40','2025-03-17 13:54:40',NULL),(5,'ALQUIBLANCA S.L.','7',NULL,NULL,NULL,NULL,NULL,NULL,NULL,NULL,NULL,NULL,NULL,'2025-03-17 13:54:40','2025-03-17 13:54:40',NULL),(6,'GLOM-UP-FACILITY SERVICES S.L.','8',NULL,NULL,NULL,NULL,NULL,NULL,NULL,NULL,NULL,NULL,NULL,'2025-03-17 13:54:40','2025-03-17 13:54:40',NULL),(7,'ACSA OBRAS E INFRAESTRUCTURAS S.A','9',NULL,NULL,NULL,NULL,NULL,NULL,NULL,NULL,NULL,NULL,NULL,'2025-03-17 13:54:40','2025-03-17 13:54:40',NULL),(8,'CONSTRUCCIONES RIALORA','10',NULL,NULL,NULL,NULL,NULL,NULL,NULL,NULL,NULL,NULL,NULL,'2025-03-17 13:54:40','2025-03-17 13:54:40',NULL),(9,'PROEDISUR 2008 S.L.','11',NULL,NULL,NULL,NULL,NULL,NULL,NULL,NULL,NULL,NULL,NULL,'2025-03-17 13:54:40','2025-03-17 13:54:40',NULL),(10,'SOLIDO OBRAS Y MANTENIMIENTO S.L.','12',NULL,NULL,NULL,NULL,NULL,NULL,NULL,NULL,NULL,NULL,NULL,'2025-03-17 13:54:40','2025-03-17 13:54:40',NULL),(11,'AREA CONSTRUCCION','13',NULL,NULL,NULL,NULL,NULL,NULL,NULL,NULL,NULL,NULL,NULL,'2025-03-17 13:54:40','2025-03-17 13:54:40',NULL),(12,'OBRATEC CONSTRUYE S.L.','14',NULL,NULL,NULL,NULL,NULL,NULL,NULL,NULL,NULL,NULL,NULL,'2025-03-17 13:54:40','2025-03-17 13:54:40',NULL),(13,'NUEVA RUFALCA','15',NULL,NULL,NULL,NULL,NULL,NULL,NULL,NULL,NULL,NULL,NULL,'2025-03-17 13:54:40','2025-03-17 13:54:40',NULL),(14,'MOVICONTEX','16',NULL,NULL,NULL,NULL,NULL,NULL,NULL,NULL,NULL,NULL,NULL,'2025-03-17 13:54:40','2025-03-17 13:54:40',NULL),(15,'DEROBRAS S.L.','17',NULL,NULL,NULL,NULL,NULL,NULL,NULL,NULL,NULL,NULL,NULL,'2025-03-17 13:54:40','2025-03-17 13:54:40',NULL),(16,'DINTEC','18',NULL,NULL,NULL,NULL,NULL,NULL,NULL,NULL,NULL,NULL,NULL,'2025-03-17 13:54:40','2025-03-17 13:54:40',NULL),(17,'PROMOCIONES BELLO DIA S.L.','19',NULL,NULL,NULL,NULL,NULL,NULL,NULL,NULL,NULL,NULL,NULL,'2025-03-17 13:54:40','2025-03-17 13:54:40',NULL),(18,'CLIENTES VARIOS','20',NULL,NULL,NULL,NULL,NULL,NULL,NULL,NULL,NULL,NULL,NULL,'2025-03-17 13:54:40','2025-03-17 13:54:40',NULL),(19,'INGEDECA','21',NULL,NULL,NULL,NULL,NULL,NULL,NULL,NULL,NULL,NULL,NULL,'2025-03-17 13:54:40','2025-03-17 13:54:40',NULL),(20,'INFANTE LIMON HERMANOS S.L.','22',NULL,NULL,NULL,NULL,NULL,NULL,NULL,NULL,NULL,NULL,NULL,'2025-03-17 13:54:40','2025-03-17 13:54:40',NULL),(21,'BELCON OBRAS Y SERVICIOS S.L.U.','23',NULL,NULL,NULL,NULL,NULL,NULL,NULL,NULL,NULL,NULL,NULL,'2025-03-17 13:54:40','2025-03-17 13:54:40',NULL),(22,'BEYLOR','24',NULL,NULL,NULL,NULL,NULL,NULL,NULL,NULL,NULL,NULL,NULL,'2025-03-17 13:54:40','2025-03-17 13:54:40',NULL),(23,'BELCON OBRAS Y SERVICIOS S.L.U.','25',NULL,NULL,NULL,NULL,NULL,NULL,NULL,NULL,NULL,NULL,NULL,'2025-03-17 13:54:40','2025-03-17 13:54:40',NULL),(24,'ASTIGIA','26',NULL,NULL,NULL,NULL,NULL,NULL,NULL,NULL,NULL,NULL,NULL,'2025-03-17 13:54:40','2025-03-17 13:54:40',NULL),(25,'ALNIBRECAR','27',NULL,NULL,NULL,NULL,NULL,NULL,NULL,NULL,NULL,NULL,NULL,'2025-03-17 13:54:40','2025-03-17 13:54:40',NULL),(26,'EDIFICAREH','28',NULL,NULL,NULL,NULL,NULL,NULL,NULL,NULL,NULL,NULL,NULL,'2025-03-17 13:54:40','2025-03-17 13:54:40',NULL),(27,'JAVIER MIRAIME','30',NULL,NULL,NULL,NULL,NULL,NULL,NULL,NULL,NULL,NULL,NULL,'2025-03-17 13:54:40','2025-03-17 13:54:40',NULL),(28,'SIERRA JIMENEZ JOSE ANTONIO','31',NULL,NULL,NULL,NULL,NULL,NULL,NULL,NULL,NULL,NULL,NULL,'2025-03-17 13:54:40','2025-03-17 13:54:40',NULL),(29,'PASTER','32',NULL,NULL,NULL,NULL,NULL,NULL,NULL,NULL,NULL,NULL,NULL,'2025-03-17 13:54:40','2025-03-17 13:54:40',NULL),(30,'AESQUINAPE S.L.','33',NULL,NULL,NULL,NULL,NULL,NULL,NULL,NULL,NULL,NULL,NULL,'2025-03-17 13:54:40','2025-03-17 13:54:40',NULL),(31,'COANFI','34',NULL,NULL,NULL,NULL,NULL,NULL,NULL,NULL,NULL,NULL,NULL,'2025-03-17 13:54:41','2025-03-17 13:54:41',NULL),(32,'MOVICONTEX','35',NULL,NULL,NULL,NULL,NULL,NULL,NULL,NULL,NULL,NULL,NULL,'2025-03-17 13:54:41','2025-03-17 13:54:41',NULL),(33,'NIKOGESTION','36',NULL,NULL,NULL,NULL,NULL,NULL,NULL,NULL,NULL,NULL,NULL,'2025-03-17 13:54:41','2025-03-17 13:54:41',NULL),(34,'ABRAJAL','38',NULL,NULL,NULL,NULL,NULL,NULL,NULL,NULL,NULL,NULL,NULL,'2025-03-17 13:54:41','2025-03-17 13:54:41',NULL),(35,'FONSAN','39',NULL,NULL,NULL,NULL,NULL,NULL,NULL,NULL,NULL,NULL,NULL,'2025-03-17 13:54:41','2025-03-17 13:54:41',NULL),(36,'MANUEL REYES','40',NULL,NULL,NULL,NULL,NULL,NULL,NULL,NULL,NULL,NULL,NULL,'2025-03-17 13:54:41','2025-03-17 13:54:41',NULL),(37,'EIFFAGE INFRAESTRUCTURAS SAU','41',NULL,NULL,NULL,NULL,NULL,NULL,NULL,NULL,NULL,NULL,NULL,'2025-03-17 13:54:41','2025-03-17 13:54:41',NULL),(38,'CARRERO VERA SLU','42',NULL,NULL,NULL,NULL,NULL,NULL,NULL,NULL,NULL,NULL,NULL,'2025-03-17 13:54:41','2025-03-17 13:54:41',NULL),(39,'ARQUITECTURA Y VISION','43',NULL,NULL,NULL,NULL,NULL,NULL,NULL,NULL,NULL,NULL,NULL,'2025-03-17 13:54:41','2025-03-17 13:54:41',NULL),(40,'FONSAN S.L.','44',NULL,NULL,NULL,NULL,NULL,NULL,NULL,NULL,NULL,NULL,NULL,'2025-03-17 13:54:41','2025-03-17 13:54:41',NULL),(41,'ODISA','45',NULL,NULL,NULL,NULL,NULL,NULL,NULL,NULL,NULL,NULL,NULL,'2025-03-17 13:54:41','2025-03-17 13:54:41',NULL),(42,'URBANTECH TITANIA S.L.','46',NULL,NULL,NULL,NULL,NULL,NULL,NULL,NULL,NULL,NULL,NULL,'2025-03-17 13:54:41','2025-03-17 13:54:41',NULL),(43,'PROYCO','47',NULL,NULL,NULL,NULL,NULL,NULL,NULL,NULL,NULL,NULL,NULL,'2025-03-17 13:54:41','2025-03-17 13:54:41',NULL),(44,'UTE CEIP-ANDALUS.UTRERA','48',NULL,NULL,NULL,NULL,NULL,NULL,NULL,NULL,NULL,NULL,NULL,'2025-03-17 13:54:50','2025-03-17 13:54:50',NULL),(45,'DISEÑO E INTERIORISMO','49',NULL,NULL,NULL,NULL,NULL,NULL,NULL,NULL,NULL,NULL,NULL,'2025-03-17 13:54:50','2025-03-17 13:54:50',NULL),(46,'ROALGEST','50',NULL,NULL,NULL,NULL,NULL,NULL,NULL,NULL,NULL,NULL,NULL,'2025-03-17 13:54:50','2025-03-17 13:54:50',NULL),(47,'SURKASA','52',NULL,NULL,NULL,NULL,NULL,NULL,NULL,NULL,NULL,NULL,NULL,'2025-03-17 13:54:50','2025-03-17 13:54:50',NULL),(48,'MARALVA','53',NULL,NULL,NULL,NULL,NULL,NULL,NULL,NULL,NULL,NULL,NULL,'2025-03-17 13:54:50','2025-03-17 13:54:50',NULL),(49,'RIVITA','54',NULL,NULL,NULL,NULL,NULL,NULL,NULL,NULL,NULL,NULL,NULL,'2025-03-17 13:54:50','2025-03-17 13:54:50',NULL),(50,'MANTENIA SERVICIOS','55',NULL,NULL,NULL,NULL,NULL,NULL,NULL,NULL,NULL,NULL,NULL,'2025-03-17 13:54:50','2025-03-17 13:54:50',NULL),(51,'CIMBRAS ESTRUCTURAS Y FERRALLAS S.L.','56',NULL,NULL,NULL,NULL,NULL,NULL,NULL,NULL,NULL,NULL,NULL,'2025-03-17 13:54:50','2025-03-17 13:54:50',NULL),(52,'SORIGUE','57',NULL,NULL,NULL,NULL,NULL,NULL,NULL,NULL,NULL,NULL,NULL,'2025-03-17 13:54:50','2025-03-17 13:54:50',NULL),(53,'DIEGO SANCHEZ ROMERO','58',NULL,NULL,NULL,NULL,NULL,NULL,NULL,NULL,NULL,NULL,NULL,'2025-03-17 13:54:50','2025-03-17 13:54:50',NULL),(54,'ONESIMO','59',NULL,NULL,NULL,NULL,NULL,NULL,NULL,NULL,NULL,NULL,NULL,'2025-03-17 13:54:50','2025-03-17 13:54:50',NULL),(55,'EDIFICASUR','60',NULL,NULL,NULL,NULL,NULL,NULL,NULL,NULL,NULL,NULL,NULL,'2025-03-17 13:54:50','2025-03-17 13:54:50',NULL),(56,'GESTION DE VIVIENDAS VERACRUZ SL','61',NULL,NULL,NULL,NULL,NULL,NULL,NULL,NULL,NULL,NULL,NULL,'2025-03-17 13:54:50','2025-03-17 13:54:50',NULL),(57,'PLASFOC S.A.U.','62',NULL,NULL,NULL,NULL,NULL,NULL,NULL,NULL,NULL,NULL,NULL,'2025-03-17 13:54:50','2025-03-17 13:54:50',NULL),(58,'CONSTRUCCIONES MAJOIN','63',NULL,NULL,NULL,NULL,NULL,NULL,NULL,NULL,NULL,NULL,NULL,'2025-03-17 13:54:50','2025-03-17 13:54:50',NULL),(59,'SERANCO','64',NULL,NULL,NULL,NULL,NULL,NULL,NULL,NULL,NULL,NULL,NULL,'2025-03-17 13:54:50','2025-03-17 13:54:50',NULL),(60,'ESASUR ENERGIA','65',NULL,NULL,NULL,NULL,NULL,NULL,NULL,NULL,NULL,NULL,NULL,'2025-03-17 13:54:50','2025-03-17 13:54:50',NULL),(61,'ASOL','66',NULL,NULL,NULL,NULL,NULL,NULL,NULL,NULL,NULL,NULL,NULL,'2025-03-17 13:54:50','2025-03-17 13:54:50',NULL),(62,'CONST Y TUBERIAS CARMONA','67',NULL,NULL,NULL,NULL,NULL,NULL,NULL,NULL,NULL,NULL,NULL,'2025-03-17 13:54:50','2025-03-17 13:54:50',NULL),(63,'PAQUETO','68',NULL,NULL,NULL,NULL,NULL,NULL,NULL,NULL,NULL,NULL,NULL,'2025-03-17 13:54:50','2025-03-17 13:54:50',NULL),(64,'PAQUETO','69',NULL,NULL,NULL,NULL,NULL,NULL,NULL,NULL,NULL,NULL,NULL,'2025-03-17 13:54:50','2025-03-17 13:54:50',NULL),(65,'QUALES','70',NULL,NULL,NULL,NULL,NULL,NULL,NULL,NULL,NULL,NULL,NULL,'2025-03-17 13:54:50','2025-03-17 13:54:50',NULL),(66,'IZAMARA','71',NULL,NULL,NULL,NULL,NULL,NULL,NULL,NULL,NULL,NULL,NULL,'2025-03-17 13:54:50','2025-03-17 13:54:50',NULL),(67,'MARISMAS CONST Y REFORMAS','72',NULL,NULL,NULL,NULL,NULL,NULL,NULL,NULL,NULL,NULL,NULL,'2025-03-17 13:54:50','2025-03-17 13:54:50',NULL),(68,'INDALECIO MOGIO MENDEZ','73',NULL,NULL,NULL,NULL,NULL,NULL,NULL,NULL,NULL,NULL,NULL,'2025-03-17 13:54:50','2025-03-17 13:54:50',NULL),(69,'EDISUR OBRAS Y ESTRUCTURAS SL','74',NULL,NULL,NULL,NULL,NULL,NULL,NULL,NULL,NULL,NULL,NULL,'2025-03-17 13:54:50','2025-03-17 13:54:50',NULL),(70,'PEDIDOS DE PARTICULARES','75',NULL,NULL,NULL,NULL,NULL,NULL,NULL,NULL,NULL,NULL,NULL,'2025-03-17 13:54:50','2025-03-17 13:54:50',NULL),(71,'PRAES','77',NULL,NULL,NULL,NULL,NULL,NULL,NULL,NULL,NULL,NULL,NULL,'2025-03-17 13:54:50','2025-03-17 13:54:50',NULL),(72,'MARSUR TS-21 SL','78',NULL,NULL,NULL,NULL,NULL,NULL,NULL,NULL,NULL,NULL,NULL,'2025-03-17 13:54:50','2025-03-17 13:54:50',NULL),(73,'SACYR','79',NULL,NULL,NULL,NULL,NULL,NULL,NULL,NULL,NULL,NULL,NULL,'2025-03-17 13:54:50','2025-03-17 13:54:50',NULL),(74,'RICASA CENTRAL','80',NULL,NULL,NULL,NULL,NULL,NULL,NULL,NULL,NULL,NULL,NULL,'2025-03-17 13:54:50','2025-03-17 13:54:50',NULL),(75,'RISACA CENTRAL','81',NULL,NULL,NULL,NULL,NULL,NULL,NULL,NULL,NULL,NULL,NULL,'2025-03-17 13:54:50','2025-03-17 13:54:50',NULL),(76,'J.J CASTILLO','82',NULL,NULL,NULL,NULL,NULL,NULL,NULL,NULL,NULL,NULL,NULL,'2025-03-17 13:54:50','2025-03-17 13:54:50',NULL),(77,'SANDO','83',NULL,NULL,NULL,NULL,NULL,NULL,NULL,NULL,NULL,NULL,NULL,'2025-03-17 13:54:50','2025-03-17 13:54:50',NULL),(78,'GARCIAS Y ANTUNEZ CONSTRUCCIONES OBRA Y SEV. S.L.','84',NULL,NULL,NULL,NULL,NULL,NULL,NULL,NULL,NULL,NULL,NULL,'2025-03-17 13:54:50','2025-03-17 13:54:50',NULL),(79,'ALZA','85',NULL,NULL,NULL,NULL,NULL,NULL,NULL,NULL,NULL,NULL,NULL,'2025-03-17 13:54:50','2025-03-17 13:54:50',NULL),(80,'HUMITO','86',NULL,NULL,NULL,NULL,NULL,NULL,NULL,NULL,NULL,NULL,NULL,'2025-03-17 13:54:50','2025-03-17 13:54:50',NULL),(81,'GERMAN GIL SENDA S.A.','87',NULL,NULL,NULL,NULL,NULL,NULL,NULL,NULL,NULL,NULL,NULL,'2025-03-17 13:54:50','2025-03-17 13:54:50',NULL),(82,'CONSTRUCCIONES IZAMARA S.L.','88',NULL,NULL,NULL,NULL,NULL,NULL,NULL,NULL,NULL,NULL,NULL,'2025-03-17 13:54:50','2025-03-17 13:54:50',NULL),(83,'CARTUJA INMOBILIARIA','89',NULL,NULL,NULL,NULL,NULL,NULL,NULL,NULL,NULL,NULL,NULL,'2025-03-17 13:54:50','2025-03-17 13:54:50',NULL),(84,'MARCO ANTONIO MUÑOZ','90',NULL,NULL,NULL,NULL,NULL,NULL,NULL,NULL,NULL,NULL,NULL,'2025-03-17 13:54:50','2025-03-17 13:54:50',NULL),(85,'VIPRELOSPA','91',NULL,NULL,NULL,NULL,NULL,NULL,NULL,NULL,NULL,NULL,NULL,'2025-03-17 13:54:50','2025-03-17 13:54:50',NULL),(86,'FERROVIAL','92',NULL,NULL,NULL,NULL,NULL,NULL,NULL,NULL,NULL,NULL,NULL,'2025-03-17 13:54:50','2025-03-17 13:54:50',NULL),(87,'GESTIA OBRAS Y SERVICIOS','93',NULL,NULL,NULL,NULL,NULL,NULL,NULL,NULL,NULL,NULL,NULL,'2025-03-17 13:54:50','2025-03-17 13:54:50',NULL),(88,'CONSTRUCCIONES JESUS SIERRA E HIJOS','94',NULL,NULL,NULL,NULL,NULL,NULL,NULL,NULL,NULL,NULL,NULL,'2025-03-17 13:54:50','2025-03-17 13:54:50',NULL),(89,'JARQUIL','95',NULL,NULL,NULL,NULL,NULL,NULL,NULL,NULL,NULL,NULL,NULL,'2025-03-17 14:02:46','2025-03-17 14:02:46',NULL),(90,'GRUPO PARRA','96',NULL,NULL,NULL,NULL,NULL,NULL,NULL,NULL,NULL,NULL,NULL,'2025-03-17 14:02:46','2025-03-17 14:02:46',NULL),(91,'GRUPO CHAVSA','97',NULL,NULL,NULL,NULL,NULL,NULL,NULL,NULL,NULL,NULL,NULL,'2025-03-17 14:02:46','2025-03-17 14:02:46',NULL),(92,'CONSTRUCCIONES CALDERÓN','99',NULL,NULL,NULL,NULL,NULL,NULL,NULL,NULL,NULL,NULL,NULL,'2025-03-17 14:02:46','2025-03-17 14:02:46',NULL),(93,'TECADE GROUP','100',NULL,NULL,NULL,NULL,NULL,NULL,NULL,NULL,NULL,NULL,NULL,'2025-03-17 14:02:46','2025-03-17 14:02:46',NULL),(94,'MAIPA','101',NULL,NULL,NULL,NULL,NULL,NULL,NULL,NULL,NULL,NULL,NULL,'2025-03-17 14:02:46','2025-03-17 14:02:46',NULL),(95,'MULTISERVICIOS ALVESUR','102',NULL,NULL,NULL,NULL,NULL,NULL,NULL,NULL,NULL,NULL,NULL,'2025-03-17 14:02:46','2025-03-17 14:02:46',NULL),(96,'FRANCISCO ARENA','104',NULL,NULL,NULL,NULL,NULL,NULL,NULL,NULL,NULL,NULL,NULL,'2025-03-17 14:02:46','2025-03-17 14:02:46',NULL),(97,'MACONS','105',NULL,NULL,NULL,NULL,NULL,NULL,NULL,NULL,NULL,NULL,NULL,'2025-03-17 14:02:47','2025-03-17 14:02:47',NULL),(98,'COBRA','106',NULL,NULL,NULL,NULL,NULL,NULL,NULL,NULL,NULL,NULL,NULL,'2025-03-17 14:02:47','2025-03-17 14:02:47',NULL),(99,'CONSTRUCAR','107',NULL,NULL,NULL,NULL,NULL,NULL,NULL,NULL,NULL,NULL,NULL,'2025-03-17 14:02:47','2025-03-17 14:02:47',NULL),(100,'CANTERAS Y CONSTRUCCIONES S.L.','108',NULL,NULL,NULL,NULL,NULL,NULL,NULL,NULL,NULL,NULL,NULL,'2025-03-17 14:02:47','2025-03-17 14:02:47',NULL),(101,'ALBAIDA INFRAESTRUCTURAS S.A.','109',NULL,NULL,NULL,NULL,NULL,NULL,NULL,NULL,NULL,NULL,NULL,'2025-03-17 14:02:47','2025-03-17 14:02:47',NULL),(102,'TRCONSTRUYA','110',NULL,NULL,NULL,NULL,NULL,NULL,NULL,NULL,NULL,NULL,NULL,'2025-03-17 14:02:47','2025-03-17 14:02:47',NULL),(103,'ESPIREA','111',NULL,NULL,NULL,NULL,NULL,NULL,NULL,NULL,NULL,NULL,NULL,'2025-03-17 14:02:47','2025-03-17 14:02:47',NULL),(104,'GRUPO ZINC','112',NULL,NULL,NULL,NULL,NULL,NULL,NULL,NULL,NULL,NULL,NULL,'2025-03-17 14:02:47','2025-03-17 14:02:47',NULL),(105,'SANTA LUCIA PROMOTORA Y CONSTRUCTORA','113',NULL,NULL,NULL,NULL,NULL,NULL,NULL,NULL,NULL,NULL,NULL,'2025-03-17 14:02:47','2025-03-17 14:02:47',NULL),(106,'BAUVIER CONSTRUCTORA','114',NULL,NULL,NULL,NULL,NULL,NULL,NULL,NULL,NULL,NULL,NULL,'2025-03-17 14:02:47','2025-03-17 14:02:47',NULL),(107,'ESPIREA','115',NULL,NULL,NULL,NULL,NULL,NULL,NULL,NULL,NULL,NULL,NULL,'2025-03-17 14:02:47','2025-03-17 14:02:47',NULL),(108,'NORALTA','116',NULL,NULL,NULL,NULL,NULL,NULL,NULL,NULL,NULL,NULL,NULL,'2025-03-17 14:02:47','2025-03-17 14:02:47',NULL),(109,'ADIANTE INFRAESTRUCTURAS','117',NULL,NULL,NULL,NULL,NULL,NULL,NULL,NULL,NULL,NULL,NULL,'2025-03-17 14:02:47','2025-03-17 14:02:47',NULL),(110,'BARAHONA OBRAS Y SERVICIOS SL','118',NULL,NULL,NULL,NULL,NULL,NULL,NULL,NULL,NULL,NULL,NULL,'2025-03-17 14:02:47','2025-03-17 14:02:47',NULL),(111,'EPROAN S.A.','119',NULL,NULL,NULL,NULL,NULL,NULL,NULL,NULL,NULL,NULL,NULL,'2025-03-17 14:02:47','2025-03-17 14:02:47',NULL),(112,'EIFAGE','120',NULL,NULL,NULL,NULL,NULL,NULL,NULL,NULL,NULL,NULL,NULL,'2025-03-17 14:02:47','2025-03-17 14:02:47',NULL),(113,'CIMENTIA CONSTRUCCION Y GESTION S.L.','121',NULL,NULL,NULL,NULL,NULL,NULL,NULL,NULL,NULL,NULL,NULL,'2025-03-17 14:02:47','2025-03-17 14:02:47',NULL),(114,'MOTIAN SL','122',NULL,NULL,NULL,NULL,NULL,NULL,NULL,NULL,NULL,NULL,NULL,'2025-03-17 14:02:47','2025-03-17 14:02:47',NULL),(115,'GRUPO TRAGSA','123',NULL,NULL,NULL,NULL,NULL,NULL,NULL,NULL,NULL,NULL,NULL,'2025-03-17 14:02:47','2025-03-17 14:02:47',NULL),(116,'GESMASA S.L.','124',NULL,NULL,NULL,NULL,NULL,NULL,NULL,NULL,NULL,NULL,NULL,'2025-03-17 14:02:47','2025-03-17 14:02:47',NULL),(117,'UTE COPERO','125',NULL,NULL,NULL,NULL,NULL,NULL,NULL,NULL,NULL,NULL,NULL,'2025-03-17 14:02:47','2025-03-17 14:02:47',NULL),(118,'AMPE','126',NULL,NULL,NULL,NULL,NULL,NULL,NULL,NULL,NULL,NULL,NULL,'2025-03-17 14:02:47','2025-03-17 14:02:47',NULL),(119,'AMPE','127',NULL,NULL,NULL,NULL,NULL,NULL,NULL,NULL,NULL,NULL,NULL,'2025-03-17 14:02:47','2025-03-17 14:02:47',NULL),(120,'GEVORA','128',NULL,NULL,NULL,NULL,NULL,NULL,NULL,NULL,NULL,NULL,NULL,'2025-03-17 14:02:47','2025-03-17 14:02:47',NULL),(121,'RETRADA 92','129',NULL,NULL,NULL,NULL,NULL,NULL,NULL,NULL,NULL,NULL,NULL,'2025-03-17 14:02:47','2025-03-17 14:02:47',NULL),(122,'PABELLÓN SIGLO XV - DIAZ CUBERO SA Y GES.','132',NULL,NULL,NULL,NULL,NULL,NULL,NULL,NULL,NULL,NULL,NULL,'2025-03-17 14:02:47','2025-03-17 14:02:47',NULL),(123,'PRESUPUESTOS','133',NULL,NULL,NULL,NULL,NULL,NULL,NULL,NULL,NULL,NULL,NULL,'2025-03-17 14:02:47','2025-03-17 14:02:47',NULL),(124,'DRAINSAL','134',NULL,NULL,NULL,NULL,NULL,NULL,NULL,NULL,NULL,NULL,NULL,'2025-03-17 14:02:47','2025-03-17 14:02:47',NULL),(125,'CONSTRUCCIONES ALBORA SA','135',NULL,NULL,NULL,NULL,NULL,NULL,NULL,NULL,NULL,NULL,NULL,'2025-03-17 14:02:47','2025-03-17 14:02:47',NULL),(126,'HELIOPOL','137',NULL,NULL,NULL,NULL,NULL,NULL,NULL,NULL,NULL,NULL,NULL,'2025-03-17 14:02:47','2025-03-17 14:02:47',NULL),(127,'DERPROYECTOYOBRAS','138',NULL,NULL,NULL,NULL,NULL,NULL,NULL,NULL,NULL,NULL,NULL,'2025-03-17 14:02:47','2025-03-17 14:02:47',NULL),(128,'VIAS Y CONSTRUCCIONES','139',NULL,NULL,NULL,NULL,NULL,NULL,NULL,NULL,NULL,NULL,NULL,'2025-03-17 14:02:47','2025-03-17 14:02:47',NULL),(129,'GLOWUP INFRAESTRUCTURAS SL','140',NULL,NULL,NULL,NULL,NULL,NULL,NULL,NULL,NULL,NULL,NULL,'2025-03-17 14:02:47','2025-03-17 14:02:47',NULL),(130,'CAAD. CONSTRUCCIONES SL.','141',NULL,NULL,NULL,NULL,NULL,NULL,NULL,NULL,NULL,NULL,NULL,'2025-03-17 14:02:47','2025-03-17 14:02:47',NULL),(131,'CONSTRUCCIONES PIÑERO SL','142',NULL,NULL,NULL,NULL,NULL,NULL,NULL,NULL,NULL,NULL,NULL,'2025-03-17 14:02:47','2025-03-17 14:02:47',NULL),(132,'JUAN BRENES','143',NULL,NULL,NULL,NULL,NULL,NULL,NULL,NULL,NULL,NULL,NULL,'2025-03-17 14:02:47','2025-03-17 14:02:47',NULL),(133,'PROYECO S.A.','144',NULL,NULL,NULL,NULL,NULL,NULL,NULL,NULL,NULL,NULL,NULL,'2025-03-17 14:02:47','2025-03-17 14:08:38',NULL),(135,'HIERROS Y ACEROS DEL ALJARAFE S.L.L.','145',NULL,NULL,NULL,NULL,NULL,NULL,NULL,NULL,NULL,NULL,NULL,'2025-03-17 14:08:38','2025-03-17 14:08:38',NULL),(136,'PUNTA BERMEJA SL','146',NULL,NULL,NULL,NULL,NULL,NULL,NULL,NULL,NULL,NULL,NULL,'2025-03-17 14:08:38','2025-03-17 14:08:38',NULL),(137,'PARIENTE BALLESTEROS','147',NULL,NULL,NULL,NULL,NULL,NULL,NULL,NULL,NULL,NULL,NULL,'2025-03-17 14:08:38','2025-03-17 14:08:38',NULL),(138,'META 360','148',NULL,NULL,NULL,NULL,NULL,NULL,NULL,NULL,NULL,NULL,NULL,'2025-03-17 14:08:38','2025-03-17 14:08:38',NULL),(139,'AGUAS DE SEVILLA','149',NULL,NULL,NULL,NULL,NULL,NULL,NULL,NULL,NULL,NULL,NULL,'2025-03-17 14:08:38','2025-03-17 14:08:38',NULL),(140,'PACADAR','150',NULL,NULL,NULL,NULL,NULL,NULL,NULL,NULL,NULL,NULL,NULL,'2025-03-17 14:08:38','2025-03-17 14:08:38',NULL),(141,'ACSA OBRAS E INFRAESTRUCTURAS S.A','151',NULL,NULL,NULL,NULL,NULL,NULL,NULL,NULL,NULL,NULL,NULL,'2025-03-17 14:08:38','2025-03-17 14:08:38',NULL),(142,'BEHOME OBRAS','152',NULL,NULL,NULL,NULL,NULL,NULL,NULL,NULL,NULL,NULL,NULL,'2025-03-17 14:08:38','2025-03-17 14:08:38',NULL),(143,'ARGESCONSUR','153',NULL,NULL,NULL,NULL,NULL,NULL,NULL,NULL,NULL,NULL,NULL,'2025-03-17 14:08:38','2025-03-17 14:08:38',NULL),(144,'ADRIATICA','154',NULL,NULL,NULL,NULL,NULL,NULL,NULL,NULL,NULL,NULL,NULL,'2025-03-17 14:08:38','2025-03-17 14:08:38',NULL),(145,'PRUEBA','155',NULL,NULL,NULL,NULL,NULL,NULL,NULL,NULL,NULL,NULL,NULL,'2025-03-17 14:08:38','2025-03-17 14:08:38',NULL),(146,'Herysan 2007 SL','156',NULL,NULL,NULL,NULL,NULL,NULL,NULL,NULL,NULL,NULL,NULL,'2025-03-17 14:08:38','2025-03-17 14:08:38',NULL),(147,'ISTEM SLU','157',NULL,NULL,NULL,NULL,NULL,NULL,NULL,NULL,NULL,NULL,NULL,'2025-03-17 14:08:38','2025-03-17 14:08:38',NULL),(148,'FACSA','158',NULL,NULL,NULL,NULL,NULL,NULL,NULL,NULL,NULL,NULL,NULL,'2025-03-17 14:08:38','2025-03-17 14:08:38',NULL),(149,'VDR MUTILVA S.L.','159',NULL,NULL,NULL,NULL,NULL,NULL,NULL,NULL,NULL,NULL,NULL,'2025-03-17 14:08:38','2025-03-17 14:08:38',NULL),(150,'JICA','160',NULL,NULL,NULL,NULL,NULL,NULL,NULL,NULL,NULL,NULL,NULL,'2025-03-17 14:08:38','2025-03-17 14:08:38',NULL),(151,'AMS SL','161',NULL,NULL,NULL,NULL,NULL,NULL,NULL,NULL,NULL,NULL,NULL,'2025-03-17 14:08:38','2025-03-17 14:08:38',NULL),(152,'PISCINAS SAN JUAN','162',NULL,NULL,NULL,NULL,NULL,NULL,NULL,NULL,NULL,NULL,NULL,'2025-03-17 14:08:38','2025-03-17 14:08:38',NULL),(153,'CONSTRUREG SL','163',NULL,NULL,NULL,NULL,NULL,NULL,NULL,NULL,NULL,NULL,NULL,'2025-03-17 14:08:38','2025-03-17 14:08:38',NULL),(154,'RUBAU','164',NULL,NULL,NULL,NULL,NULL,NULL,NULL,NULL,NULL,NULL,NULL,'2025-03-17 14:08:38','2025-03-17 14:08:38',NULL),(155,'ESTRUCTURAS ZAMARRA','165',NULL,NULL,NULL,NULL,NULL,NULL,NULL,NULL,NULL,NULL,NULL,'2025-03-17 14:08:38','2025-03-17 14:08:38',NULL),(156,'GRUPO INSUR','166',NULL,NULL,NULL,NULL,NULL,NULL,NULL,NULL,NULL,NULL,NULL,'2025-03-17 14:08:38','2025-03-17 14:08:38',NULL),(157,'CONACON SA','167',NULL,NULL,NULL,NULL,NULL,NULL,NULL,NULL,NULL,NULL,NULL,'2025-03-17 14:08:38','2025-03-17 14:08:38',NULL),(158,'AVINTIA','168',NULL,NULL,NULL,NULL,NULL,NULL,NULL,NULL,NULL,NULL,NULL,'2025-03-17 14:08:38','2025-03-17 14:08:38',NULL),(159,'COHEROGRAN','169',NULL,NULL,NULL,NULL,NULL,NULL,NULL,NULL,NULL,NULL,NULL,'2025-03-17 14:08:38','2025-03-17 14:08:38',NULL),(160,'AVANTIA SERVICIOS DE GESTION SL','170',NULL,NULL,NULL,NULL,NULL,NULL,NULL,NULL,NULL,NULL,NULL,'2025-03-17 14:08:38','2025-03-17 14:08:38',NULL),(161,'GUADAIRA SERVICIOS AMBIENTALES SA','171',NULL,NULL,NULL,NULL,NULL,NULL,NULL,NULL,NULL,NULL,NULL,'2025-03-17 14:08:38','2025-03-17 14:08:38',NULL),(162,'CARPETRISA','172',NULL,NULL,NULL,NULL,NULL,NULL,NULL,NULL,NULL,NULL,NULL,'2025-03-17 14:08:38','2025-03-17 14:08:38',NULL),(163,'HERGACON XXI SL','173',NULL,NULL,NULL,NULL,NULL,NULL,NULL,NULL,NULL,NULL,NULL,'2025-03-17 14:08:38','2025-03-17 14:08:38',NULL),(164,'CURRO PARIENTE','174',NULL,NULL,NULL,NULL,NULL,NULL,NULL,NULL,NULL,NULL,NULL,'2025-03-17 14:08:38','2025-03-17 14:08:38',NULL),(165,'PROYECON','175',NULL,NULL,NULL,NULL,NULL,NULL,NULL,NULL,NULL,NULL,NULL,'2025-03-17 14:08:38','2025-03-17 14:08:38',NULL),(166,'3LC','176',NULL,NULL,NULL,NULL,NULL,NULL,NULL,NULL,NULL,NULL,NULL,'2025-03-17 14:08:38','2025-03-17 14:08:38',NULL),(167,'CONSTRUCCIONES HERMANOS AGUERO SL','177',NULL,NULL,NULL,NULL,NULL,NULL,NULL,NULL,NULL,NULL,NULL,'2025-03-17 14:08:38','2025-03-17 14:08:38',NULL),(168,'INAGEN SL','178',NULL,NULL,NULL,NULL,NULL,NULL,NULL,NULL,NULL,NULL,NULL,'2025-03-17 14:08:38','2025-03-17 14:08:38',NULL),(169,'LORIN','179',NULL,NULL,NULL,NULL,NULL,NULL,NULL,NULL,NULL,NULL,NULL,'2025-03-17 14:08:38','2025-03-17 14:08:38',NULL),(170,'MARTIN CASILLAS SL','180',NULL,NULL,NULL,NULL,NULL,NULL,NULL,NULL,NULL,NULL,NULL,'2025-03-17 14:08:38','2025-03-17 14:08:38',NULL),(171,'FERRICOS EL CERRO SL','181',NULL,NULL,NULL,NULL,NULL,NULL,NULL,NULL,NULL,NULL,NULL,'2025-03-17 14:08:38','2025-03-17 14:08:38',NULL),(172,'GRUPO AGP S.L.','182',NULL,NULL,NULL,NULL,NULL,NULL,NULL,NULL,NULL,NULL,NULL,'2025-03-17 14:08:38','2025-03-17 14:08:38',NULL),(173,'KELLER CIMENTACIONES SL','183',NULL,NULL,NULL,NULL,NULL,NULL,NULL,NULL,NULL,NULL,NULL,'2025-03-17 14:08:38','2025-03-17 14:08:38',NULL),(174,'MODELOS DE PLANILLAS','184',NULL,NULL,NULL,NULL,NULL,NULL,NULL,NULL,NULL,NULL,NULL,'2025-03-17 14:08:38','2025-03-17 14:08:38',NULL),(175,'AUTODESGUACE PEDRO RUIZ','185',NULL,NULL,NULL,NULL,NULL,NULL,NULL,NULL,NULL,NULL,NULL,'2025-03-17 14:08:38','2025-03-17 14:08:38',NULL),(176,'ULLASTRES','186',NULL,NULL,NULL,NULL,NULL,NULL,NULL,NULL,NULL,NULL,NULL,'2025-03-17 14:08:38','2025-03-17 14:08:38',NULL),(177,'MAYGAR','187',NULL,NULL,NULL,NULL,NULL,NULL,NULL,NULL,NULL,NULL,NULL,'2025-03-17 14:08:38','2025-03-17 14:08:38',NULL),(178,'UTE CAMPO DE RUGBY','188',NULL,NULL,NULL,NULL,NULL,NULL,NULL,NULL,NULL,NULL,NULL,'2025-03-17 14:08:38','2025-03-17 14:08:38',NULL),(179,'EPC CUBICA','189',NULL,NULL,NULL,NULL,NULL,NULL,NULL,NULL,NULL,NULL,NULL,'2025-03-17 14:11:20','2025-03-17 14:11:20',NULL),(180,'CARBONELL FIGUERAS','190',NULL,NULL,NULL,NULL,NULL,NULL,NULL,NULL,NULL,NULL,NULL,'2025-03-17 14:11:20','2025-03-17 14:11:20',NULL),(181,'REVESAN SL','192',NULL,NULL,NULL,NULL,NULL,NULL,NULL,NULL,NULL,NULL,NULL,'2025-03-17 14:11:20','2025-03-17 14:11:20',NULL),(182,'SITESUR CIMENTACIONES','193',NULL,NULL,NULL,NULL,NULL,NULL,NULL,NULL,NULL,NULL,NULL,'2025-03-17 14:11:20','2025-03-17 14:11:20',NULL),(183,'PRUEBA','194',NULL,NULL,NULL,NULL,NULL,NULL,NULL,NULL,NULL,NULL,NULL,'2025-03-17 14:11:20','2025-03-17 14:11:20',NULL),(184,'DRAGADOS','195',NULL,NULL,NULL,NULL,NULL,NULL,NULL,NULL,NULL,NULL,NULL,'2025-03-17 14:11:20','2025-03-17 14:11:20',NULL),(185,'GUAMAR','196',NULL,NULL,NULL,NULL,NULL,NULL,NULL,NULL,NULL,NULL,NULL,'2025-03-17 14:11:20','2025-03-17 14:11:20',NULL),(186,'UTE SIFON DEL ODIEL','197',NULL,NULL,NULL,NULL,NULL,NULL,NULL,NULL,NULL,NULL,NULL,'2025-03-17 14:11:20','2025-03-17 14:11:20',NULL),(187,'OYRSA SOLUCIONES SL','198',NULL,NULL,NULL,NULL,NULL,NULL,NULL,NULL,NULL,NULL,NULL,'2025-03-17 14:11:20','2025-03-17 14:11:20',NULL),(188,'IMAGINE TOTAL PROJETS S.L.','199',NULL,NULL,NULL,NULL,NULL,NULL,NULL,NULL,NULL,NULL,NULL,'2025-03-17 14:11:20','2025-03-17 14:11:20',NULL),(189,'CONSTRUMARBEL','200',NULL,NULL,NULL,NULL,NULL,NULL,NULL,NULL,NULL,NULL,NULL,'2025-03-17 14:11:20','2025-03-17 14:11:20',NULL),(190,'COPUNO','201',NULL,NULL,NULL,NULL,NULL,NULL,NULL,NULL,NULL,NULL,NULL,'2025-03-17 14:11:20','2025-03-17 14:11:20',NULL),(191,'DAVAL SL','202',NULL,NULL,NULL,NULL,NULL,NULL,NULL,NULL,NULL,NULL,NULL,'2025-03-17 14:11:20','2025-03-17 14:11:20',NULL),(192,'UTE SANDO-OHL-HORMACESA','203',NULL,NULL,NULL,NULL,NULL,NULL,NULL,NULL,NULL,NULL,NULL,'2025-03-17 14:11:20','2025-03-17 14:11:20',NULL),(193,'SOLTUM','204',NULL,NULL,NULL,NULL,NULL,NULL,NULL,NULL,NULL,NULL,NULL,'2025-03-17 14:11:20','2025-03-17 14:11:20',NULL),(194,'STNAPAL','205',NULL,NULL,NULL,NULL,NULL,NULL,NULL,NULL,NULL,NULL,NULL,'2025-03-17 14:11:20','2025-03-17 14:11:20',NULL),(195,'AMENABAR SA','206',NULL,NULL,NULL,NULL,NULL,NULL,NULL,NULL,NULL,NULL,NULL,'2025-03-17 14:11:20','2025-03-17 14:11:20',NULL),(196,'BESPI CONSTRUCCIONES SL','207',NULL,NULL,NULL,NULL,NULL,NULL,NULL,NULL,NULL,NULL,NULL,'2025-03-17 14:11:20','2025-03-17 14:11:20',NULL),(197,'UTE FCC AQUALIA - HELIOPOL','208',NULL,NULL,NULL,NULL,NULL,NULL,NULL,NULL,NULL,NULL,NULL,'2025-03-17 14:11:20','2025-03-17 14:11:20',NULL),(198,'ESTRUCTURAS HINOJOSAS SL','227',NULL,NULL,NULL,NULL,NULL,NULL,NULL,NULL,NULL,NULL,NULL,'2025-08-14 09:12:35','2025-08-14 09:12:35',NULL),(199,'[2]','[SQL][1]',NULL,NULL,NULL,NULL,NULL,NULL,NULL,NULL,NULL,NULL,NULL,'2025-08-14 19:48:50','2025-08-14 19:48:50',NULL),(200,'UTE LIROLA INGENIERIAS - SOLUCIONA OBRAS','211',NULL,NULL,NULL,NULL,NULL,NULL,NULL,NULL,NULL,NULL,NULL,'2025-10-28 11:24:20','2025-10-28 11:24:20',NULL),(201,'UTE CAMPO DE RUGBY','00188',NULL,NULL,NULL,NULL,NULL,NULL,NULL,NULL,NULL,NULL,NULL,'2025-10-28 12:37:29','2025-10-28 12:37:29',NULL),(202,'INGEDECA','00021',NULL,NULL,NULL,NULL,NULL,NULL,NULL,NULL,NULL,NULL,NULL,'2025-11-04 06:58:29','2025-11-04 06:58:29',NULL),(203,'CARBONELL FIGUERAS','00190',NULL,NULL,NULL,NULL,NULL,NULL,NULL,NULL,NULL,NULL,NULL,'2025-11-04 06:58:30','2025-11-04 06:58:30',NULL),(204,'GRUPO TRAGSA','00123',NULL,NULL,NULL,NULL,NULL,NULL,NULL,NULL,NULL,NULL,NULL,'2025-11-04 17:48:31','2025-11-04 17:48:31',NULL),(205,'EIFFAGE INFRAESTRUCTURAS SAU','00041',NULL,NULL,NULL,NULL,NULL,NULL,NULL,NULL,NULL,NULL,NULL,'2025-11-04 17:48:43','2025-11-04 17:48:43',NULL),(206,'MARTIN CASILLAS SL','00180',NULL,NULL,NULL,NULL,NULL,NULL,NULL,NULL,NULL,NULL,NULL,'2025-11-04 17:48:51','2025-11-04 17:48:51',NULL),(207,'AREA CONSTRUNCION','00013',NULL,NULL,NULL,NULL,NULL,NULL,NULL,NULL,NULL,NULL,NULL,'2025-11-04 17:48:56','2025-11-04 17:48:56',NULL),(212,'BEKINSA SL','00228',NULL,NULL,NULL,NULL,NULL,NULL,NULL,NULL,NULL,NULL,NULL,'2025-12-04 23:30:10','2025-12-04 23:30:10',NULL),(213,'AÑIL CONSTRUCCIÓN SL','00223',NULL,NULL,NULL,NULL,NULL,NULL,NULL,NULL,NULL,NULL,NULL,'2025-12-10 20:27:39','2025-12-10 20:27:39',NULL);
/*!40000 ALTER TABLE `clientes` ENABLE KEYS */;
UNLOCK TABLES;

--
-- Table structure for table `clientes_almacen`
--

DROP TABLE IF EXISTS `clientes_almacen`;
/*!40101 SET @saved_cs_client     = @@character_set_client */;
/*!40101 SET character_set_client = utf8 */;
CREATE TABLE `clientes_almacen` (
  `id` bigint(20) unsigned NOT NULL AUTO_INCREMENT,
  `nombre` varchar(255) NOT NULL,
  `cif` varchar(20) DEFAULT NULL,
  `telefono` varchar(20) DEFAULT NULL,
  `email` varchar(100) DEFAULT NULL,
  `direccion` varchar(255) DEFAULT NULL,
  `localidad` varchar(100) DEFAULT NULL,
  `provincia` varchar(100) DEFAULT NULL,
  `pais` varchar(100) DEFAULT 'España',
  `notas` text DEFAULT NULL,
  `created_at` timestamp NULL DEFAULT current_timestamp(),
  `updated_at` timestamp NULL DEFAULT current_timestamp() ON UPDATE current_timestamp(),
  PRIMARY KEY (`id`),
  UNIQUE KEY `nombre_unico` (`nombre`)
) ENGINE=InnoDB AUTO_INCREMENT=7 DEFAULT CHARSET=utf8mb4 COLLATE=utf8mb4_unicode_ci;
/*!40101 SET character_set_client = @saved_cs_client */;

--
-- Dumping data for table `clientes_almacen`
--

LOCK TABLES `clientes_almacen` WRITE;
/*!40000 ALTER TABLE `clientes_almacen` DISABLE KEYS */;
INSERT INTO `clientes_almacen` VALUES (1,'RUFALCA',NULL,NULL,NULL,NULL,NULL,NULL,'España',NULL,'2025-09-19 14:34:17','2025-09-19 14:34:17'),(2,'Jimenez',NULL,NULL,NULL,NULL,NULL,NULL,'España',NULL,'2025-09-19 15:47:16','2025-09-19 15:47:16'),(3,'Gonzalo',NULL,NULL,NULL,NULL,NULL,NULL,'España',NULL,'2025-09-19 17:02:51','2025-09-19 17:02:51'),(4,'Jorge',NULL,NULL,NULL,NULL,NULL,NULL,'España',NULL,'2025-09-19 17:03:09','2025-09-19 17:03:09'),(5,'Luis',NULL,NULL,NULL,NULL,NULL,NULL,'España',NULL,'2025-09-19 17:04:05','2025-09-19 17:04:05'),(6,'jajajaj',NULL,NULL,NULL,NULL,NULL,NULL,'España',NULL,'2025-09-19 17:05:37','2025-09-19 17:05:37');
/*!40000 ALTER TABLE `clientes_almacen` ENABLE KEYS */;
UNLOCK TABLES;

--
-- Table structure for table `coladas`
--

DROP TABLE IF EXISTS `coladas`;
/*!40101 SET @saved_cs_client     = @@character_set_client */;
/*!40101 SET character_set_client = utf8 */;
CREATE TABLE `coladas` (
  `id` bigint(20) unsigned NOT NULL AUTO_INCREMENT,
  `numero_colada` varchar(100) NOT NULL,
  `producto_base_id` bigint(20) unsigned NOT NULL,
  `fabricante_id` bigint(20) unsigned DEFAULT NULL,
  `codigo_adherencia` varchar(255) DEFAULT NULL,
  `documento` varchar(255) DEFAULT NULL COMMENT 'Ruta al PDF con toda la documentación',
  `observaciones` text DEFAULT NULL,
  `created_at` timestamp NULL DEFAULT current_timestamp(),
  `updated_at` timestamp NULL DEFAULT current_timestamp() ON UPDATE current_timestamp(),
  PRIMARY KEY (`id`),
  UNIQUE KEY `coladas_numero_producto_unique` (`numero_colada`,`producto_base_id`),
  KEY `coladas_producto_base_id_foreign` (`producto_base_id`),
  KEY `coladas_fabricante_id_foreign` (`fabricante_id`),
  CONSTRAINT `coladas_fabricante_id_foreign` FOREIGN KEY (`fabricante_id`) REFERENCES `fabricantes` (`id`) ON DELETE SET NULL,
  CONSTRAINT `coladas_producto_base_id_foreign` FOREIGN KEY (`producto_base_id`) REFERENCES `productos_base` (`id`)
) ENGINE=InnoDB AUTO_INCREMENT=3 DEFAULT CHARSET=utf8mb4 COLLATE=utf8mb4_unicode_ci;
/*!40101 SET character_set_client = @saved_cs_client */;

--
-- Dumping data for table `coladas`
--

LOCK TABLES `coladas` WRITE;
/*!40000 ALTER TABLE `coladas` DISABLE KEYS */;
INSERT INTO `coladas` VALUES (1,'Col123',31,2,NULL,'coladas/colada_Col123_1764676465.pdf',NULL,'2025-12-02 11:53:41','2025-12-02 11:54:25'),(2,'Colada123456',31,2,'SDS123A','coladas/colada_Colada123456_1764853470.pdf',NULL,'2025-12-02 12:37:47','2025-12-04 13:04:30');
/*!40000 ALTER TABLE `coladas` ENABLE KEYS */;
UNLOCK TABLES;

--
-- Table structure for table `convenio`
--

DROP TABLE IF EXISTS `convenio`;
/*!40101 SET @saved_cs_client     = @@character_set_client */;
/*!40101 SET character_set_client = utf8 */;
CREATE TABLE `convenio` (
  `id` bigint(20) NOT NULL AUTO_INCREMENT,
  `categoria_id` bigint(20) DEFAULT NULL,
  `salario_base` decimal(10,2) NOT NULL,
  `liquido_minimo_pactado` decimal(8,2) DEFAULT NULL,
  `plus_asistencia` decimal(10,2) NOT NULL,
  `plus_turnicidad` int(11) DEFAULT NULL,
  `plus_productividad` decimal(10,2) NOT NULL,
  `plus_transporte` decimal(10,2) NOT NULL,
  `prorrateo_pagasextras` decimal(10,2) NOT NULL,
  `plus_dieta` int(11) NOT NULL DEFAULT 1200,
  `plus_actividad` int(11) NOT NULL DEFAULT 1200,
  PRIMARY KEY (`id`),
  KEY `fk_convenio_categoria` (`categoria_id`),
  CONSTRAINT `fk_convenio_categoria` FOREIGN KEY (`categoria_id`) REFERENCES `categorias` (`id`) ON DELETE SET NULL ON UPDATE CASCADE
) ENGINE=InnoDB AUTO_INCREMENT=37 DEFAULT CHARSET=utf8mb4 COLLATE=utf8mb4_unicode_ci;
/*!40101 SET character_set_client = @saved_cs_client */;

--
-- Dumping data for table `convenio`
--

LOCK TABLES `convenio` WRITE;
/*!40000 ALTER TABLE `convenio` DISABLE KEYS */;
INSERT INTO `convenio` VALUES (22,1,30000.00,NULL,0.00,NULL,2400.00,0.00,3000.00,400,0),(23,2,26000.00,NULL,0.00,NULL,2400.00,0.00,2600.00,400,0),(24,3,14400.00,1825.00,0.00,NULL,2400.00,0.00,2400.00,400,0),(25,4,25000.00,NULL,0.00,NULL,2400.00,0.00,2500.00,400,0),(26,5,24000.00,NULL,0.00,NULL,2400.00,0.00,2400.00,400,0),(27,6,25500.00,NULL,0.00,NULL,2400.00,0.00,2550.00,400,0),(28,7,22500.00,NULL,0.00,NULL,2400.00,0.00,2250.00,400,0),(29,8,14229.00,1589.66,0.00,NULL,2400.00,0.00,2371.50,400,0),(30,9,13417.00,1422.33,0.00,NULL,2400.00,0.00,2236.16,400,0),(31,10,12443.00,1150.41,0.00,NULL,2400.00,0.00,2073.83,400,0),(32,11,16000.00,NULL,0.00,NULL,2400.00,0.00,1600.00,400,0),(33,12,18000.00,NULL,0.00,NULL,2400.00,0.00,1800.00,400,0),(34,13,16000.00,NULL,0.00,NULL,2400.00,0.00,1600.00,400,0),(35,14,28000.00,NULL,0.00,NULL,2400.00,0.00,1750.00,400,0),(36,15,22000.00,NULL,0.00,NULL,2400.00,0.00,2200.00,400,0);
/*!40000 ALTER TABLE `convenio` ENABLE KEYS */;
UNLOCK TABLES;

--
-- Table structure for table `departamento_seccion`
--

DROP TABLE IF EXISTS `departamento_seccion`;
/*!40101 SET @saved_cs_client     = @@character_set_client */;
/*!40101 SET character_set_client = utf8 */;
CREATE TABLE `departamento_seccion` (
  `id` bigint(20) unsigned NOT NULL AUTO_INCREMENT,
  `departamento_id` bigint(20) unsigned NOT NULL,
  `seccion_id` int(10) unsigned NOT NULL,
  `created_at` timestamp NULL DEFAULT current_timestamp(),
  `updated_at` timestamp NULL DEFAULT current_timestamp() ON UPDATE current_timestamp(),
  PRIMARY KEY (`id`),
  UNIQUE KEY `unique_departamento_seccion` (`departamento_id`,`seccion_id`),
  KEY `fk_seccion` (`seccion_id`),
  CONSTRAINT `fk_departamento` FOREIGN KEY (`departamento_id`) REFERENCES `departamentos` (`id`) ON DELETE CASCADE,
  CONSTRAINT `fk_seccion` FOREIGN KEY (`seccion_id`) REFERENCES `secciones` (`id`) ON DELETE CASCADE
) ENGINE=InnoDB AUTO_INCREMENT=97 DEFAULT CHARSET=utf8mb4 COLLATE=utf8mb4_general_ci;
/*!40101 SET character_set_client = @saved_cs_client */;

--
-- Dumping data for table `departamento_seccion`
--

LOCK TABLES `departamento_seccion` WRITE;
/*!40000 ALTER TABLE `departamento_seccion` DISABLE KEYS */;
INSERT INTO `departamento_seccion` VALUES (6,5,6,'2025-06-02 21:01:02','2025-06-02 21:01:02'),(7,5,7,'2025-06-02 21:01:02','2025-06-02 21:01:02'),(8,5,8,'2025-06-02 21:01:02','2025-06-02 21:01:02'),(9,5,9,'2025-06-02 21:01:02','2025-06-02 21:01:02'),(10,5,10,'2025-06-02 21:01:02','2025-06-02 21:01:02'),(11,5,11,'2025-06-02 21:01:02','2025-06-02 21:01:02'),(12,5,12,'2025-06-02 21:01:02','2025-06-02 21:01:02'),(13,5,13,'2025-06-02 21:01:02','2025-06-02 21:01:02'),(14,5,14,'2025-06-02 21:01:02','2025-06-02 21:01:02'),(15,5,15,'2025-06-02 21:01:02','2025-06-02 21:01:02'),(16,5,16,'2025-06-02 21:01:02','2025-06-02 21:01:02'),(17,5,17,'2025-06-02 21:01:02','2025-06-02 21:01:02'),(18,5,18,'2025-06-02 21:01:02','2025-06-02 21:01:02'),(19,5,19,'2025-06-02 21:01:02','2025-06-02 21:01:02'),(20,5,20,'2025-06-02 21:01:02','2025-06-02 21:01:02'),(21,5,21,'2025-06-02 21:01:02','2025-06-02 21:01:02'),(23,5,23,'2025-06-02 21:01:02','2025-06-02 21:01:02'),(24,5,24,'2025-06-02 21:01:02','2025-06-02 21:01:02'),(25,5,25,'2025-06-02 22:07:29','2025-06-02 22:07:29'),(26,6,13,'2025-06-02 22:40:20','2025-06-02 22:40:20'),(27,6,14,'2025-06-02 22:40:20','2025-06-02 22:40:20'),(28,6,20,'2025-06-02 22:40:20','2025-06-02 22:40:20'),(29,6,23,'2025-06-02 22:40:20','2025-06-02 22:40:20'),(30,6,24,'2025-06-02 22:40:20','2025-06-02 22:40:20'),(32,1,15,'2025-06-02 22:40:44','2025-06-02 22:40:44'),(33,1,16,'2025-06-02 22:40:44','2025-06-02 22:40:44'),(34,1,23,'2025-06-02 22:40:44','2025-06-02 22:40:44'),(35,1,24,'2025-06-02 22:40:44','2025-06-02 22:40:44'),(36,2,6,'2025-06-02 22:41:26','2025-06-02 22:41:26'),(37,2,8,'2025-06-02 22:41:26','2025-06-02 22:41:26'),(38,2,9,'2025-06-02 22:41:26','2025-06-02 22:41:26'),(39,2,10,'2025-06-02 22:41:26','2025-06-02 22:41:26'),(40,2,11,'2025-06-02 22:41:26','2025-06-02 22:41:26'),(41,2,12,'2025-06-02 22:41:26','2025-06-02 22:41:26'),(42,2,13,'2025-06-02 22:41:26','2025-06-02 22:41:26'),(43,2,14,'2025-06-02 22:41:26','2025-06-02 22:41:26'),(44,2,15,'2025-06-02 22:41:26','2025-06-02 22:41:26'),(45,2,16,'2025-06-02 22:41:26','2025-06-02 22:41:26'),(46,2,23,'2025-06-02 22:41:26','2025-06-02 22:41:26'),(47,2,24,'2025-06-02 22:41:26','2025-06-02 22:41:26'),(48,3,8,'2025-06-02 22:41:49','2025-06-02 22:41:49'),(49,3,9,'2025-06-02 22:41:49','2025-06-02 22:41:49'),(50,3,14,'2025-06-02 22:41:49','2025-06-02 22:41:49'),(51,3,19,'2025-06-02 22:41:49','2025-06-02 22:41:49'),(52,3,23,'2025-06-02 22:41:49','2025-06-02 22:41:49'),(53,3,24,'2025-06-02 22:41:49','2025-06-02 22:41:49'),(54,5,26,'2025-06-03 06:11:22','2025-06-03 06:11:22'),(55,5,27,'2025-06-03 06:24:33','2025-06-03 06:24:33'),(56,5,28,'2025-06-03 20:47:32','2025-06-03 20:47:32'),(57,2,7,'2025-06-04 00:51:09','2025-06-04 00:51:09'),(58,2,18,'2025-06-04 00:51:09','2025-06-04 00:51:09'),(59,2,19,'2025-06-04 00:51:09','2025-06-04 00:51:09'),(60,2,20,'2025-06-04 00:51:09','2025-06-04 00:51:09'),(61,2,26,'2025-06-04 00:51:09','2025-06-04 00:51:09'),(62,2,27,'2025-06-04 00:51:09','2025-06-04 00:51:09'),(63,2,28,'2025-06-04 00:51:09','2025-06-04 00:51:09'),(66,1,27,'2025-06-09 12:53:22','2025-06-09 12:53:22'),(67,6,30,'2025-06-12 08:09:35','2025-06-12 08:09:35'),(68,6,31,'2025-06-12 08:09:35','2025-06-12 08:09:35'),(69,6,32,'2025-06-12 08:09:35','2025-06-12 08:09:35'),(71,5,29,'2025-08-17 18:58:56','2025-08-17 18:58:56'),(72,5,30,'2025-08-17 18:58:56','2025-08-17 18:58:56'),(73,5,31,'2025-08-17 18:58:56','2025-08-17 18:58:56'),(74,5,32,'2025-08-17 18:58:56','2025-08-17 18:58:56'),(75,5,34,'2025-08-17 18:58:56','2025-08-17 18:58:56'),(78,1,8,'2025-08-17 23:10:07','2025-08-17 23:10:07'),(79,1,9,'2025-08-17 23:10:07','2025-08-17 23:10:07'),(80,1,10,'2025-08-17 23:10:23','2025-08-17 23:10:23'),(81,1,14,'2025-08-17 23:15:34','2025-08-17 23:15:34'),(82,3,37,'2025-09-16 07:30:04','2025-09-16 07:30:04'),(83,3,29,'2025-09-16 07:39:47','2025-09-16 07:39:47'),(84,3,6,'2025-09-16 08:26:44','2025-09-16 08:26:44'),(85,3,7,'2025-09-16 08:26:44','2025-09-16 08:26:44'),(86,7,9,'2025-10-07 10:36:52','2025-10-07 10:36:52'),(87,8,10,'2025-10-30 07:21:38','2025-10-30 07:21:38'),(89,9,6,'2025-11-14 01:10:15','2025-11-14 01:10:15'),(90,9,7,'2025-11-14 01:10:15','2025-11-14 01:10:15'),(91,9,10,'2025-11-14 01:10:15','2025-11-14 01:10:15'),(94,9,12,'2025-11-14 04:11:06','2025-11-14 04:11:06'),(95,9,23,'2025-11-14 04:11:06','2025-11-14 04:11:06'),(96,9,24,'2025-11-14 04:11:06','2025-11-14 04:11:06');
/*!40000 ALTER TABLE `departamento_seccion` ENABLE KEYS */;
UNLOCK TABLES;

--
-- Table structure for table `departamento_user`
--

DROP TABLE IF EXISTS `departamento_user`;
/*!40101 SET @saved_cs_client     = @@character_set_client */;
/*!40101 SET character_set_client = utf8 */;
CREATE TABLE `departamento_user` (
  `id` bigint(20) unsigned NOT NULL AUTO_INCREMENT,
  `user_id` bigint(20) unsigned NOT NULL,
  `departamento_id` bigint(20) unsigned NOT NULL,
  `rol_departamental` varchar(100) DEFAULT NULL,
  `created_at` timestamp NULL DEFAULT current_timestamp(),
  `updated_at` timestamp NULL DEFAULT current_timestamp() ON UPDATE current_timestamp(),
  PRIMARY KEY (`id`),
  UNIQUE KEY `user_departamento_unique` (`user_id`,`departamento_id`),
  KEY `fk_du_departamento` (`departamento_id`),
  CONSTRAINT `fk_du_departamento` FOREIGN KEY (`departamento_id`) REFERENCES `departamentos` (`id`) ON DELETE CASCADE,
  CONSTRAINT `fk_du_user` FOREIGN KEY (`user_id`) REFERENCES `users` (`id`) ON DELETE CASCADE
) ENGINE=InnoDB AUTO_INCREMENT=36 DEFAULT CHARSET=utf8mb4 COLLATE=utf8mb4_general_ci;
/*!40101 SET character_set_client = @saved_cs_client */;

--
-- Dumping data for table `departamento_user`
--

LOCK TABLES `departamento_user` WRITE;
/*!40000 ALTER TABLE `departamento_user` DISABLE KEYS */;
INSERT INTO `departamento_user` VALUES (19,1,5,'miembro','2025-06-21 19:32:45','2025-08-21 09:03:06'),(20,1,7,'miembro','2025-06-21 19:33:17','2025-06-21 19:33:17'),(26,77,6,'miembro','2025-07-24 07:50:24','2025-07-24 07:50:24'),(27,4,5,'miembro','2025-08-17 18:17:37','2025-08-21 09:03:06'),(29,77,8,'miembro','2025-08-21 08:57:04','2025-10-30 07:22:45'),(30,77,5,'miembro','2025-08-21 09:03:06','2025-08-21 09:03:06'),(32,89,3,'miembro','2025-09-16 07:29:18','2025-09-16 07:29:18'),(33,90,8,'miembro','2025-10-30 07:22:45','2025-10-30 07:22:45'),(34,7,1,'miembro','2025-11-29 16:31:28','2025-12-02 11:47:23'),(35,1,1,'miembro','2025-12-02 11:47:23','2025-12-02 11:47:23');
/*!40000 ALTER TABLE `departamento_user` ENABLE KEYS */;
UNLOCK TABLES;

--
-- Table structure for table `departamentos`
--

DROP TABLE IF EXISTS `departamentos`;
/*!40101 SET @saved_cs_client     = @@character_set_client */;
/*!40101 SET character_set_client = utf8 */;
CREATE TABLE `departamentos` (
  `id` bigint(20) unsigned NOT NULL AUTO_INCREMENT,
  `nombre` varchar(100) NOT NULL,
  `descripcion` text DEFAULT NULL,
  `created_at` timestamp NULL DEFAULT current_timestamp(),
  `updated_at` timestamp NULL DEFAULT current_timestamp() ON UPDATE current_timestamp(),
  `deleted_at` timestamp NULL DEFAULT NULL,
  PRIMARY KEY (`id`),
  UNIQUE KEY `nombre` (`nombre`)
) ENGINE=InnoDB AUTO_INCREMENT=10 DEFAULT CHARSET=utf8mb4 COLLATE=utf8mb4_general_ci;
/*!40101 SET character_set_client = @saved_cs_client */;

--
-- Dumping data for table `departamentos`
--

LOCK TABLES `departamentos` WRITE;
/*!40000 ALTER TABLE `departamentos` DISABLE KEYS */;
INSERT INTO `departamentos` VALUES (1,'RRHH','Recursos Humanos','2025-06-01 22:24:39','2025-06-02 21:55:50',NULL),(2,'Producción','Departamento de Producción','2025-06-01 22:24:39','2025-06-01 22:24:39',NULL),(3,'Logística','Gestión de entradas y salidas','2025-06-01 22:24:39','2025-06-01 22:24:39',NULL),(5,'Administrador','Acceso total al sistema','2025-06-01 22:41:38','2025-06-01 22:41:38',NULL),(6,'Oficina Técnica','Planificación y Planos','2025-06-01 22:48:56','2025-06-04 18:58:23',NULL),(7,'Programador','Acceso total para desarrollo y soporte técnico','2025-06-01 23:15:48','2025-06-01 23:15:48',NULL),(8,'Administración','Departamento de Administración y gestión interna','2025-08-21 08:56:26','2025-08-21 08:56:26',NULL),(9,'Operarios','Secciones a las que tendrán acceso operarios','2025-11-14 01:09:16','2025-11-14 01:09:16',NULL);
/*!40000 ALTER TABLE `departamentos` ENABLE KEYS */;
UNLOCK TABLES;

--
-- Table structure for table `distribuidores`
--

DROP TABLE IF EXISTS `distribuidores`;
/*!40101 SET @saved_cs_client     = @@character_set_client */;
/*!40101 SET character_set_client = utf8 */;
CREATE TABLE `distribuidores` (
  `id` bigint(20) unsigned NOT NULL AUTO_INCREMENT,
  `nombre` varchar(255) NOT NULL,
  `nif` varchar(20) DEFAULT NULL,
  `telefono` varchar(50) DEFAULT NULL,
  `email` varchar(255) DEFAULT NULL,
  `direccion` text DEFAULT NULL,
  `created_at` timestamp NOT NULL DEFAULT current_timestamp(),
  `updated_at` timestamp NOT NULL DEFAULT current_timestamp() ON UPDATE current_timestamp(),
  `deleted_at` timestamp NULL DEFAULT NULL,
  PRIMARY KEY (`id`)
) ENGINE=InnoDB AUTO_INCREMENT=6 DEFAULT CHARSET=utf8mb4 COLLATE=utf8mb4_general_ci;
/*!40101 SET character_set_client = @saved_cs_client */;

--
-- Dumping data for table `distribuidores`
--

LOCK TABLES `distribuidores` WRITE;
/*!40000 ALTER TABLE `distribuidores` DISABLE KEYS */;
INSERT INTO `distribuidores` VALUES (1,'Moranton',NULL,NULL,NULL,NULL,'2025-06-05 17:07:45','2025-06-05 17:07:45',NULL),(2,'Arcelor',NULL,NULL,'edumagrolemus@hotmail.com',NULL,'2025-06-05 17:07:45','2025-06-09 19:05:10',NULL),(3,'Aceros Araia',NULL,'685',NULL,NULL,'2025-06-05 17:07:45','2025-06-06 01:10:57',NULL),(5,'Olmos',NULL,'1111111','olmos@hotmail.comd',NULL,'2025-08-15 17:08:52','2025-08-15 17:09:24',NULL);
/*!40000 ALTER TABLE `distribuidores` ENABLE KEYS */;
UNLOCK TABLES;

--
-- Table structure for table `elementos`
--

DROP TABLE IF EXISTS `elementos`;
/*!40101 SET @saved_cs_client     = @@character_set_client */;
/*!40101 SET character_set_client = utf8 */;
CREATE TABLE `elementos` (
  `id` bigint(20) NOT NULL AUTO_INCREMENT,
  `codigo` varchar(30) DEFAULT NULL,
  `users_id` bigint(20) unsigned DEFAULT NULL,
  `users_id_2` bigint(20) unsigned DEFAULT NULL,
  `planilla_id` bigint(20) NOT NULL,
  `elaborado` tinyint(1) NOT NULL DEFAULT 1 COMMENT '0=sin elaboración (barra estándar), 1=requiere elaboración',
  `orden_planilla_id` bigint(20) unsigned DEFAULT NULL,
  `etiqueta_id` bigint(20) DEFAULT NULL,
  `etiqueta_sub_id` varchar(20) DEFAULT NULL,
  `maquina_id` bigint(20) unsigned DEFAULT NULL,
  `maquina_id_2` bigint(20) unsigned DEFAULT NULL,
  `maquina_id_3` bigint(20) unsigned DEFAULT NULL,
  `producto_id` bigint(20) unsigned DEFAULT NULL,
  `producto_id_2` bigint(20) unsigned DEFAULT NULL,
  `producto_id_3` bigint(20) unsigned DEFAULT NULL,
  `paquete_id` bigint(20) unsigned DEFAULT NULL,
  `figura` varchar(50) DEFAULT NULL,
  `fila` int(4) DEFAULT NULL,
  `marca` varchar(255) DEFAULT NULL,
  `etiqueta` varchar(50) DEFAULT NULL,
  `diametro` decimal(10,2) NOT NULL,
  `longitud` decimal(10,2) NOT NULL,
  `barras` int(5) DEFAULT NULL,
  `dobles_barra` int(11) NOT NULL,
  `peso` decimal(10,2) NOT NULL,
  `dimensiones` text DEFAULT NULL,
  `tiempo_fabricacion` decimal(10,2) DEFAULT NULL,
  `estado` varchar(20) NOT NULL DEFAULT 'pendiente',
  `fecha_entrega` date DEFAULT NULL,
  `created_at` datetime DEFAULT NULL,
  `updated_at` datetime DEFAULT NULL,
  `deleted_at` timestamp NULL DEFAULT NULL,
  PRIMARY KEY (`id`),
  UNIQUE KEY `codigo` (`codigo`),
  KEY `maquina_id` (`maquina_id`),
  KEY `fk_elementos_users_id` (`users_id`),
  KEY `fk_elementos_planilla` (`planilla_id`),
  KEY `fk_elementos_etiqueta` (`etiqueta_id`),
  KEY `fk_producto` (`producto_id`),
  KEY `fk_users_2` (`users_id_2`),
  KEY `fk_elementos_producto2` (`producto_id_2`),
  KEY `fk_elementos_paquete` (`paquete_id`),
  KEY `fk_elementos_maquina2` (`maquina_id_2`),
  KEY `fk_elementos_maquina3` (`maquina_id_3`),
  KEY `fk_elementos_producto_3` (`producto_id_3`),
  KEY `elementos_orden_planilla_id_index` (`orden_planilla_id`),
  CONSTRAINT `elementos_ibfk_2` FOREIGN KEY (`maquina_id`) REFERENCES `maquinas` (`id`) ON DELETE CASCADE,
  CONSTRAINT `fk_elementos_etiqueta` FOREIGN KEY (`etiqueta_id`) REFERENCES `etiquetas` (`id`) ON DELETE CASCADE,
  CONSTRAINT `fk_elementos_maquina2` FOREIGN KEY (`maquina_id_2`) REFERENCES `maquinas` (`id`) ON DELETE SET NULL,
  CONSTRAINT `fk_elementos_maquina3` FOREIGN KEY (`maquina_id_3`) REFERENCES `maquinas` (`id`) ON DELETE SET NULL ON UPDATE CASCADE,
  CONSTRAINT `fk_elementos_paquete` FOREIGN KEY (`paquete_id`) REFERENCES `paquetes` (`id`) ON DELETE SET NULL ON UPDATE CASCADE,
  CONSTRAINT `fk_elementos_planilla` FOREIGN KEY (`planilla_id`) REFERENCES `planillas` (`id`) ON DELETE CASCADE,
  CONSTRAINT `fk_elementos_producto2` FOREIGN KEY (`producto_id_2`) REFERENCES `productos` (`id`) ON DELETE SET NULL,
  CONSTRAINT `fk_elementos_producto_3` FOREIGN KEY (`producto_id_3`) REFERENCES `productos` (`id`) ON DELETE SET NULL ON UPDATE CASCADE,
  CONSTRAINT `fk_elementos_users_id` FOREIGN KEY (`users_id`) REFERENCES `users` (`id`) ON DELETE SET NULL ON UPDATE CASCADE,
  CONSTRAINT `fk_producto` FOREIGN KEY (`producto_id`) REFERENCES `productos` (`id`) ON DELETE SET NULL,
  CONSTRAINT `fk_users_2` FOREIGN KEY (`users_id_2`) REFERENCES `users` (`id`) ON DELETE SET NULL
) ENGINE=InnoDB AUTO_INCREMENT=176326 DEFAULT CHARSET=utf8 COLLATE=utf8_general_ci;
/*!40101 SET character_set_client = @saved_cs_client */;

--
-- Dumping data for table `elementos`
--

LOCK TABLES `elementos` WRITE;
/*!40000 ALTER TABLE `elementos` DISABLE KEYS */;
INSERT INTO `elementos` VALUES (175416,'EL25121',NULL,NULL,6298,1,14311,234744,'ETQ2512001.01',20,NULL,NULL,NULL,NULL,NULL,NULL,'V4',1,'Port1 P5-P6','1',12.00,660.00,3,1,18.17,'20	90d	640',4.50,'pendiente',NULL,'2025-12-10 21:27:39','2025-12-10 21:27:46',NULL),(175417,'EL25122',NULL,NULL,6298,1,14311,234744,'ETQ2512001.01',20,NULL,NULL,NULL,NULL,NULL,NULL,'V4',1,'Port1 P5-P6','1',12.00,655.00,3,1,18.03,'15	90d	640',4.50,'pendiente',NULL,'2025-12-10 21:27:39','2025-12-10 21:27:46',NULL),(175418,'EL25123',NULL,NULL,6298,1,14311,234744,'ETQ2512001.01',20,NULL,NULL,NULL,NULL,NULL,NULL,'V4',1,'Port1 P5-P6','1',10.00,150.00,2,1,1.91,'20	90d	130',3.00,'pendiente',NULL,'2025-12-10 21:27:39','2025-12-10 21:27:46',NULL),(175419,'EL25124',NULL,NULL,6298,1,14310,234745,'ETQ2512001.02',17,NULL,NULL,NULL,NULL,NULL,NULL,'V4',1,'Port1 P5-P6','1',12.00,200.00,2,0,3.67,'200',4.00,'pendiente',NULL,'2025-12-10 21:27:39','2025-12-10 21:27:46',NULL),(175420,'EL25125',NULL,NULL,6298,1,14311,234744,'ETQ2512001.01',20,NULL,NULL,NULL,NULL,NULL,NULL,'V4',1,'Port1 P5-P6','1',5.00,570.00,3,0,2.72,'570',6.00,'pendiente',NULL,'2025-12-10 21:27:39','2025-12-10 21:27:46',NULL),(175421,'EL25126',NULL,NULL,6298,1,14311,234744,'ETQ2512001.01',20,NULL,NULL,NULL,NULL,NULL,NULL,'V4',1,'Port1 P5-P6','1',8.00,147.00,39,7,23.40,'10	90d	22	90d	13	90d	22	90d	24	90d	22	90d	24	90d	10',409.50,'pendiente',NULL,'2025-12-10 21:27:39','2025-12-10 21:27:46',NULL),(175422,'EL25127',NULL,NULL,6298,1,14311,234746,'ETQ2512002.01',20,NULL,NULL,NULL,NULL,NULL,NULL,'V4',2,'Port1 P6-P7','2',12.00,480.00,3,1,13.21,'460	90d	20',4.50,'pendiente',NULL,'2025-12-10 21:27:39','2025-12-10 21:27:46',NULL),(175423,'EL25128',NULL,NULL,6298,1,14311,234746,'ETQ2512002.01',20,NULL,NULL,NULL,NULL,NULL,NULL,'V4',2,'Port1 P6-P7','2',12.00,475.00,3,1,13.08,'460	90d	15',4.50,'pendiente',NULL,'2025-12-10 21:27:39','2025-12-10 21:27:46',NULL),(175424,'EL25129',NULL,NULL,6298,1,14311,234746,'ETQ2512002.01',20,NULL,NULL,NULL,NULL,NULL,NULL,'V4',2,'Port1 P6-P7','2',5.00,390.00,3,0,1.86,'390',6.00,'pendiente',NULL,'2025-12-10 21:27:39','2025-12-10 21:27:46',NULL),(175425,'EL251210',NULL,NULL,6298,1,14310,234747,'ETQ2512002.02',17,NULL,NULL,NULL,NULL,NULL,NULL,'V4',2,'Port1 P6-P7','2',8.00,147.00,27,7,16.20,'10	90d	22	90d	13	90d	22	90d	24	90d	22	90d	24	90d	10',283.50,'pendiente',NULL,'2025-12-10 21:27:39','2025-12-10 21:27:46',NULL),(175426,'EL251211',NULL,NULL,6298,1,14311,234748,'ETQ2512003.01',20,NULL,NULL,NULL,NULL,NULL,NULL,'IMPORTED',3,'Port3 B30-B31','3',5.00,482.00,3,0,2.30,'482',6.00,'pendiente',NULL,'2025-12-10 21:27:39','2025-12-10 21:27:46',NULL),(175427,'EL251212',NULL,NULL,6298,1,14310,234749,'ETQ2512003.02',17,NULL,NULL,NULL,NULL,NULL,NULL,'IMPORTED',3,'Port3 B30-B31','3',8.00,147.00,33,7,19.80,'10	90d	22	90d	13	90d	22	90d	24	90d	22	90d	24	90d	10',346.50,'pendiente',NULL,'2025-12-10 21:27:39','2025-12-10 21:27:46',NULL),(175428,'EL251213',NULL,NULL,6298,1,14311,234748,'ETQ2512003.01',20,NULL,NULL,NULL,NULL,NULL,NULL,'IMPORTED',3,'Port3 B30-B31','3',12.00,571.00,3,2,15.72,'20	90d	531	90d	20',9.00,'pendiente',NULL,'2025-12-10 21:27:39','2025-12-10 21:27:46',NULL),(175429,'EL251214',NULL,NULL,6298,1,14311,234748,'ETQ2512003.01',20,NULL,NULL,NULL,NULL,NULL,NULL,'IMPORTED',3,'Port3 B30-B31','3',12.00,561.00,3,2,15.44,'15	90d	531	90d	15',9.00,'pendiente',NULL,'2025-12-10 21:27:39','2025-12-10 21:27:46',NULL),(175430,'EL251215',NULL,NULL,6298,1,14311,234750,'ETQ2512004.01',20,NULL,NULL,NULL,NULL,NULL,NULL,'IMPORTED',4,'Port4 P12-P13','4',5.00,398.00,3,0,1.90,'398',6.00,'pendiente',NULL,'2025-12-10 21:27:39','2025-12-10 21:27:46',NULL),(175431,'EL251216',NULL,NULL,6298,1,14311,234750,'ETQ2512004.01',20,NULL,NULL,NULL,NULL,NULL,NULL,'IMPORTED',4,'Port4 P12-P13','4',8.00,147.00,28,7,16.80,'10	90d	22	90d	13	90d	22	90d	24	90d	22	90d	24	90d	10',294.00,'pendiente',NULL,'2025-12-10 21:27:39','2025-12-10 21:27:46',NULL),(175432,'EL251217',NULL,NULL,6298,1,14310,234751,'ETQ2512004.02',17,NULL,NULL,NULL,NULL,NULL,NULL,'IMPORTED',4,'Port4 P12-P13','4',12.00,487.00,3,2,13.41,'20	90d	447	90d	20',9.00,'pendiente',NULL,'2025-12-10 21:27:39','2025-12-10 21:27:46',NULL),(175433,'EL251218',NULL,NULL,6298,1,14311,234750,'ETQ2512004.01',20,NULL,NULL,NULL,NULL,NULL,NULL,'IMPORTED',4,'Port4 P12-P13','4',12.00,477.00,3,2,13.13,'15	90d	447	90d	15',9.00,'pendiente',NULL,'2025-12-10 21:27:39','2025-12-10 21:27:46',NULL),(175434,'EL251219',NULL,NULL,6298,1,14311,234752,'ETQ2512005.01',20,NULL,NULL,NULL,NULL,NULL,NULL,'IMPORTED',5,'Port5 B9-PA1','5',5.00,235.00,3,0,1.12,'235',6.00,'pendiente',NULL,'2025-12-10 21:27:39','2025-12-10 21:27:46',NULL),(175435,'EL251220',NULL,NULL,6298,1,14311,234752,'ETQ2512005.01',20,NULL,NULL,NULL,NULL,NULL,NULL,'IMPORTED',5,'Port5 B9-PA1','5',8.00,147.00,17,7,10.20,'10	90d	22	90d	13	90d	22	90d	24	90d	22	90d	24	90d	10',178.50,'pendiente',NULL,'2025-12-10 21:27:39','2025-12-10 21:27:46',NULL),(175436,'EL251221',NULL,NULL,6298,1,14310,234753,'ETQ2512005.02',17,NULL,NULL,NULL,NULL,NULL,NULL,'IMPORTED',5,'Port5 B9-PA1','5',12.00,325.00,3,2,8.95,'20	90d	285	90d	20',9.00,'pendiente',NULL,'2025-12-10 21:27:39','2025-12-10 21:27:46',NULL),(175437,'EL251222',NULL,NULL,6298,1,14311,234752,'ETQ2512005.01',20,NULL,NULL,NULL,NULL,NULL,NULL,'IMPORTED',5,'Port5 B9-PA1','5',12.00,314.00,3,2,8.64,'15	90d	284	90d	15',9.00,'pendiente',NULL,'2025-12-10 21:27:39','2025-12-10 21:27:46',NULL),(175438,'EL251223',NULL,NULL,6298,1,14311,234754,'ETQ2512006.01',20,NULL,NULL,NULL,NULL,NULL,NULL,'IMPORTED',6,'Port6 B34-B14','6',5.00,170.00,3,0,0.81,'170',6.00,'pendiente',NULL,'2025-12-10 21:27:39','2025-12-10 21:27:46',NULL),(175439,'EL251224',NULL,NULL,6298,1,14310,234755,'ETQ2512006.02',17,NULL,NULL,NULL,NULL,NULL,NULL,'IMPORTED',6,'Port6 B34-B14','6',8.00,147.00,12,7,7.20,'10	90d	22	90d	13	90d	22	90d	24	90d	22	90d	24	90d	10',126.00,'pendiente',NULL,'2025-12-10 21:27:39','2025-12-10 21:27:46',NULL),(175440,'EL251225',NULL,NULL,6298,1,14310,234755,'ETQ2512006.02',17,NULL,NULL,NULL,NULL,NULL,NULL,'IMPORTED',6,'Port6 B34-B14','6',12.00,260.00,3,2,7.16,'20	90d	220	90d	20',9.00,'pendiente',NULL,'2025-12-10 21:27:39','2025-12-10 21:27:46',NULL),(175441,'EL251226',NULL,NULL,6298,1,14311,234754,'ETQ2512006.01',20,NULL,NULL,NULL,NULL,NULL,NULL,'IMPORTED',6,'Port6 B34-B14','6',12.00,250.00,3,2,6.88,'15	90d	220	90d	15',9.00,'pendiente',NULL,'2025-12-10 21:27:39','2025-12-10 21:27:46',NULL),(175442,'EL251227',NULL,NULL,6298,1,14311,234756,'ETQ2512007.01',20,NULL,NULL,NULL,NULL,NULL,NULL,'IMPORTED',7,'Port7 B28-P22','7',5.00,187.00,3,0,0.89,'187',6.00,'pendiente',NULL,'2025-12-10 21:27:39','2025-12-10 21:27:46',NULL),(175443,'EL251228',NULL,NULL,6298,1,14311,234756,'ETQ2512007.01',20,NULL,NULL,NULL,NULL,NULL,NULL,'IMPORTED',7,'Port7 B28-P22','7',8.00,142.00,14,5,8.11,'10	90d	24	90d	37	90d	24	90d	37	90d	10',105.00,'pendiente',NULL,'2025-12-10 21:27:39','2025-12-10 21:27:46',NULL),(175444,'EL251229',NULL,NULL,6298,1,14310,234757,'ETQ2512007.02',17,NULL,NULL,NULL,NULL,NULL,NULL,'IMPORTED',7,'Port7 B28-P22','7',12.00,286.00,6,2,15.75,'25	90d	236	90d	25',18.00,'pendiente',NULL,'2025-12-10 21:27:39','2025-12-10 21:27:46',NULL),(175445,'EL251230',NULL,NULL,6298,1,14310,234757,'ETQ2512007.02',17,NULL,NULL,NULL,NULL,NULL,NULL,'IMPORTED',7,'Port7 B28-P22','7',8.00,230.00,2,0,1.88,'230',4.00,'pendiente',NULL,'2025-12-10 21:27:39','2025-12-10 21:27:46',NULL),(175446,'EL251231',NULL,NULL,6298,1,14311,234758,'ETQ2512008.01',20,NULL,NULL,NULL,NULL,NULL,NULL,'IMPORTED',8,'Port8 B2-B11','8',5.00,432.00,3,0,2.06,'432',6.00,'pendiente',NULL,'2025-12-10 21:27:39','2025-12-10 21:27:46',NULL),(175447,'EL251232',NULL,NULL,6298,1,14311,234758,'ETQ2512008.01',20,NULL,NULL,NULL,NULL,NULL,NULL,'IMPORTED',8,'Port8 B2-B11','8',8.00,147.00,30,7,18.00,'10	90d	22	90d	13	90d	22	90d	24	90d	22	90d	24	90d	10',315.00,'pendiente',NULL,'2025-12-10 21:27:39','2025-12-10 21:27:46',NULL),(175448,'EL251233',NULL,NULL,6298,1,14311,234758,'ETQ2512008.01',20,NULL,NULL,NULL,NULL,NULL,NULL,'IMPORTED',8,'Port8 B2-B11','8',12.00,521.00,3,2,14.34,'20	90d	481	90d	20',9.00,'pendiente',NULL,'2025-12-10 21:27:39','2025-12-10 21:27:46',NULL),(175449,'EL251234',NULL,NULL,6298,1,14310,234759,'ETQ2512008.02',17,NULL,NULL,NULL,NULL,NULL,NULL,'IMPORTED',8,'Port8 B2-B11','8',12.00,511.00,3,2,14.07,'15	90d	481	90d	15',9.00,'pendiente',NULL,'2025-12-10 21:27:39','2025-12-10 21:27:46',NULL),(175450,'EL251235',NULL,NULL,6298,1,14310,234760,'ETQ2512009.01',17,NULL,NULL,NULL,NULL,NULL,NULL,'V4',9,'Port9 B0-B4','9',12.00,550.00,3,1,15.14,'20	90d	530',4.50,'pendiente',NULL,'2025-12-10 21:27:39','2025-12-10 21:27:46',NULL),(175451,'EL251236',NULL,NULL,6298,1,14310,234760,'ETQ2512009.01',17,NULL,NULL,NULL,NULL,NULL,NULL,'V4',9,'Port9 B0-B4','9',12.00,545.00,3,1,15.00,'15	90d	530',4.50,'pendiente',NULL,'2025-12-10 21:27:39','2025-12-10 21:27:46',NULL),(175452,'EL251237',NULL,NULL,6298,1,14311,234761,'ETQ2512009.02',20,NULL,NULL,NULL,NULL,NULL,NULL,'V4',9,'Port9 B0-B4','9',5.00,460.00,3,0,2.20,'460',6.00,'pendiente',NULL,'2025-12-10 21:27:39','2025-12-10 21:27:46',NULL),(175453,'EL251238',NULL,NULL,6298,1,14310,234760,'ETQ2512009.01',17,NULL,NULL,NULL,NULL,NULL,NULL,'V4',9,'Port9 B0-B4','9',8.00,147.00,32,7,19.20,'10	90d	22	90d	13	90d	22	90d	24	90d	22	90d	24	90d	10',336.00,'pendiente',NULL,'2025-12-10 21:27:39','2025-12-10 21:27:46',NULL),(175454,'EL251239',NULL,NULL,6298,1,14310,234762,'ETQ2512010.01',17,NULL,NULL,NULL,NULL,NULL,NULL,'V4',10,'Port9 B4-P26','10',12.00,160.00,6,1,8.81,'150	90d	10',9.00,'pendiente',NULL,'2025-12-10 21:27:39','2025-12-10 21:27:46',NULL),(175455,'EL251240',NULL,NULL,6298,1,14311,234763,'ETQ2512010.02',20,NULL,NULL,NULL,NULL,NULL,NULL,'V4',10,'Port9 B4-P26','10',5.00,40.00,3,0,0.19,'40',6.00,'pendiente',NULL,'2025-12-10 21:27:39','2025-12-10 21:27:46',NULL),(175456,'EL251241',NULL,NULL,6298,1,14311,234763,'ETQ2512010.02',20,NULL,NULL,NULL,NULL,NULL,NULL,'V4',10,'Port9 B4-P26','10',8.00,132.00,4,7,2.16,'10	90d	17	90d	13	90d	17	90d	24	90d	17	90d	24	90d	10',42.00,'pendiente',NULL,'2025-12-10 21:27:39','2025-12-10 21:27:46',NULL),(175457,'EL251242',NULL,NULL,6298,1,14311,234764,'ETQ2512011.01',20,NULL,NULL,NULL,NULL,NULL,NULL,'IMPORTED',11,'Port15 B28-B29','11',5.00,352.00,3,0,1.68,'352',6.00,'pendiente',NULL,'2025-12-10 21:27:39','2025-12-10 21:27:46',NULL),(175458,'EL251243',NULL,NULL,6298,1,14311,234764,'ETQ2512011.01',20,NULL,NULL,NULL,NULL,NULL,NULL,'IMPORTED',11,'Port15 B28-B29','11',8.00,142.00,25,5,14.49,'10	90d	24	90d	37	90d	24	90d	37	90d	10',187.50,'pendiente',NULL,'2025-12-10 21:27:39','2025-12-10 21:27:46',NULL),(175459,'EL251244',NULL,NULL,6298,1,14310,234765,'ETQ2512011.02',17,NULL,NULL,NULL,NULL,NULL,NULL,'IMPORTED',11,'Port15 B28-B29','11',12.00,451.00,6,2,24.83,'25	90d	401	90d	25',18.00,'pendiente',NULL,'2025-12-10 21:27:39','2025-12-10 21:27:46',NULL),(175460,'EL251245',NULL,NULL,6298,1,14310,234765,'ETQ2512011.02',17,NULL,NULL,NULL,NULL,NULL,NULL,'IMPORTED',11,'Port15 B28-B29','11',8.00,390.00,2,0,3.18,'390',4.00,'pendiente',NULL,'2025-12-10 21:27:39','2025-12-10 21:27:46',NULL),(175461,'EL251246',NULL,NULL,6298,1,14311,234766,'ETQ2512012.01',20,NULL,NULL,NULL,NULL,NULL,NULL,'V4',12,'Port16 P4-P9','12',12.00,430.00,6,1,23.67,'25	90d	405',9.00,'pendiente',NULL,'2025-12-10 21:27:39','2025-12-10 21:27:46',NULL),(175462,'EL251247',NULL,NULL,6298,1,14311,234766,'ETQ2512012.01',20,NULL,NULL,NULL,NULL,NULL,NULL,'V4',12,'Port16 P4-P9','12',8.00,400.00,2,0,3.27,'400',4.00,'pendiente',NULL,'2025-12-10 21:27:39','2025-12-10 21:27:46',NULL),(175463,'EL251248',NULL,NULL,6298,1,14311,234766,'ETQ2512012.01',20,NULL,NULL,NULL,NULL,NULL,NULL,'V4',12,'Port16 P4-P9','12',5.00,330.00,3,0,1.58,'330',6.00,'pendiente',NULL,'2025-12-10 21:27:39','2025-12-10 21:27:46',NULL),(175464,'EL251249',NULL,NULL,6298,1,14310,234767,'ETQ2512012.02',17,NULL,NULL,NULL,NULL,NULL,NULL,'V4',12,'Port16 P4-P9','12',8.00,142.00,23,5,13.33,'10	90d	24	90d	37	90d	24	90d	37	90d	10',172.50,'pendiente',NULL,'2025-12-10 21:27:39','2025-12-10 21:27:46',NULL),(175465,'EL251250',NULL,NULL,6298,1,14311,234768,'ETQ2512013.01',20,NULL,NULL,NULL,NULL,NULL,NULL,'V4',13,'Port16 P9-P15','13',12.00,340.00,6,0,18.72,'340',12.00,'pendiente',NULL,'2025-12-10 21:27:39','2025-12-10 21:27:46',NULL),(175466,'EL251251',NULL,NULL,6298,1,14310,234769,'ETQ2512013.02',17,NULL,NULL,NULL,NULL,NULL,NULL,'V4',13,'Port16 P9-P15','13',12.00,240.00,3,0,6.61,'240',6.00,'pendiente',NULL,'2025-12-10 21:27:39','2025-12-10 21:27:46',NULL),(175467,'EL251252',NULL,NULL,6298,1,14310,234769,'ETQ2512013.02',17,NULL,NULL,NULL,NULL,NULL,NULL,'V4',13,'Port16 P9-P15','13',8.00,330.00,2,0,2.69,'330',4.00,'pendiente',NULL,'2025-12-10 21:27:39','2025-12-10 21:27:46',NULL),(175468,'EL251253',NULL,NULL,6298,1,14311,234768,'ETQ2512013.01',20,NULL,NULL,NULL,NULL,NULL,NULL,'V4',13,'Port16 P9-P15','13',5.00,250.00,3,0,1.19,'250',6.00,'pendiente',NULL,'2025-12-10 21:27:39','2025-12-10 21:27:46',NULL),(175469,'EL251254',NULL,NULL,6298,1,14310,234769,'ETQ2512013.02',17,NULL,NULL,NULL,NULL,NULL,NULL,'V4',13,'Port16 P9-P15','13',8.00,142.00,18,5,10.43,'10	90d	24	90d	37	90d	24	90d	37	90d	10',135.00,'pendiente',NULL,'2025-12-10 21:27:39','2025-12-10 21:27:46',NULL),(175470,'EL251255',NULL,NULL,6298,1,14310,234770,'ETQ2512014.01',17,NULL,NULL,NULL,NULL,NULL,NULL,'V4',14,'Port16 P15-P21','14',12.00,705.00,6,0,38.81,'705',12.00,'pendiente',NULL,'2025-12-10 21:27:39','2025-12-10 21:27:46',NULL),(175471,'EL251256',NULL,NULL,6298,1,14310,234770,'ETQ2512014.01',17,NULL,NULL,NULL,NULL,NULL,NULL,'V4',14,'Port16 P15-P21','14',10.00,200.00,2,0,2.55,'200',4.00,'pendiente',NULL,'2025-12-10 21:27:39','2025-12-10 21:27:46',NULL),(175472,'EL251257',NULL,NULL,6298,1,14311,234771,'ETQ2512014.02',20,NULL,NULL,NULL,NULL,NULL,NULL,'V4',14,'Port16 P15-P21','14',8.00,695.00,2,0,5.67,'695',4.00,'pendiente',NULL,'2025-12-10 21:27:39','2025-12-10 21:27:46',NULL),(175473,'EL251258',NULL,NULL,6298,1,14311,234771,'ETQ2512014.02',20,NULL,NULL,NULL,NULL,NULL,NULL,'V4',14,'Port16 P15-P21','14',5.00,615.00,3,0,2.94,'615',6.00,'pendiente',NULL,'2025-12-10 21:27:39','2025-12-10 21:27:46',NULL),(175474,'EL251259',NULL,NULL,6298,1,14310,234770,'ETQ2512014.01',17,NULL,NULL,NULL,NULL,NULL,NULL,'V4',14,'Port16 P15-P21','14',8.00,142.00,42,5,24.34,'10	90d	24	90d	37	90d	24	90d	37	90d	10',315.00,'pendiente',NULL,'2025-12-10 21:27:39','2025-12-10 21:27:46',NULL),(175475,'EL251260',NULL,NULL,6298,1,14310,234772,'ETQ2512015.01',17,NULL,NULL,NULL,NULL,NULL,NULL,'V4',15,'Port16 P21-P22','15',12.00,370.00,6,1,20.37,'345	90d	25',9.00,'pendiente',NULL,'2025-12-10 21:27:39','2025-12-10 21:27:46',NULL),(175476,'EL251261',NULL,NULL,6298,1,14311,234773,'ETQ2512015.02',20,NULL,NULL,NULL,NULL,NULL,NULL,'V4',15,'Port16 P21-P22','15',8.00,335.00,2,0,2.73,'335',4.00,'pendiente',NULL,'2025-12-10 21:27:39','2025-12-10 21:27:46',NULL),(175477,'EL251262',NULL,NULL,6298,1,14311,234773,'ETQ2512015.02',20,NULL,NULL,NULL,NULL,NULL,NULL,'V4',15,'Port16 P21-P22','15',5.00,270.00,3,0,1.29,'270',6.00,'pendiente',NULL,'2025-12-10 21:27:39','2025-12-10 21:27:46',NULL),(175478,'EL251263',NULL,NULL,6298,1,14311,234773,'ETQ2512015.02',20,NULL,NULL,NULL,NULL,NULL,NULL,'V4',15,'Port16 P21-P22','15',8.00,142.00,19,5,11.01,'10	90d	24	90d	37	90d	24	90d	37	90d	10',142.50,'pendiente',NULL,'2025-12-10 21:27:39','2025-12-10 21:27:46',NULL),(175479,'EL251264',NULL,NULL,6298,1,14311,234774,'ETQ2512016.01',20,NULL,NULL,NULL,NULL,NULL,NULL,'IMPORTED',16,'Port17 B2-B4','16',5.00,124.00,3,0,0.59,'124',6.00,'pendiente',NULL,'2025-12-10 21:27:39','2025-12-10 21:27:46',NULL),(175480,'EL251265',NULL,NULL,6298,1,14310,234775,'ETQ2512016.02',17,NULL,NULL,NULL,NULL,NULL,NULL,'IMPORTED',16,'Port17 B2-B4','16',8.00,147.00,9,7,5.40,'10	90d	22	90d	13	90d	22	90d	24	90d	22	90d	24	90d	10',94.50,'pendiente',NULL,'2025-12-10 21:27:39','2025-12-10 21:27:46',NULL),(175481,'EL251266',NULL,NULL,6298,1,14310,234775,'ETQ2512016.02',17,NULL,NULL,NULL,NULL,NULL,NULL,'IMPORTED',16,'Port17 B2-B4','16',12.00,218.00,3,2,6.00,'20	90d	178	90d	20',9.00,'pendiente',NULL,'2025-12-10 21:27:39','2025-12-10 21:27:46',NULL),(175482,'EL251267',NULL,NULL,6298,1,14310,234775,'ETQ2512016.02',17,NULL,NULL,NULL,NULL,NULL,NULL,'IMPORTED',16,'Port17 B2-B4','16',12.00,208.00,3,2,5.73,'15	90d	178	90d	15',9.00,'pendiente',NULL,'2025-12-10 21:27:39','2025-12-10 21:27:46',NULL),(175483,'EL251268',NULL,NULL,6298,1,14311,234776,'ETQ2512017.01',20,NULL,NULL,NULL,NULL,NULL,NULL,'IMPORTED',17,'Port18 P5-B31','17',5.00,156.00,3,0,0.75,'156',6.00,'pendiente',NULL,'2025-12-10 21:27:39','2025-12-10 21:27:46',NULL),(175484,'EL251269',NULL,NULL,6298,1,14311,234776,'ETQ2512017.01',20,NULL,NULL,NULL,NULL,NULL,NULL,'IMPORTED',17,'Port18 P5-B31','17',8.00,147.00,12,7,7.20,'10	90d	22	90d	13	90d	22	90d	24	90d	22	90d	24	90d	10',126.00,'pendiente',NULL,'2025-12-10 21:27:39','2025-12-10 21:27:46',NULL),(175485,'EL251270',NULL,NULL,6298,1,14311,234776,'ETQ2512017.01',20,NULL,NULL,NULL,NULL,NULL,NULL,'IMPORTED',17,'Port18 P5-B31','17',12.00,255.00,3,2,7.02,'20	90d	215	90d	20',9.00,'pendiente',NULL,'2025-12-10 21:27:39','2025-12-10 21:27:46',NULL),(175486,'EL251271',NULL,NULL,6298,1,14310,234777,'ETQ2512017.02',17,NULL,NULL,NULL,NULL,NULL,NULL,'IMPORTED',17,'Port18 P5-B31','17',12.00,245.00,3,2,6.74,'15	90d	215	90d	15',9.00,'pendiente',NULL,'2025-12-10 21:27:39','2025-12-10 21:27:46',NULL),(175487,'EL251272',NULL,NULL,6298,1,14310,234778,'ETQ2512018.01',17,NULL,NULL,NULL,NULL,NULL,NULL,'IMPORTED',18,'Port19 B9-B8','18',8.00,147.00,21,7,12.60,'10	90d	22	90d	13	90d	22	90d	24	90d	22	90d	24	90d	10',220.50,'pendiente',NULL,'2025-12-10 21:27:39','2025-12-10 21:27:46',NULL),(175488,'EL251273',NULL,NULL,6298,1,14311,234779,'ETQ2512018.02',20,NULL,NULL,NULL,NULL,NULL,NULL,'IMPORTED',18,'Port19 B9-B8','18',5.00,303.00,3,0,1.45,'303',6.00,'pendiente',NULL,'2025-12-10 21:27:39','2025-12-10 21:27:46',NULL),(175489,'EL251274',NULL,NULL,6298,1,14311,234779,'ETQ2512018.02',20,NULL,NULL,NULL,NULL,NULL,NULL,'IMPORTED',18,'Port19 B9-B8','18',12.00,392.00,3,2,10.79,'20	90d	352	90d	20',9.00,'pendiente',NULL,'2025-12-10 21:27:39','2025-12-10 21:27:46',NULL),(175490,'EL251275',NULL,NULL,6298,1,14311,234779,'ETQ2512018.02',20,NULL,NULL,NULL,NULL,NULL,NULL,'IMPORTED',18,'Port19 B9-B8','18',12.00,382.00,3,2,10.52,'15	90d	352	90d	15',9.00,'pendiente',NULL,'2025-12-10 21:27:39','2025-12-10 21:27:46',NULL),(175491,'EL251276',NULL,NULL,6298,1,14310,234780,'ETQ2512019.01',17,NULL,NULL,NULL,NULL,NULL,NULL,'IMPORTED',19,'Port20 PA1-PA1','19',8.00,147.00,13,7,7.80,'10	90d	22	90d	13	90d	22	90d	24	90d	22	90d	24	90d	10',136.50,'pendiente',NULL,'2025-12-10 21:27:39','2025-12-10 21:27:46',NULL),(175492,'EL251277',NULL,NULL,6298,1,14310,234780,'ETQ2512019.01',17,NULL,NULL,NULL,NULL,NULL,NULL,'IMPORTED',19,'Port20 PA1-PA1','19',12.00,265.00,3,2,7.29,'20	90d	225	90d	20',9.00,'pendiente',NULL,'2025-12-10 21:27:39','2025-12-10 21:27:46',NULL),(175493,'EL251278',NULL,NULL,6298,1,14310,234780,'ETQ2512019.01',17,NULL,NULL,NULL,NULL,NULL,NULL,'IMPORTED',19,'Port20 PA1-PA1','19',12.00,255.00,3,2,7.02,'15	90d	225	90d	15',9.00,'pendiente',NULL,'2025-12-10 21:27:39','2025-12-10 21:27:46',NULL),(175494,'EL251279',NULL,NULL,6298,1,14311,234781,'ETQ2512019.02',20,NULL,NULL,NULL,NULL,NULL,NULL,'IMPORTED',19,'Port20 PA1-PA1','19',5.00,175.00,3,0,0.84,'175',6.00,'pendiente',NULL,'2025-12-10 21:27:39','2025-12-10 21:27:46',NULL),(175495,'EL251280',NULL,NULL,6298,1,14311,234782,'ETQ2512020.01',20,NULL,NULL,NULL,NULL,NULL,NULL,'IMPORTED',20,'Port21 B3-P27','20',5.00,124.00,3,0,0.59,'124',6.00,'pendiente',NULL,'2025-12-10 21:27:39','2025-12-10 21:27:46',NULL),(175496,'EL251281',NULL,NULL,6298,1,14311,234782,'ETQ2512020.01',20,NULL,NULL,NULL,NULL,NULL,NULL,'IMPORTED',20,'Port21 B3-P27','20',8.00,147.00,9,7,5.40,'10	90d	22	90d	13	90d	22	90d	24	90d	22	90d	24	90d	10',94.50,'pendiente',NULL,'2025-12-10 21:27:39','2025-12-10 21:27:46',NULL),(175497,'EL251282',NULL,NULL,6298,1,14311,234782,'ETQ2512020.01',20,NULL,NULL,NULL,NULL,NULL,NULL,'IMPORTED',20,'Port21 B3-P27','20',12.00,220.00,3,2,6.06,'20	90d	180	90d	20',9.00,'pendiente',NULL,'2025-12-10 21:27:39','2025-12-10 21:27:46',NULL),(175498,'EL251283',NULL,NULL,6298,1,14310,234783,'ETQ2512020.02',17,NULL,NULL,NULL,NULL,NULL,NULL,'IMPORTED',20,'Port21 B3-P27','20',12.00,210.00,3,2,5.78,'15	90d	180	90d	15',9.00,'pendiente',NULL,'2025-12-10 21:27:39','2025-12-10 21:27:46',NULL),(175499,'EL251284',NULL,NULL,6298,1,14310,234784,'ETQ2512021.01',17,NULL,NULL,NULL,NULL,NULL,NULL,'IMPORTED',21,'Port22 PA1-B11','21',12.00,372.00,3,2,10.24,'15	90d	342	90d	15',9.00,'pendiente',NULL,'2025-12-10 21:27:39','2025-12-10 21:27:46',NULL),(175500,'EL251285',NULL,NULL,6298,1,14311,234785,'ETQ2512021.02',20,NULL,NULL,NULL,NULL,NULL,NULL,'IMPORTED',21,'Port22 PA1-B11','21',5.00,293.00,3,0,1.40,'293',6.00,'pendiente',NULL,'2025-12-10 21:27:39','2025-12-10 21:27:46',NULL),(175501,'EL251286',NULL,NULL,6298,1,14310,234784,'ETQ2512021.01',17,NULL,NULL,NULL,NULL,NULL,NULL,'IMPORTED',21,'Port22 PA1-B11','21',8.00,147.00,21,7,12.60,'10	90d	22	90d	13	90d	22	90d	24	90d	22	90d	24	90d	10',220.50,'pendiente',NULL,'2025-12-10 21:27:39','2025-12-10 21:27:46',NULL),(175502,'EL251287',NULL,NULL,6298,1,14310,234784,'ETQ2512021.01',17,NULL,NULL,NULL,NULL,NULL,NULL,'IMPORTED',21,'Port22 PA1-B11','21',12.00,382.00,3,2,10.52,'20	90d	342	90d	20',9.00,'pendiente',NULL,'2025-12-10 21:27:39','2025-12-10 21:27:46',NULL),(175503,'EL251288',NULL,NULL,6298,1,14310,234786,'ETQ2512022.01',17,NULL,NULL,NULL,NULL,NULL,NULL,'IMPORTED',22,'Port23 PA1-B14','22',8.00,147.00,5,7,3.00,'10	90d	22	90d	13	90d	22	90d	24	90d	22	90d	24	90d	10',52.50,'pendiente',NULL,'2025-12-10 21:27:39','2025-12-10 21:27:46',NULL),(175504,'EL251289',NULL,NULL,6298,1,14310,234786,'ETQ2512022.01',17,NULL,NULL,NULL,NULL,NULL,NULL,'IMPORTED',22,'Port23 PA1-B14','22',12.00,145.00,3,2,3.99,'20	90d	105	90d	20',9.00,'pendiente',NULL,'2025-12-10 21:27:39','2025-12-10 21:27:46',NULL),(175505,'EL251290',NULL,NULL,6298,1,14311,234787,'ETQ2512022.02',20,NULL,NULL,NULL,NULL,NULL,NULL,'IMPORTED',22,'Port23 PA1-B14','22',5.00,55.00,3,0,0.26,'55',6.00,'pendiente',NULL,'2025-12-10 21:27:39','2025-12-10 21:27:46',NULL),(175506,'EL251291',NULL,NULL,6298,1,14311,234787,'ETQ2512022.02',20,NULL,NULL,NULL,NULL,NULL,NULL,'IMPORTED',22,'Port23 PA1-B14','22',12.00,135.00,3,2,3.72,'15	90d	105	90d	15',9.00,'pendiente',NULL,'2025-12-10 21:27:39','2025-12-10 21:27:46',NULL),(175507,'EL251292',NULL,NULL,6298,1,14311,234788,'ETQ2512023.01',20,NULL,NULL,NULL,NULL,NULL,NULL,'IMPORTED',23,'Port24 P7-P12','23',5.00,339.00,3,0,1.62,'339',6.00,'pendiente',NULL,'2025-12-10 21:27:39','2025-12-10 21:27:46',NULL),(175508,'EL251293',NULL,NULL,6298,1,14311,234788,'ETQ2512023.01',20,NULL,NULL,NULL,NULL,NULL,NULL,'IMPORTED',23,'Port24 P7-P12','23',8.00,147.00,24,7,14.40,'10	90d	22	90d	13	90d	22	90d	24	90d	22	90d	24	90d	10',252.00,'pendiente',NULL,'2025-12-10 21:27:39','2025-12-10 21:27:46',NULL),(175509,'EL251294',NULL,NULL,6298,1,14310,234789,'ETQ2512023.02',17,NULL,NULL,NULL,NULL,NULL,NULL,'IMPORTED',23,'Port24 P7-P12','23',12.00,443.00,3,2,12.19,'20	90d	403	90d	20',9.00,'pendiente',NULL,'2025-12-10 21:27:39','2025-12-10 21:27:46',NULL),(175510,'EL251295',NULL,NULL,6298,1,14310,234789,'ETQ2512023.02',17,NULL,NULL,NULL,NULL,NULL,NULL,'IMPORTED',23,'Port24 P7-P12','23',12.00,433.00,3,2,11.92,'15	90d	403	90d	15',9.00,'pendiente',NULL,'2025-12-10 21:27:39','2025-12-10 21:27:46',NULL),(175511,'EL251296',NULL,NULL,6298,1,14311,234790,'ETQ2512024.01',20,NULL,NULL,NULL,NULL,NULL,NULL,'V4',24,'1','24',12.00,150.00,6,2,8.26,'15	90d	120	90d	15',18.00,'pendiente',NULL,'2025-12-10 21:27:39','2025-12-10 21:27:46',NULL),(175512,'EL251297',NULL,NULL,6298,1,14311,234790,'ETQ2512024.01',20,NULL,NULL,NULL,NULL,NULL,NULL,'V4',24,'1','24',12.00,120.00,6,0,6.61,'120',12.00,'pendiente',NULL,'2025-12-10 21:27:39','2025-12-10 21:27:46',NULL),(175513,'EL251298',NULL,NULL,6298,1,14311,234790,'ETQ2512024.01',20,NULL,NULL,NULL,NULL,NULL,NULL,'V4',24,'1','24',5.00,70.00,6,0,0.67,'70',12.00,'pendiente',NULL,'2025-12-10 21:27:39','2025-12-10 21:27:46',NULL),(175514,'EL251299',NULL,NULL,6298,1,14311,234790,'ETQ2512024.01',20,NULL,NULL,NULL,NULL,NULL,NULL,'V4',24,'1','24',8.00,92.00,12,5,4.51,'10	90d	14	90d	22	90d	14	90d	22	90d	10',90.00,'pendiente',NULL,'2025-12-10 21:27:39','2025-12-10 21:27:46',NULL),(175515,'EL2512100',NULL,NULL,6298,1,14310,234791,'ETQ2512025.01',17,NULL,NULL,NULL,NULL,NULL,NULL,'V4',25,'2','25',12.00,95.00,24,2,20.92,'15	90d	65	90d	15',72.00,'pendiente',NULL,'2025-12-10 21:27:39','2025-12-10 21:27:46',NULL),(175516,'EL2512101',NULL,NULL,6298,1,14311,234792,'ETQ2512025.02',20,NULL,NULL,NULL,NULL,NULL,NULL,'V4',25,'2','25',12.00,65.00,24,0,14.31,'65',48.00,'pendiente',NULL,'2025-12-10 21:27:39','2025-12-10 21:27:46',NULL),(175517,'EL2512102',NULL,NULL,6298,1,14311,234792,'ETQ2512025.02',20,NULL,NULL,NULL,NULL,NULL,NULL,'V4',25,'2','25',5.00,15.00,24,0,0.57,'15',48.00,'pendiente',NULL,'2025-12-10 21:27:39','2025-12-10 21:27:46',NULL),(175518,'EL2512103',NULL,NULL,6298,1,14311,234792,'ETQ2512025.02',20,NULL,NULL,NULL,NULL,NULL,NULL,'V4',25,'2','25',8.00,92.00,16,5,6.01,'10	90d	14	90d	22	90d	14	90d	22	90d	10',120.00,'pendiente',NULL,'2025-12-10 21:27:39','2025-12-10 21:27:46',NULL),(175519,'EL2512104',NULL,NULL,6298,1,14311,234793,'ETQ2512026.01',20,NULL,NULL,NULL,NULL,NULL,NULL,'V4',26,'3','26',12.00,178.00,6,2,9.80,'15	90d	148	90d	15',18.00,'pendiente',NULL,'2025-12-10 21:27:39','2025-12-10 21:27:46',NULL),(175520,'EL2512105',NULL,NULL,6298,1,14311,234793,'ETQ2512026.01',20,NULL,NULL,NULL,NULL,NULL,NULL,'V4',26,'3','26',12.00,148.00,6,0,8.15,'148',12.00,'pendiente',NULL,'2025-12-10 21:27:39','2025-12-10 21:27:46',NULL),(175521,'EL2512106',NULL,NULL,6298,1,14311,234793,'ETQ2512026.01',20,NULL,NULL,NULL,NULL,NULL,NULL,'V4',26,'3','26',5.00,98.00,6,0,0.94,'98',12.00,'pendiente',NULL,'2025-12-10 21:27:39','2025-12-10 21:27:46',NULL),(175522,'EL2512107',NULL,NULL,6298,1,14311,234793,'ETQ2512026.01',20,NULL,NULL,NULL,NULL,NULL,NULL,'V4',26,'3','26',8.00,92.00,16,5,6.01,'10	90d	14	90d	22	90d	14	90d	22	90d	10',120.00,'pendiente',NULL,'2025-12-10 21:27:39','2025-12-10 21:27:46',NULL),(175523,'EL2512108',NULL,NULL,6298,1,14310,234794,'ETQ2512027.01',17,NULL,NULL,NULL,NULL,NULL,NULL,'V4',27,'4','27',12.00,106.00,6,2,5.84,'15	90d	76	90d	15',18.00,'pendiente',NULL,'2025-12-10 21:27:39','2025-12-10 21:27:46',NULL),(175524,'EL2512109',NULL,NULL,6298,1,14311,234795,'ETQ2512027.02',20,NULL,NULL,NULL,NULL,NULL,NULL,'V4',27,'4','27',12.00,76.00,6,0,4.18,'76',12.00,'pendiente',NULL,'2025-12-10 21:27:39','2025-12-10 21:27:46',NULL),(175525,'EL2512110',NULL,NULL,6298,1,14311,234795,'ETQ2512027.02',20,NULL,NULL,NULL,NULL,NULL,NULL,'V4',27,'4','27',5.00,26.00,6,0,0.25,'26',12.00,'pendiente',NULL,'2025-12-10 21:27:39','2025-12-10 21:27:46',NULL),(175526,'EL2512111',NULL,NULL,6298,1,14311,234795,'ETQ2512027.02',20,NULL,NULL,NULL,NULL,NULL,NULL,'V4',27,'4','27',8.00,92.00,6,5,2.25,'10	90d	14	90d	22	90d	14	90d	22	90d	10',45.00,'pendiente',NULL,'2025-12-10 21:27:39','2025-12-10 21:27:46',NULL),(175527,'EL2512112',NULL,NULL,6298,1,14310,234796,'ETQ2512028.01',17,NULL,NULL,NULL,NULL,NULL,NULL,'V4',28,'5','28',12.00,92.00,6,2,5.07,'15	90d	62	90d	15',18.00,'pendiente',NULL,'2025-12-10 21:27:39','2025-12-10 21:27:46',NULL),(175528,'EL2512113',NULL,NULL,6298,1,14311,234797,'ETQ2512028.02',20,NULL,NULL,NULL,NULL,NULL,NULL,'V4',28,'5','28',12.00,62.00,6,0,3.41,'62',12.00,'pendiente',NULL,'2025-12-10 21:27:39','2025-12-10 21:27:46',NULL),(175529,'EL2512114',NULL,NULL,6298,1,14311,234797,'ETQ2512028.02',20,NULL,NULL,NULL,NULL,NULL,NULL,'V4',28,'5','28',5.00,12.00,6,0,0.11,'12',12.00,'pendiente',NULL,'2025-12-10 21:27:39','2025-12-10 21:27:46',NULL),(175530,'EL2512115',NULL,NULL,6298,1,14310,234796,'ETQ2512028.01',17,NULL,NULL,NULL,NULL,NULL,NULL,'V4',28,'5','28',8.00,92.00,4,5,1.50,'10	90d	14	90d	22	90d	14	90d	22	90d	10',30.00,'pendiente',NULL,'2025-12-10 21:27:39','2025-12-10 21:27:46',NULL),(175531,'EL2512116',NULL,NULL,6298,1,14311,234798,'ETQ2512029.01',20,NULL,NULL,NULL,NULL,NULL,NULL,'V4',29,'6','29',12.00,136.00,6,2,7.49,'15	90d	106	90d	15',18.00,'pendiente',NULL,'2025-12-10 21:27:39','2025-12-10 21:27:46',NULL),(175532,'EL2512117',NULL,NULL,6298,1,14311,234798,'ETQ2512029.01',20,NULL,NULL,NULL,NULL,NULL,NULL,'V4',29,'6','29',12.00,106.00,6,0,5.84,'106',12.00,'pendiente',NULL,'2025-12-10 21:27:39','2025-12-10 21:27:46',NULL),(175533,'EL2512118',NULL,NULL,6298,1,14311,234798,'ETQ2512029.01',20,NULL,NULL,NULL,NULL,NULL,NULL,'V4',29,'6','29',5.00,56.00,6,0,0.54,'56',12.00,'pendiente',NULL,'2025-12-10 21:27:39','2025-12-10 21:27:46',NULL),(175534,'EL2512119',NULL,NULL,6298,1,14311,234798,'ETQ2512029.01',20,NULL,NULL,NULL,NULL,NULL,NULL,'V4',29,'6','29',8.00,92.00,10,5,3.76,'10	90d	14	90d	22	90d	14	90d	22	90d	10',75.00,'pendiente',NULL,'2025-12-10 21:27:39','2025-12-10 21:27:46',NULL),(175535,'EL2512120',NULL,NULL,6298,1,14311,234799,'ETQ2512030.01',20,NULL,NULL,NULL,NULL,NULL,NULL,'V4',30,'7','30',12.00,167.00,6,2,9.19,'15	90d	137	90d	15',18.00,'pendiente',NULL,'2025-12-10 21:27:39','2025-12-10 21:27:46',NULL),(175536,'EL2512121',NULL,NULL,6298,1,14310,234800,'ETQ2512030.02',17,NULL,NULL,NULL,NULL,NULL,NULL,'V4',30,'7','30',12.00,137.00,6,0,7.54,'137',12.00,'pendiente',NULL,'2025-12-10 21:27:39','2025-12-10 21:27:46',NULL),(175537,'EL2512122',NULL,NULL,6298,1,14311,234799,'ETQ2512030.01',20,NULL,NULL,NULL,NULL,NULL,NULL,'V4',30,'7','30',5.00,87.00,6,0,0.83,'87',12.00,'pendiente',NULL,'2025-12-10 21:27:39','2025-12-10 21:27:46',NULL),(175538,'EL2512123',NULL,NULL,6298,1,14311,234799,'ETQ2512030.01',20,NULL,NULL,NULL,NULL,NULL,NULL,'V4',30,'7','30',8.00,92.00,14,5,5.26,'10	90d	14	90d	22	90d	14	90d	22	90d	10',105.00,'pendiente',NULL,'2025-12-10 21:27:39','2025-12-10 21:27:46',NULL),(175539,'EL2512124',NULL,NULL,6298,1,14311,234801,'ETQ2512031.01',20,NULL,NULL,NULL,NULL,NULL,NULL,'V4',31,'8','31',12.00,130.00,6,2,7.16,'15	90d	100	90d	15',18.00,'pendiente',NULL,'2025-12-10 21:27:39','2025-12-10 21:27:46',NULL),(175540,'EL2512125',NULL,NULL,6298,1,14310,234802,'ETQ2512031.02',17,NULL,NULL,NULL,NULL,NULL,NULL,'V4',31,'8','31',12.00,100.00,6,0,5.51,'100',12.00,'pendiente',NULL,'2025-12-10 21:27:39','2025-12-10 21:27:46',NULL),(175541,'EL2512126',NULL,NULL,6298,1,14311,234801,'ETQ2512031.01',20,NULL,NULL,NULL,NULL,NULL,NULL,'V4',31,'8','31',5.00,50.00,6,0,0.48,'50',12.00,'pendiente',NULL,'2025-12-10 21:27:39','2025-12-10 21:27:46',NULL),(175542,'EL2512127',NULL,NULL,6298,1,14310,234802,'ETQ2512031.02',17,NULL,NULL,NULL,NULL,NULL,NULL,'V4',31,'8','31',8.00,92.00,10,5,3.76,'10	90d	14	90d	22	90d	14	90d	22	90d	10',75.00,'pendiente',NULL,'2025-12-10 21:27:39','2025-12-10 21:27:46',NULL),(175543,'EL2512128',NULL,NULL,6298,1,14310,234803,'ETQ2512032.01',17,NULL,NULL,NULL,NULL,NULL,NULL,'V4',32,'9','32',12.00,107.00,12,2,11.78,'15	90d	77	90d	15',36.00,'pendiente',NULL,'2025-12-10 21:27:39','2025-12-10 21:27:46',NULL),(175544,'EL2512129',NULL,NULL,6298,1,14311,234804,'ETQ2512032.02',20,NULL,NULL,NULL,NULL,NULL,NULL,'V4',32,'9','32',12.00,77.00,12,0,8.48,'77',24.00,'pendiente',NULL,'2025-12-10 21:27:39','2025-12-10 21:27:46',NULL),(175545,'EL2512130',NULL,NULL,6298,1,14310,234803,'ETQ2512032.01',17,NULL,NULL,NULL,NULL,NULL,NULL,'V4',32,'9','32',8.00,92.00,12,5,4.51,'10	90d	14	90d	22	90d	14	90d	22	90d	10',90.00,'pendiente',NULL,'2025-12-10 21:27:39','2025-12-10 21:27:46',NULL),(175546,'EL2512131',NULL,NULL,6298,1,14311,234804,'ETQ2512032.02',20,NULL,NULL,NULL,NULL,NULL,NULL,'V4',32,'9','32',5.00,27.00,12,0,0.52,'27',24.00,'pendiente',NULL,'2025-12-10 21:27:39','2025-12-10 21:27:46',NULL),(175547,'EL2512132',NULL,NULL,6298,1,14311,234805,'ETQ2512033.01',20,NULL,NULL,NULL,NULL,NULL,NULL,'V4',33,'10','33',12.00,138.00,3,2,3.80,'15	90d	108	90d	15',9.00,'pendiente',NULL,'2025-12-10 21:27:39','2025-12-10 21:27:46',NULL),(175548,'EL2512133',NULL,NULL,6298,1,14310,234806,'ETQ2512033.02',17,NULL,NULL,NULL,NULL,NULL,NULL,'V4',33,'10','33',12.00,108.00,3,0,2.97,'108',6.00,'pendiente',NULL,'2025-12-10 21:27:39','2025-12-10 21:27:46',NULL),(175549,'EL2512134',NULL,NULL,6298,1,14311,234805,'ETQ2512033.01',20,NULL,NULL,NULL,NULL,NULL,NULL,'V4',33,'10','33',5.00,58.00,3,0,0.28,'58',6.00,'pendiente',NULL,'2025-12-10 21:27:39','2025-12-10 21:27:46',NULL),(175550,'EL2512135',NULL,NULL,6298,1,14311,234805,'ETQ2512033.01',20,NULL,NULL,NULL,NULL,NULL,NULL,'V4',33,'10','33',8.00,92.00,5,5,1.88,'10	90d	14	90d	22	90d	14	90d	22	90d	10',37.50,'pendiente',NULL,'2025-12-10 21:27:39','2025-12-10 21:27:46',NULL),(175551,'EL2512136',NULL,NULL,6298,0,14312,234807,'ETQ2512034.01',23,NULL,NULL,NULL,NULL,NULL,NULL,'V4',34,'RESERVA','34',12.00,600.00,12,0,66.07,'600',24.00,'pendiente',NULL,'2025-12-10 21:27:39','2025-12-10 21:27:46',NULL),(175552,'EL2512137',NULL,NULL,6298,1,14311,234808,'ETQ2512034.02',20,NULL,NULL,NULL,NULL,NULL,NULL,'V4',34,'RESERVA','34',5.00,586.00,6,0,5.60,'586',12.00,'pendiente',NULL,'2025-12-10 21:27:39','2025-12-10 21:27:46',NULL),(175553,'EL2512138',NULL,NULL,6298,1,14310,234809,'ETQ2512034.03',17,NULL,NULL,NULL,NULL,NULL,NULL,'V4',34,'RESERVA','34',8.00,92.00,82,5,30.79,'10	90d	14	90d	22	90d	14	90d	22	90d	10',615.00,'pendiente',NULL,'2025-12-10 21:27:39','2025-12-10 21:27:46',NULL),(175554,'EL2512139',NULL,NULL,6299,1,14313,234846,'ETQ2512035.01',20,NULL,NULL,NULL,NULL,NULL,NULL,'V2',1,'P16,P17,P25','1',10.00,160.00,18,0,18.36,'160',36.00,'pendiente',NULL,'2025-12-10 21:27:46','2025-12-10 21:27:53',NULL),(175555,'EL2512140',NULL,NULL,6299,1,14313,234846,'ETQ2512035.01',20,NULL,NULL,NULL,NULL,NULL,NULL,'V2',1,'P16,P17,P25','1',5.00,150.00,9,0,2.15,'150',18.00,'pendiente',NULL,'2025-12-10 21:27:46','2025-12-10 21:27:53',NULL),(175556,'EL2512141',NULL,NULL,6299,1,14313,234846,'ETQ2512035.01',20,NULL,NULL,NULL,NULL,NULL,NULL,'V2',1,'P16,P17,P25','1',8.00,184.00,30,9,22.53,'10	90d	17	90d	24	90d	17	90d	6	90d	17	90d	24	90d	17	90d	42	90d	10',405.00,'pendiente',NULL,'2025-12-10 21:27:46','2025-12-10 21:27:53',NULL),(175557,'EL2512142',NULL,NULL,6299,1,14314,234847,'ETQ2512036.01',17,NULL,NULL,NULL,NULL,NULL,NULL,'V2',2,'P16,P17,P25','2',10.00,160.00,18,0,18.36,'160',36.00,'pendiente',NULL,'2025-12-10 21:27:46','2025-12-10 21:27:53',NULL),(175558,'EL2512143',NULL,NULL,6299,1,14313,234848,'ETQ2512036.02',20,NULL,NULL,NULL,NULL,NULL,NULL,'V2',2,'P16,P17,P25','2',5.00,150.00,9,0,2.15,'150',18.00,'pendiente',NULL,'2025-12-10 21:27:46','2025-12-10 21:27:53',NULL),(175559,'EL2512144',NULL,NULL,6299,1,14314,234847,'ETQ2512036.01',17,NULL,NULL,NULL,NULL,NULL,NULL,'V2',2,'P16,P17,P25','2',8.00,184.00,30,9,22.53,'10	90d	17	90d	24	90d	17	90d	6	90d	17	90d	24	90d	17	90d	42	90d	10',405.00,'pendiente',NULL,'2025-12-10 21:27:46','2025-12-10 21:27:53',NULL),(175560,'EL2512145',NULL,NULL,6299,1,14314,234849,'ETQ2512037.01',17,NULL,NULL,NULL,NULL,NULL,NULL,'V4',3,'P3','3',16.00,187.00,2,1,6.10,'12	90d	175',3.00,'pendiente',NULL,'2025-12-10 21:27:46','2025-12-10 21:27:53',NULL),(175561,'EL2512146',NULL,NULL,6299,1,14314,234849,'ETQ2512037.01',17,NULL,NULL,NULL,NULL,NULL,NULL,'V4',3,'P3','3',12.00,175.00,2,0,3.21,'175',4.00,'pendiente',NULL,'2025-12-10 21:27:46','2025-12-10 21:27:53',NULL),(175562,'EL2512147',NULL,NULL,6299,1,14313,234850,'ETQ2512037.02',20,NULL,NULL,NULL,NULL,NULL,NULL,'V4',3,'P3','3',5.00,140.00,3,0,0.67,'140',6.00,'pendiente',NULL,'2025-12-10 21:27:46','2025-12-10 21:27:53',NULL),(175563,'EL2512148',NULL,NULL,6299,1,14314,234849,'ETQ2512037.01',17,NULL,NULL,NULL,NULL,NULL,NULL,'V4',3,'P3','3',8.00,92.00,11,5,4.13,'10	90d	19	90d	17	90d	19	90d	17	90d	10',82.50,'pendiente',NULL,'2025-12-10 21:27:46','2025-12-10 21:27:53',NULL),(175564,'EL2512149',NULL,NULL,6299,1,14313,234851,'ETQ2512038.01',20,NULL,NULL,NULL,NULL,NULL,NULL,'V4',4,'P8,P14','4',16.00,157.00,4,1,10.24,'12	90d	145',6.00,'pendiente',NULL,'2025-12-10 21:27:46','2025-12-10 21:27:53',NULL),(175565,'EL2512150',NULL,NULL,6299,1,14313,234851,'ETQ2512038.01',20,NULL,NULL,NULL,NULL,NULL,NULL,'V4',4,'P8,P14','4',12.00,145.00,4,0,5.32,'145',8.00,'pendiente',NULL,'2025-12-10 21:27:46','2025-12-10 21:27:53',NULL),(175566,'EL2512151',NULL,NULL,6299,1,14313,234851,'ETQ2512038.01',20,NULL,NULL,NULL,NULL,NULL,NULL,'V4',4,'P8,P14','4',5.00,110.00,6,0,1.05,'110',12.00,'pendiente',NULL,'2025-12-10 21:27:46','2025-12-10 21:27:53',NULL),(175567,'EL2512152',NULL,NULL,6299,1,14313,234851,'ETQ2512038.01',20,NULL,NULL,NULL,NULL,NULL,NULL,'V4',4,'P8,P14','4',8.00,92.00,18,5,6.76,'10	90d	19	90d	17	90d	19	90d	17	90d	10',135.00,'pendiente',NULL,'2025-12-10 21:27:46','2025-12-10 21:27:53',NULL),(175568,'EL2512153',NULL,NULL,6299,1,14313,234852,'ETQ2512039.01',20,NULL,NULL,NULL,NULL,NULL,NULL,'V4',5,'P20','5',16.00,117.00,2,1,3.82,'12	90d	105',3.00,'pendiente',NULL,'2025-12-10 21:27:46','2025-12-10 21:27:53',NULL),(175569,'EL2512154',NULL,NULL,6299,1,14313,234852,'ETQ2512039.01',20,NULL,NULL,NULL,NULL,NULL,NULL,'V4',5,'P20','5',12.00,105.00,2,0,1.93,'105',4.00,'pendiente',NULL,'2025-12-10 21:27:46','2025-12-10 21:27:53',NULL),(175570,'EL2512155',NULL,NULL,6299,1,14313,234852,'ETQ2512039.01',20,NULL,NULL,NULL,NULL,NULL,NULL,'V4',5,'P20','5',5.00,70.00,3,0,0.33,'70',6.00,'pendiente',NULL,'2025-12-10 21:27:46','2025-12-10 21:27:53',NULL),(175571,'EL2512156',NULL,NULL,6299,1,14314,234853,'ETQ2512039.02',17,NULL,NULL,NULL,NULL,NULL,NULL,'V4',5,'P20','5',8.00,92.00,6,5,2.25,'10	90d	19	90d	17	90d	19	90d	17	90d	10',45.00,'pendiente',NULL,'2025-12-10 21:27:46','2025-12-10 21:27:53',NULL),(175572,'EL2512157',NULL,NULL,6299,1,14313,234854,'ETQ2512040.01',20,NULL,NULL,NULL,NULL,NULL,NULL,'V4',6,'P23','6',16.00,122.00,2,1,3.98,'12	90d	110',3.00,'pendiente',NULL,'2025-12-10 21:27:46','2025-12-10 21:27:53',NULL),(175573,'EL2512158',NULL,NULL,6299,1,14314,234855,'ETQ2512040.02',17,NULL,NULL,NULL,NULL,NULL,NULL,'V4',6,'P23','6',12.00,110.00,2,0,2.02,'110',4.00,'pendiente',NULL,'2025-12-10 21:27:46','2025-12-10 21:27:53',NULL),(175574,'EL2512159',NULL,NULL,6299,1,14313,234854,'ETQ2512040.01',20,NULL,NULL,NULL,NULL,NULL,NULL,'V4',6,'P23','6',5.00,75.00,3,0,0.36,'75',6.00,'pendiente',NULL,'2025-12-10 21:27:46','2025-12-10 21:27:53',NULL),(175575,'EL2512160',NULL,NULL,6299,1,14314,234855,'ETQ2512040.02',17,NULL,NULL,NULL,NULL,NULL,NULL,'V4',6,'P23','6',8.00,92.00,6,5,2.25,'10	90d	19	90d	17	90d	19	90d	17	90d	10',45.00,'pendiente',NULL,'2025-12-10 21:27:46','2025-12-10 21:27:53',NULL),(175576,'EL2512161',NULL,NULL,6299,1,14313,234856,'ETQ2512041.01',20,NULL,NULL,NULL,NULL,NULL,NULL,'V4',7,'P24','7',16.00,122.00,2,1,3.98,'12	90d	110',3.00,'pendiente',NULL,'2025-12-10 21:27:46','2025-12-10 21:27:53',NULL),(175577,'EL2512162',NULL,NULL,6299,1,14314,234857,'ETQ2512041.02',17,NULL,NULL,NULL,NULL,NULL,NULL,'V4',7,'P24','7',12.00,110.00,2,0,2.02,'110',4.00,'pendiente',NULL,'2025-12-10 21:27:46','2025-12-10 21:27:53',NULL),(175578,'EL2512163',NULL,NULL,6299,1,14313,234856,'ETQ2512041.01',20,NULL,NULL,NULL,NULL,NULL,NULL,'V4',7,'P24','7',5.00,75.00,3,0,0.36,'75',6.00,'pendiente',NULL,'2025-12-10 21:27:46','2025-12-10 21:27:53',NULL),(175579,'EL2512164',NULL,NULL,6299,1,14313,234856,'ETQ2512041.01',20,NULL,NULL,NULL,NULL,NULL,NULL,'V4',7,'P24','7',8.00,92.00,6,5,2.25,'10	90d	19	90d	17	90d	19	90d	17	90d	10',45.00,'pendiente',NULL,'2025-12-10 21:27:46','2025-12-10 21:27:53',NULL),(175580,'EL2512165',NULL,NULL,6299,1,14314,234858,'ETQ2512042.01',17,NULL,NULL,NULL,NULL,NULL,NULL,'V4',8,'P28','8',16.00,122.00,2,1,3.98,'12	90d	110',3.00,'pendiente',NULL,'2025-12-10 21:27:46','2025-12-10 21:27:53',NULL),(175581,'EL2512166',NULL,NULL,6299,1,14313,234859,'ETQ2512042.02',20,NULL,NULL,NULL,NULL,NULL,NULL,'V4',8,'P28','8',12.00,110.00,2,0,2.02,'110',4.00,'pendiente',NULL,'2025-12-10 21:27:46','2025-12-10 21:27:53',NULL),(175582,'EL2512167',NULL,NULL,6299,1,14313,234859,'ETQ2512042.02',20,NULL,NULL,NULL,NULL,NULL,NULL,'V4',8,'P28','8',5.00,75.00,3,0,0.36,'75',6.00,'pendiente',NULL,'2025-12-10 21:27:46','2025-12-10 21:27:53',NULL),(175583,'EL2512168',NULL,NULL,6299,1,14314,234858,'ETQ2512042.01',17,NULL,NULL,NULL,NULL,NULL,NULL,'V4',8,'P28','8',8.00,92.00,6,5,2.25,'10	90d	19	90d	17	90d	19	90d	17	90d	10',45.00,'pendiente',NULL,'2025-12-10 21:27:46','2025-12-10 21:27:53',NULL),(175584,'EL2512169',NULL,NULL,6299,1,14313,234860,'ETQ2512043.01',20,NULL,NULL,NULL,NULL,NULL,NULL,'V4',9,'P33','9',16.00,137.00,2,1,4.47,'12	90d	125',3.00,'pendiente',NULL,'2025-12-10 21:27:46','2025-12-10 21:27:53',NULL),(175585,'EL2512170',NULL,NULL,6299,1,14314,234861,'ETQ2512043.02',17,NULL,NULL,NULL,NULL,NULL,NULL,'V4',9,'P33','9',12.00,125.00,2,0,2.29,'125',4.00,'pendiente',NULL,'2025-12-10 21:27:46','2025-12-10 21:27:53',NULL),(175586,'EL2512171',NULL,NULL,6299,1,14313,234860,'ETQ2512043.01',20,NULL,NULL,NULL,NULL,NULL,NULL,'V4',9,'P33','9',5.00,90.00,3,0,0.43,'90',6.00,'pendiente',NULL,'2025-12-10 21:27:46','2025-12-10 21:27:53',NULL),(175587,'EL2512172',NULL,NULL,6299,1,14314,234861,'ETQ2512043.02',17,NULL,NULL,NULL,NULL,NULL,NULL,'V4',9,'P33','9',8.00,92.00,7,5,2.63,'10	90d	19	90d	17	90d	19	90d	17	90d	10',52.50,'pendiente',NULL,'2025-12-10 21:27:46','2025-12-10 21:27:53',NULL),(175588,'EL2512173',NULL,NULL,6299,1,14313,234862,'ETQ2512044.01',20,NULL,NULL,NULL,NULL,NULL,NULL,'V4',10,'P31,P32,P19','10',16.00,122.00,6,1,11.94,'12	90d	110',9.00,'pendiente',NULL,'2025-12-10 21:27:46','2025-12-10 21:27:53',NULL),(175589,'EL2512174',NULL,NULL,6299,1,14314,234863,'ETQ2512044.02',17,NULL,NULL,NULL,NULL,NULL,NULL,'V4',10,'P31,P32,P19','10',12.00,110.00,6,0,6.06,'110',12.00,'pendiente',NULL,'2025-12-10 21:27:46','2025-12-10 21:27:53',NULL),(175590,'EL2512175',NULL,NULL,6299,1,14313,234862,'ETQ2512044.01',20,NULL,NULL,NULL,NULL,NULL,NULL,'V4',10,'P31,P32,P19','10',5.00,75.00,9,0,1.08,'75',18.00,'pendiente',NULL,'2025-12-10 21:27:46','2025-12-10 21:27:53',NULL),(175591,'EL2512176',NULL,NULL,6299,1,14313,234862,'ETQ2512044.01',20,NULL,NULL,NULL,NULL,NULL,NULL,'V4',10,'P31,P32,P19','10',8.00,92.00,18,5,6.76,'10	90d	19	90d	17	90d	19	90d	17	90d	10',135.00,'pendiente',NULL,'2025-12-10 21:27:46','2025-12-10 21:27:53',NULL),(175592,'EL2512177',NULL,NULL,6299,1,14313,234864,'ETQ2512045.01',20,NULL,NULL,NULL,NULL,NULL,NULL,'V4',11,'P12','11',16.00,112.00,2,1,3.65,'12	90d	100',3.00,'pendiente',NULL,'2025-12-10 21:27:46','2025-12-10 21:27:53',NULL),(175593,'EL2512178',NULL,NULL,6299,1,14314,234865,'ETQ2512045.02',17,NULL,NULL,NULL,NULL,NULL,NULL,'V4',11,'P12','11',12.00,100.00,2,0,1.84,'100',4.00,'pendiente',NULL,'2025-12-10 21:27:46','2025-12-10 21:27:53',NULL),(175594,'EL2512179',NULL,NULL,6299,1,14313,234864,'ETQ2512045.01',20,NULL,NULL,NULL,NULL,NULL,NULL,'V4',11,'P12','11',5.00,65.00,3,0,0.31,'65',6.00,'pendiente',NULL,'2025-12-10 21:27:46','2025-12-10 21:27:53',NULL),(175595,'EL2512180',NULL,NULL,6299,1,14313,234864,'ETQ2512045.01',20,NULL,NULL,NULL,NULL,NULL,NULL,'V4',11,'P12','11',8.00,92.00,6,5,2.25,'10	90d	19	90d	17	90d	19	90d	17	90d	10',45.00,'pendiente',NULL,'2025-12-10 21:27:46','2025-12-10 21:27:53',NULL),(175596,'EL2512181',NULL,NULL,6299,1,14313,234866,'ETQ2512046.01',20,NULL,NULL,NULL,NULL,NULL,NULL,'V4',12,'P12.1','12',16.00,152.00,2,1,4.96,'12	90d	140',3.00,'pendiente',NULL,'2025-12-10 21:27:46','2025-12-10 21:27:53',NULL),(175597,'EL2512182',NULL,NULL,6299,1,14313,234866,'ETQ2512046.01',20,NULL,NULL,NULL,NULL,NULL,NULL,'V4',12,'P12.1','12',12.00,140.00,2,0,2.57,'140',4.00,'pendiente',NULL,'2025-12-10 21:27:46','2025-12-10 21:27:53',NULL),(175598,'EL2512183',NULL,NULL,6299,1,14313,234866,'ETQ2512046.01',20,NULL,NULL,NULL,NULL,NULL,NULL,'V4',12,'P12.1','12',5.00,105.00,3,0,0.50,'105',6.00,'pendiente',NULL,'2025-12-10 21:27:46','2025-12-10 21:27:53',NULL),(175599,'EL2512184',NULL,NULL,6299,1,14313,234866,'ETQ2512046.01',20,NULL,NULL,NULL,NULL,NULL,NULL,'V4',12,'P12.1','12',8.00,92.00,8,5,3.00,'10	90d	19	90d	17	90d	19	90d	17	90d	10',60.00,'pendiente',NULL,'2025-12-10 21:27:46','2025-12-10 21:27:53',NULL),(175600,'EL2512185',NULL,NULL,6299,1,14314,234867,'ETQ2512047.01',17,NULL,NULL,NULL,NULL,NULL,NULL,'V4',13,'P6','13',16.00,127.00,2,1,4.14,'12	90d	115',3.00,'pendiente',NULL,'2025-12-10 21:27:46','2025-12-10 21:27:53',NULL),(175601,'EL2512186',NULL,NULL,6299,1,14314,234867,'ETQ2512047.01',17,NULL,NULL,NULL,NULL,NULL,NULL,'V4',13,'P6','13',12.00,115.00,2,0,2.11,'115',4.00,'pendiente',NULL,'2025-12-10 21:27:46','2025-12-10 21:27:53',NULL),(175602,'EL2512187',NULL,NULL,6299,1,14313,234868,'ETQ2512047.02',20,NULL,NULL,NULL,NULL,NULL,NULL,'V4',13,'P6','13',5.00,80.00,3,0,0.38,'80',6.00,'pendiente',NULL,'2025-12-10 21:27:46','2025-12-10 21:27:53',NULL),(175603,'EL2512188',NULL,NULL,6299,1,14313,234868,'ETQ2512047.02',20,NULL,NULL,NULL,NULL,NULL,NULL,'V4',13,'P6','13',8.00,92.00,7,5,2.63,'10	90d	19	90d	17	90d	19	90d	17	90d	10',52.50,'pendiente',NULL,'2025-12-10 21:27:46','2025-12-10 21:27:53',NULL),(175604,'EL2512189',NULL,NULL,6299,1,14314,234869,'ETQ2512048.01',17,NULL,NULL,NULL,NULL,NULL,NULL,'V4',14,'P9','14',16.00,122.00,4,1,7.96,'12	90d	110',6.00,'pendiente',NULL,'2025-12-10 21:27:46','2025-12-10 21:27:53',NULL),(175605,'EL2512190',NULL,NULL,6299,1,14313,234870,'ETQ2512048.02',20,NULL,NULL,NULL,NULL,NULL,NULL,'V4',14,'P9','14',12.00,110.00,4,0,4.04,'110',8.00,'pendiente',NULL,'2025-12-10 21:27:46','2025-12-10 21:27:53',NULL),(175606,'EL2512191',NULL,NULL,6299,1,14313,234870,'ETQ2512048.02',20,NULL,NULL,NULL,NULL,NULL,NULL,'V4',14,'P9','14',5.00,75.00,6,0,0.72,'75',12.00,'pendiente',NULL,'2025-12-10 21:27:46','2025-12-10 21:27:53',NULL),(175607,'EL2512192',NULL,NULL,6299,1,14314,234869,'ETQ2512048.01',17,NULL,NULL,NULL,NULL,NULL,NULL,'V4',14,'P9','14',8.00,92.00,12,5,4.51,'10	90d	19	90d	17	90d	19	90d	17	90d	10',90.00,'pendiente',NULL,'2025-12-10 21:27:46','2025-12-10 21:27:53',NULL),(175608,'EL2512193',NULL,NULL,6299,1,14314,234871,'ETQ2512049.01',17,NULL,NULL,NULL,NULL,NULL,NULL,'V4',15,'P15','15',16.00,122.00,4,1,7.96,'12	90d	110',6.00,'pendiente',NULL,'2025-12-10 21:27:46','2025-12-10 21:27:53',NULL),(175609,'EL2512194',NULL,NULL,6299,1,14313,234872,'ETQ2512049.02',20,NULL,NULL,NULL,NULL,NULL,NULL,'V4',15,'P15','15',12.00,110.00,4,0,4.04,'110',8.00,'pendiente',NULL,'2025-12-10 21:27:46','2025-12-10 21:27:53',NULL),(175610,'EL2512195',NULL,NULL,6299,1,14313,234872,'ETQ2512049.02',20,NULL,NULL,NULL,NULL,NULL,NULL,'V4',15,'P15','15',5.00,75.00,6,0,0.72,'75',12.00,'pendiente',NULL,'2025-12-10 21:27:46','2025-12-10 21:27:53',NULL),(175611,'EL2512196',NULL,NULL,6299,1,14313,234872,'ETQ2512049.02',20,NULL,NULL,NULL,NULL,NULL,NULL,'V4',15,'P15','15',8.00,92.00,12,5,4.51,'10	90d	19	90d	17	90d	19	90d	17	90d	10',90.00,'pendiente',NULL,'2025-12-10 21:27:46','2025-12-10 21:27:53',NULL),(175612,'EL2512197',NULL,NULL,6299,1,14313,234873,'ETQ2512050.01',20,NULL,NULL,NULL,NULL,NULL,NULL,'V4',16,'P21','16',16.00,122.00,2,1,3.98,'12	90d	110',3.00,'pendiente',NULL,'2025-12-10 21:27:46','2025-12-10 21:27:53',NULL),(175613,'EL2512198',NULL,NULL,6299,1,14314,234874,'ETQ2512050.02',17,NULL,NULL,NULL,NULL,NULL,NULL,'V4',16,'P21','16',12.00,110.00,2,0,2.02,'110',4.00,'pendiente',NULL,'2025-12-10 21:27:46','2025-12-10 21:27:53',NULL),(175614,'EL2512199',NULL,NULL,6299,1,14313,234873,'ETQ2512050.01',20,NULL,NULL,NULL,NULL,NULL,NULL,'V4',16,'P21','16',5.00,75.00,3,0,0.36,'75',6.00,'pendiente',NULL,'2025-12-10 21:27:46','2025-12-10 21:27:53',NULL),(175615,'EL2512200',NULL,NULL,6299,1,14314,234874,'ETQ2512050.02',17,NULL,NULL,NULL,NULL,NULL,NULL,'V4',16,'P21','16',8.00,92.00,6,5,2.25,'10	90d	19	90d	17	90d	19	90d	17	90d	10',45.00,'pendiente',NULL,'2025-12-10 21:27:46','2025-12-10 21:27:53',NULL),(175616,'EL2512201',NULL,NULL,6299,1,14314,234875,'ETQ2512051.01',17,NULL,NULL,NULL,NULL,NULL,NULL,'V4',17,'P21.1','17',16.00,92.00,2,1,3.00,'12	90d	80',3.00,'pendiente',NULL,'2025-12-10 21:27:46','2025-12-10 21:27:53',NULL),(175617,'EL2512202',NULL,NULL,6299,1,14314,234875,'ETQ2512051.01',17,NULL,NULL,NULL,NULL,NULL,NULL,'V4',17,'P21.1','17',12.00,80.00,2,0,1.47,'80',4.00,'pendiente',NULL,'2025-12-10 21:27:46','2025-12-10 21:27:53',NULL),(175618,'EL2512203',NULL,NULL,6299,1,14313,234876,'ETQ2512051.02',20,NULL,NULL,NULL,NULL,NULL,NULL,'V4',17,'P21.1','17',5.00,45.00,3,0,0.22,'45',6.00,'pendiente',NULL,'2025-12-10 21:27:46','2025-12-10 21:27:53',NULL),(175619,'EL2512204',NULL,NULL,6299,1,14313,234876,'ETQ2512051.02',20,NULL,NULL,NULL,NULL,NULL,NULL,'V4',17,'P21.1','17',8.00,92.00,4,5,1.50,'10	90d	19	90d	17	90d	19	90d	17	90d	10',30.00,'pendiente',NULL,'2025-12-10 21:27:46','2025-12-10 21:27:53',NULL),(175620,'EL2512205',NULL,NULL,6299,1,14314,234877,'ETQ2512052.01',17,NULL,NULL,NULL,NULL,NULL,NULL,'V4',18,'P22','18',16.00,157.00,2,1,5.12,'12	90d	145',3.00,'pendiente',NULL,'2025-12-10 21:27:46','2025-12-10 21:27:53',NULL),(175621,'EL2512206',NULL,NULL,6299,1,14313,234878,'ETQ2512052.02',20,NULL,NULL,NULL,NULL,NULL,NULL,'V4',18,'P22','18',12.00,145.00,2,0,2.66,'145',4.00,'pendiente',NULL,'2025-12-10 21:27:46','2025-12-10 21:27:53',NULL),(175622,'EL2512207',NULL,NULL,6299,1,14313,234878,'ETQ2512052.02',20,NULL,NULL,NULL,NULL,NULL,NULL,'V4',18,'P22','18',5.00,110.00,3,0,0.53,'110',6.00,'pendiente',NULL,'2025-12-10 21:27:46','2025-12-10 21:27:53',NULL),(175623,'EL2512208',NULL,NULL,6299,1,14313,234878,'ETQ2512052.02',20,NULL,NULL,NULL,NULL,NULL,NULL,'V4',18,'P22','18',8.00,92.00,9,5,3.38,'10	90d	19	90d	17	90d	19	90d	17	90d	10',67.50,'pendiente',NULL,'2025-12-10 21:27:46','2025-12-10 21:27:53',NULL),(175624,'EL2512209',NULL,NULL,6299,1,14314,234879,'ETQ2512053.01',17,NULL,NULL,NULL,NULL,NULL,NULL,'V4',19,'P22.1','19',16.00,122.00,2,1,3.98,'12	90d	110',3.00,'pendiente',NULL,'2025-12-10 21:27:46','2025-12-10 21:27:53',NULL),(175625,'EL2512210',NULL,NULL,6299,1,14313,234880,'ETQ2512053.02',20,NULL,NULL,NULL,NULL,NULL,NULL,'V4',19,'P22.1','19',12.00,110.00,2,0,2.02,'110',4.00,'pendiente',NULL,'2025-12-10 21:27:46','2025-12-10 21:27:53',NULL),(175626,'EL2512211',NULL,NULL,6299,1,14313,234880,'ETQ2512053.02',20,NULL,NULL,NULL,NULL,NULL,NULL,'V4',19,'P22.1','19',5.00,75.00,3,0,0.36,'75',6.00,'pendiente',NULL,'2025-12-10 21:27:46','2025-12-10 21:27:53',NULL),(175627,'EL2512212',NULL,NULL,6299,1,14313,234880,'ETQ2512053.02',20,NULL,NULL,NULL,NULL,NULL,NULL,'V4',19,'P22.1','19',8.00,92.00,6,5,2.25,'10	90d	19	90d	17	90d	19	90d	17	90d	10',45.00,'pendiente',NULL,'2025-12-10 21:27:46','2025-12-10 21:27:53',NULL),(175628,'EL2512213',NULL,NULL,6299,1,14314,234881,'ETQ2512054.01',17,NULL,NULL,NULL,NULL,NULL,NULL,'V4',20,'PA1','20',16.00,137.00,4,1,8.94,'12	90d	125',6.00,'pendiente',NULL,'2025-12-10 21:27:46','2025-12-10 21:27:53',NULL),(175629,'EL2512214',NULL,NULL,6299,1,14313,234882,'ETQ2512054.02',20,NULL,NULL,NULL,NULL,NULL,NULL,'V4',20,'PA1','20',12.00,125.00,4,0,4.59,'125',8.00,'pendiente',NULL,'2025-12-10 21:27:46','2025-12-10 21:27:53',NULL),(175630,'EL2512215',NULL,NULL,6299,1,14313,234882,'ETQ2512054.02',20,NULL,NULL,NULL,NULL,NULL,NULL,'V4',20,'PA1','20',5.00,90.00,6,0,0.86,'90',12.00,'pendiente',NULL,'2025-12-10 21:27:46','2025-12-10 21:27:53',NULL),(175631,'EL2512216',NULL,NULL,6299,1,14313,234882,'ETQ2512054.02',20,NULL,NULL,NULL,NULL,NULL,NULL,'V4',20,'PA1','20',8.00,92.00,14,5,5.26,'10	90d	19	90d	17	90d	19	90d	17	90d	10',105.00,'pendiente',NULL,'2025-12-10 21:27:46','2025-12-10 21:27:53',NULL),(175632,'EL2512217',NULL,NULL,6299,1,14314,234883,'ETQ2512055.01',17,NULL,NULL,NULL,NULL,NULL,NULL,'V4',21,'PA1.','21',16.00,112.00,2,1,3.65,'12	90d	100',3.00,'pendiente',NULL,'2025-12-10 21:27:46','2025-12-10 21:27:53',NULL),(175633,'EL2512218',NULL,NULL,6299,1,14314,234883,'ETQ2512055.01',17,NULL,NULL,NULL,NULL,NULL,NULL,'V4',21,'PA1.','21',12.00,100.00,2,0,1.84,'100',4.00,'pendiente',NULL,'2025-12-10 21:27:46','2025-12-10 21:27:53',NULL),(175634,'EL2512219',NULL,NULL,6299,1,14313,234884,'ETQ2512055.02',20,NULL,NULL,NULL,NULL,NULL,NULL,'V4',21,'PA1.','21',5.00,65.00,3,0,0.31,'65',6.00,'pendiente',NULL,'2025-12-10 21:27:46','2025-12-10 21:27:53',NULL),(175635,'EL2512220',NULL,NULL,6299,1,14314,234883,'ETQ2512055.01',17,NULL,NULL,NULL,NULL,NULL,NULL,'V4',21,'PA1.','21',8.00,92.00,6,5,2.25,'10	90d	19	90d	17	90d	19	90d	17	90d	10',45.00,'pendiente',NULL,'2025-12-10 21:27:46','2025-12-10 21:27:53',NULL),(175636,'EL2512221',NULL,NULL,6299,1,14314,234885,'ETQ2512056.01',17,NULL,NULL,NULL,NULL,NULL,NULL,'V4',22,'P30','22',16.00,142.00,2,1,4.63,'12	90d	130',3.00,'pendiente',NULL,'2025-12-10 21:27:46','2025-12-10 21:27:53',NULL),(175637,'EL2512222',NULL,NULL,6299,1,14313,234886,'ETQ2512056.02',20,NULL,NULL,NULL,NULL,NULL,NULL,'V4',22,'P30','22',12.00,130.00,2,0,2.39,'130',4.00,'pendiente',NULL,'2025-12-10 21:27:46','2025-12-10 21:27:53',NULL),(175638,'EL2512223',NULL,NULL,6299,1,14313,234886,'ETQ2512056.02',20,NULL,NULL,NULL,NULL,NULL,NULL,'V4',22,'P30','22',5.00,95.00,3,0,0.45,'95',6.00,'pendiente',NULL,'2025-12-10 21:27:46','2025-12-10 21:27:53',NULL),(175639,'EL2512224',NULL,NULL,6299,1,14313,234886,'ETQ2512056.02',20,NULL,NULL,NULL,NULL,NULL,NULL,'V4',22,'P30','22',8.00,92.00,8,5,3.00,'10	90d	19	90d	17	90d	19	90d	17	90d	10',60.00,'pendiente',NULL,'2025-12-10 21:27:46','2025-12-10 21:27:53',NULL),(175640,'EL2512225',NULL,NULL,6299,1,14313,234887,'ETQ2512057.01',20,NULL,NULL,NULL,NULL,NULL,NULL,'V2',23,'P30','23',16.00,235.00,2,0,7.66,'235',4.00,'pendiente',NULL,'2025-12-10 21:27:46','2025-12-10 21:27:53',NULL),(175641,'EL2512226',NULL,NULL,6299,1,14314,234888,'ETQ2512057.02',17,NULL,NULL,NULL,NULL,NULL,NULL,'V2',23,'P30','23',12.00,235.00,2,0,4.31,'235',4.00,'pendiente',NULL,'2025-12-10 21:27:46','2025-12-10 21:27:53',NULL),(175642,'EL2512227',NULL,NULL,6299,1,14313,234887,'ETQ2512057.01',20,NULL,NULL,NULL,NULL,NULL,NULL,'V2',23,'P30','23',5.00,225.00,3,0,1.08,'225',6.00,'pendiente',NULL,'2025-12-10 21:27:46','2025-12-10 21:27:53',NULL),(175643,'EL2512228',NULL,NULL,6299,1,14314,234888,'ETQ2512057.02',17,NULL,NULL,NULL,NULL,NULL,NULL,'V2',23,'P30','23',8.00,92.00,16,5,6.01,'10	90d	19	90d	17	90d	19	90d	17	90d	10',120.00,'pendiente',NULL,'2025-12-10 21:27:46','2025-12-10 21:27:53',NULL),(175644,'EL2512229',NULL,NULL,6299,1,14314,234889,'ETQ2512058.01',17,NULL,NULL,NULL,NULL,NULL,NULL,'V2',24,'P10','24',16.00,215.00,2,0,7.01,'215',4.00,'pendiente',NULL,'2025-12-10 21:27:46','2025-12-10 21:27:53',NULL),(175645,'EL2512230',NULL,NULL,6299,1,14313,234890,'ETQ2512058.02',20,NULL,NULL,NULL,NULL,NULL,NULL,'V2',24,'P10','24',12.00,215.00,2,0,3.95,'215',4.00,'pendiente',NULL,'2025-12-10 21:27:46','2025-12-10 21:27:53',NULL),(175646,'EL2512231',NULL,NULL,6299,1,14313,234890,'ETQ2512058.02',20,NULL,NULL,NULL,NULL,NULL,NULL,'V2',24,'P10','24',5.00,205.00,3,0,0.98,'205',6.00,'pendiente',NULL,'2025-12-10 21:27:46','2025-12-10 21:27:53',NULL),(175647,'EL2512232',NULL,NULL,6299,1,14313,234890,'ETQ2512058.02',20,NULL,NULL,NULL,NULL,NULL,NULL,'V2',24,'P10','24',8.00,92.00,14,5,5.26,'10	90d	19	90d	17	90d	19	90d	17	90d	10',105.00,'pendiente',NULL,'2025-12-10 21:27:46','2025-12-10 21:27:53',NULL),(175648,'EL2512233',NULL,NULL,6299,1,14314,234891,'ETQ2512059.01',17,NULL,NULL,NULL,NULL,NULL,NULL,'V2',25,'P10','25',16.00,235.00,2,0,7.66,'235',4.00,'pendiente',NULL,'2025-12-10 21:27:46','2025-12-10 21:27:53',NULL),(175649,'EL2512234',NULL,NULL,6299,1,14314,234891,'ETQ2512059.01',17,NULL,NULL,NULL,NULL,NULL,NULL,'V2',25,'P10','25',12.00,235.00,2,0,4.31,'235',4.00,'pendiente',NULL,'2025-12-10 21:27:46','2025-12-10 21:27:53',NULL),(175650,'EL2512235',NULL,NULL,6299,1,14313,234892,'ETQ2512059.02',20,NULL,NULL,NULL,NULL,NULL,NULL,'V2',25,'P10','25',5.00,225.00,3,0,1.08,'225',6.00,'pendiente',NULL,'2025-12-10 21:27:46','2025-12-10 21:27:53',NULL),(175651,'EL2512236',NULL,NULL,6299,1,14313,234892,'ETQ2512059.02',20,NULL,NULL,NULL,NULL,NULL,NULL,'V2',25,'P10','25',8.00,92.00,15,5,5.63,'10	90d	17	90d	19	90d	17	90d	19	90d	10',112.50,'pendiente',NULL,'2025-12-10 21:27:46','2025-12-10 21:27:53',NULL),(175652,'EL2512237',NULL,NULL,6299,1,14313,234893,'ETQ2512060.01',20,NULL,NULL,NULL,NULL,NULL,NULL,'V2',26,'P11','26',16.00,235.00,2,0,7.66,'235',4.00,'pendiente',NULL,'2025-12-10 21:27:46','2025-12-10 21:27:53',NULL),(175653,'EL2512238',NULL,NULL,6299,1,14313,234893,'ETQ2512060.01',20,NULL,NULL,NULL,NULL,NULL,NULL,'V2',26,'P11','26',12.00,235.00,2,0,4.31,'235',4.00,'pendiente',NULL,'2025-12-10 21:27:46','2025-12-10 21:27:53',NULL),(175654,'EL2512239',NULL,NULL,6299,1,14313,234893,'ETQ2512060.01',20,NULL,NULL,NULL,NULL,NULL,NULL,'V2',26,'P11','26',5.00,225.00,3,0,1.08,'225',6.00,'pendiente',NULL,'2025-12-10 21:27:46','2025-12-10 21:27:53',NULL),(175655,'EL2512240',NULL,NULL,6299,1,14314,234894,'ETQ2512060.02',17,NULL,NULL,NULL,NULL,NULL,NULL,'V2',26,'P11','26',8.00,92.00,15,5,5.63,'10	90d	19	90d	17	90d	19	90d	17	90d	10',112.50,'pendiente',NULL,'2025-12-10 21:27:46','2025-12-10 21:27:53',NULL),(175656,'EL2512241',NULL,NULL,6299,1,14314,234895,'ETQ2512061.01',17,NULL,NULL,NULL,NULL,NULL,NULL,'V2',27,'P11','27',16.00,195.00,2,0,6.36,'195',4.00,'pendiente',NULL,'2025-12-10 21:27:46','2025-12-10 21:27:53',NULL),(175657,'EL2512242',NULL,NULL,6299,1,14313,234896,'ETQ2512061.02',20,NULL,NULL,NULL,NULL,NULL,NULL,'V2',27,'P11','27',12.00,195.00,2,0,3.58,'195',4.00,'pendiente',NULL,'2025-12-10 21:27:46','2025-12-10 21:27:53',NULL),(175658,'EL2512243',NULL,NULL,6299,1,14313,234896,'ETQ2512061.02',20,NULL,NULL,NULL,NULL,NULL,NULL,'V2',27,'P11','27',5.00,185.00,3,0,0.88,'185',6.00,'pendiente',NULL,'2025-12-10 21:27:46','2025-12-10 21:27:53',NULL),(175659,'EL2512244',NULL,NULL,6299,1,14314,234895,'ETQ2512061.01',17,NULL,NULL,NULL,NULL,NULL,NULL,'V2',27,'P11','27',8.00,92.00,13,5,4.88,'10	90d	17	90d	19	90d	17	90d	19	90d	10',97.50,'pendiente',NULL,'2025-12-10 21:27:46','2025-12-10 21:27:53',NULL),(175660,'EL2512245',NULL,NULL,6299,1,14313,234897,'ETQ2512062.01',20,NULL,NULL,NULL,NULL,NULL,NULL,'V2',28,'P18','28',16.00,195.00,2,0,6.36,'195',4.00,'pendiente',NULL,'2025-12-10 21:27:46','2025-12-10 21:27:53',NULL),(175661,'EL2512246',NULL,NULL,6299,1,14313,234897,'ETQ2512062.01',20,NULL,NULL,NULL,NULL,NULL,NULL,'V2',28,'P18','28',12.00,195.00,2,0,3.58,'195',4.00,'pendiente',NULL,'2025-12-10 21:27:46','2025-12-10 21:27:53',NULL),(175662,'EL2512247',NULL,NULL,6299,1,14313,234897,'ETQ2512062.01',20,NULL,NULL,NULL,NULL,NULL,NULL,'V2',28,'P18','28',5.00,185.00,3,0,0.88,'185',6.00,'pendiente',NULL,'2025-12-10 21:27:46','2025-12-10 21:27:53',NULL),(175663,'EL2512248',NULL,NULL,6299,1,14314,234898,'ETQ2512062.02',17,NULL,NULL,NULL,NULL,NULL,NULL,'V2',28,'P18','28',8.00,92.00,13,5,4.88,'10	90d	19	90d	17	90d	19	90d	17	90d	10',97.50,'pendiente',NULL,'2025-12-10 21:27:46','2025-12-10 21:27:53',NULL),(175664,'EL2512249',NULL,NULL,6299,1,14314,234899,'ETQ2512063.01',17,NULL,NULL,NULL,NULL,NULL,NULL,'V2',29,'P18','29',16.00,235.00,2,0,7.66,'235',4.00,'pendiente',NULL,'2025-12-10 21:27:46','2025-12-10 21:27:53',NULL),(175665,'EL2512250',NULL,NULL,6299,1,14314,234899,'ETQ2512063.01',17,NULL,NULL,NULL,NULL,NULL,NULL,'V2',29,'P18','29',12.00,235.00,2,0,4.31,'235',4.00,'pendiente',NULL,'2025-12-10 21:27:46','2025-12-10 21:27:53',NULL),(175666,'EL2512251',NULL,NULL,6299,1,14313,234900,'ETQ2512063.02',20,NULL,NULL,NULL,NULL,NULL,NULL,'V2',29,'P18','29',5.00,225.00,3,0,1.08,'225',6.00,'pendiente',NULL,'2025-12-10 21:27:46','2025-12-10 21:27:53',NULL),(175667,'EL2512252',NULL,NULL,6299,1,14313,234900,'ETQ2512063.02',20,NULL,NULL,NULL,NULL,NULL,NULL,'V2',29,'P18','29',8.00,92.00,16,5,6.01,'10	90d	17	90d	19	90d	17	90d	19	90d	10',120.00,'pendiente',NULL,'2025-12-10 21:27:46','2025-12-10 21:27:53',NULL),(175668,'EL2512253',NULL,NULL,6299,1,14314,234901,'ETQ2512064.01',17,NULL,NULL,NULL,NULL,NULL,NULL,'V2',30,'P29','30',16.00,195.00,2,0,6.36,'195',4.00,'pendiente',NULL,'2025-12-10 21:27:46','2025-12-10 21:27:53',NULL),(175669,'EL2512254',NULL,NULL,6299,1,14314,234901,'ETQ2512064.01',17,NULL,NULL,NULL,NULL,NULL,NULL,'V2',30,'P29','30',12.00,195.00,2,0,3.58,'195',4.00,'pendiente',NULL,'2025-12-10 21:27:46','2025-12-10 21:27:53',NULL),(175670,'EL2512255',NULL,NULL,6299,1,14313,234902,'ETQ2512064.02',20,NULL,NULL,NULL,NULL,NULL,NULL,'V2',30,'P29','30',5.00,185.00,3,0,0.88,'185',6.00,'pendiente',NULL,'2025-12-10 21:27:46','2025-12-10 21:27:53',NULL),(175671,'EL2512256',NULL,NULL,6299,1,14313,234902,'ETQ2512064.02',20,NULL,NULL,NULL,NULL,NULL,NULL,'V2',30,'P29','30',8.00,92.00,13,5,4.88,'10	90d	19	90d	17	90d	19	90d	17	90d	10',97.50,'pendiente',NULL,'2025-12-10 21:27:46','2025-12-10 21:27:53',NULL),(175672,'EL2512257',NULL,NULL,6299,1,14313,234903,'ETQ2512065.01',20,NULL,NULL,NULL,NULL,NULL,NULL,'V2',31,'P29','31',16.00,235.00,2,0,7.66,'235',4.00,'pendiente',NULL,'2025-12-10 21:27:47','2025-12-10 21:27:53',NULL),(175673,'EL2512258',NULL,NULL,6299,1,14313,234903,'ETQ2512065.01',20,NULL,NULL,NULL,NULL,NULL,NULL,'V2',31,'P29','31',12.00,235.00,2,0,4.31,'235',4.00,'pendiente',NULL,'2025-12-10 21:27:47','2025-12-10 21:27:53',NULL),(175674,'EL2512259',NULL,NULL,6299,1,14313,234903,'ETQ2512065.01',20,NULL,NULL,NULL,NULL,NULL,NULL,'V2',31,'P29','31',5.00,225.00,3,0,1.08,'225',6.00,'pendiente',NULL,'2025-12-10 21:27:47','2025-12-10 21:27:53',NULL),(175675,'EL2512260',NULL,NULL,6299,1,14314,234904,'ETQ2512065.02',17,NULL,NULL,NULL,NULL,NULL,NULL,'V2',31,'P29','31',8.00,92.00,16,5,6.01,'10	90d	17	90d	19	90d	17	90d	19	90d	10',120.00,'pendiente',NULL,'2025-12-10 21:27:47','2025-12-10 21:27:53',NULL),(175676,'EL2512261',NULL,NULL,6299,1,14314,234905,'ETQ2512066.01',17,NULL,NULL,NULL,NULL,NULL,NULL,'V4',32,'P5','32',10.00,80.00,12,0,6.12,'80',24.00,'pendiente',NULL,'2025-12-10 21:27:47','2025-12-10 21:27:53',NULL),(175677,'EL2512262',NULL,NULL,6299,1,14314,234905,'ETQ2512066.01',17,NULL,NULL,NULL,NULL,NULL,NULL,'V4',32,'P5','32',8.00,164.00,10,9,6.69,'10	90d	12	90d	24	90d	12	90d	6	90d	12	90d	24	90d	12	90d	42	90d	10',135.00,'pendiente',NULL,'2025-12-10 21:27:47','2025-12-10 21:27:53',NULL),(175678,'EL2512263',NULL,NULL,6299,1,14314,234906,'ETQ2512067.01',17,NULL,NULL,NULL,NULL,NULL,NULL,'V4',33,'P7','33',10.00,85.00,12,0,6.50,'85',24.00,'pendiente',NULL,'2025-12-10 21:27:47','2025-12-10 21:27:53',NULL),(175679,'EL2512264',NULL,NULL,6299,1,14314,234906,'ETQ2512067.01',17,NULL,NULL,NULL,NULL,NULL,NULL,'V4',33,'P7','33',8.00,164.00,10,9,6.69,'10	90d	12	90d	24	90d	12	90d	6	90d	12	90d	24	90d	12	90d	42	90d	10',135.00,'pendiente',NULL,'2025-12-10 21:27:47','2025-12-10 21:27:53',NULL),(175680,'EL2512265',NULL,NULL,6299,1,14313,234907,'ETQ2512068.01',20,NULL,NULL,NULL,NULL,NULL,NULL,'V4',34,'P4,P2,P26','34',16.00,120.00,6,0,11.74,'120',12.00,'pendiente',NULL,'2025-12-10 21:27:47','2025-12-10 21:27:53',NULL),(175681,'EL2512266',NULL,NULL,6299,1,14314,234908,'ETQ2512068.02',17,NULL,NULL,NULL,NULL,NULL,NULL,'V4',34,'P4,P2,P26','34',12.00,130.00,6,0,7.16,'130',12.00,'pendiente',NULL,'2025-12-10 21:27:47','2025-12-10 21:27:53',NULL),(175682,'EL2512267',NULL,NULL,6299,1,14313,234907,'ETQ2512068.01',20,NULL,NULL,NULL,NULL,NULL,NULL,'V4',34,'P4,P2,P26','34',5.00,95.00,9,0,1.36,'95',18.00,'pendiente',NULL,'2025-12-10 21:27:47','2025-12-10 21:27:53',NULL),(175683,'EL2512268',NULL,NULL,6299,1,14313,234907,'ETQ2512068.01',20,NULL,NULL,NULL,NULL,NULL,NULL,'V4',34,'P4,P2,P26','34',8.00,82.00,24,5,8.03,'10	90d	19	90d	12	90d	19	90d	12	90d	10',180.00,'pendiente',NULL,'2025-12-10 21:27:47','2025-12-10 21:27:53',NULL),(175684,'EL2512269',NULL,NULL,6299,1,14313,234909,'ETQ2512069.01',20,NULL,NULL,NULL,NULL,NULL,NULL,'V4',35,'P4','35',16.00,120.00,2,0,3.91,'120',4.00,'pendiente',NULL,'2025-12-10 21:27:47','2025-12-10 21:27:53',NULL),(175685,'EL2512270',NULL,NULL,6299,1,14313,234909,'ETQ2512069.01',20,NULL,NULL,NULL,NULL,NULL,NULL,'V4',35,'P4','35',12.00,130.00,2,0,2.39,'130',4.00,'pendiente',NULL,'2025-12-10 21:27:47','2025-12-10 21:27:53',NULL),(175686,'EL2512271',NULL,NULL,6299,1,14313,234909,'ETQ2512069.01',20,NULL,NULL,NULL,NULL,NULL,NULL,'V4',35,'P4','35',5.00,95.00,3,0,0.45,'95',6.00,'pendiente',NULL,'2025-12-10 21:27:47','2025-12-10 21:27:53',NULL),(175687,'EL2512272',NULL,NULL,6299,1,14314,234910,'ETQ2512069.02',17,NULL,NULL,NULL,NULL,NULL,NULL,'V4',35,'P4','35',8.00,82.00,8,5,2.68,'10	90d	19	90d	12	90d	19	90d	12	90d	10',60.00,'pendiente',NULL,'2025-12-10 21:27:47','2025-12-10 21:27:53',NULL),(175688,'EL2512273',NULL,NULL,6299,0,14315,234911,'ETQ2512070.01',23,NULL,NULL,NULL,NULL,NULL,NULL,'V4',36,NULL,'36',16.00,600.00,2,0,19.57,'600',4.00,'pendiente',NULL,'2025-12-10 21:27:47','2025-12-10 21:27:53',NULL),(175689,'EL2512274',NULL,NULL,6299,0,14315,234911,'ETQ2512070.01',23,NULL,NULL,NULL,NULL,NULL,NULL,'V4',36,NULL,'36',12.00,600.00,2,0,11.01,'600',4.00,'pendiente',NULL,'2025-12-10 21:27:47','2025-12-10 21:27:53',NULL),(175690,'EL2512275',NULL,NULL,6299,1,14313,234912,'ETQ2512070.02',20,NULL,NULL,NULL,NULL,NULL,NULL,'V4',36,NULL,'36',5.00,586.00,3,0,2.80,'586',6.00,'pendiente',NULL,'2025-12-10 21:27:47','2025-12-10 21:27:53',NULL),(175691,'EL2512276',NULL,NULL,6299,1,14314,234913,'ETQ2512070.03',17,NULL,NULL,NULL,NULL,NULL,NULL,'V4',36,NULL,'36',8.00,92.00,41,5,15.40,'10	90d	19	90d	17	90d	19	90d	17	90d	10',307.50,'pendiente',NULL,'2025-12-10 21:27:47','2025-12-10 21:27:53',NULL),(175692,'EL2512277',NULL,NULL,6300,1,14316,234923,'ETQ2512071.01',17,NULL,NULL,NULL,NULL,NULL,NULL,'1',1,NULL,'1',12.00,600.00,23,1,126.63,'20	90d	580',34.50,'pendiente',NULL,'2025-12-10 21:27:53','2025-12-10 21:27:55',NULL),(175693,'EL2512278',NULL,NULL,6300,1,14316,234924,'ETQ2512072.01',17,NULL,NULL,NULL,NULL,NULL,NULL,'1',2,NULL,'2',12.00,447.00,2,1,8.20,'20	90d	427',3.00,'pendiente',NULL,'2025-12-10 21:27:53','2025-12-10 21:27:55',NULL),(175694,'EL2512279',NULL,NULL,6300,1,14317,234925,'ETQ2512072.02',20,NULL,NULL,NULL,NULL,NULL,NULL,'1',3,NULL,'2',12.00,410.00,3,1,11.29,'20	90d	390',4.50,'pendiente',NULL,'2025-12-10 21:27:53','2025-12-10 21:27:55',NULL),(175695,'EL2512280',NULL,NULL,6300,1,14316,234924,'ETQ2512072.01',17,NULL,NULL,NULL,NULL,NULL,NULL,'1',4,NULL,'2',12.00,385.00,1,1,3.53,'20	90d	365',1.50,'pendiente',NULL,'2025-12-10 21:27:53','2025-12-10 21:27:55',NULL),(175696,'EL2512281',NULL,NULL,6300,1,14316,234924,'ETQ2512072.01',17,NULL,NULL,NULL,NULL,NULL,NULL,'1',5,NULL,'2',12.00,217.00,1,1,1.99,'20	90d	197',1.50,'pendiente',NULL,'2025-12-10 21:27:53','2025-12-10 21:27:55',NULL),(175697,'EL2512282',NULL,NULL,6300,1,14317,234925,'ETQ2512072.02',20,NULL,NULL,NULL,NULL,NULL,NULL,'1',6,NULL,'2',12.00,198.00,2,1,3.63,'20	90d	178',3.00,'pendiente',NULL,'2025-12-10 21:27:53','2025-12-10 21:27:55',NULL),(175698,'EL2512283',NULL,NULL,6300,1,14316,234926,'ETQ2512073.01',17,NULL,NULL,NULL,NULL,NULL,NULL,'1',7,NULL,'3',12.00,420.00,1,1,3.85,'20	90d	400',1.50,'pendiente',NULL,'2025-12-10 21:27:53','2025-12-10 21:27:55',NULL),(175699,'EL2512284',NULL,NULL,6300,1,14317,234927,'ETQ2512073.02',20,NULL,NULL,NULL,NULL,NULL,NULL,'2',8,NULL,'3',12.00,272.00,1,2,2.50,'20	90d	232	90d	20',3.00,'pendiente',NULL,'2025-12-10 21:27:53','2025-12-10 21:27:55',NULL),(175700,'EL2512285',NULL,NULL,6300,1,14317,234927,'ETQ2512073.02',20,NULL,NULL,NULL,NULL,NULL,NULL,'1',9,NULL,'3',12.00,180.00,2,1,3.30,'20	90d	160',3.00,'pendiente',NULL,'2025-12-10 21:27:53','2025-12-10 21:27:55',NULL),(175701,'EL2512286',NULL,NULL,6300,1,14317,234927,'ETQ2512073.02',20,NULL,NULL,NULL,NULL,NULL,NULL,'1',10,NULL,'3',12.00,148.00,1,1,1.36,'20	90d	128',1.50,'pendiente',NULL,'2025-12-10 21:27:53','2025-12-10 21:27:55',NULL),(175702,'EL2512287',NULL,NULL,6300,1,14317,234928,'ETQ2512074.01',20,NULL,NULL,NULL,NULL,NULL,NULL,'1',11,NULL,'4',12.00,600.00,3,1,16.52,'20	90d	580',4.50,'pendiente',NULL,'2025-12-10 21:27:53','2025-12-10 21:27:55',NULL),(175703,'EL2512288',NULL,NULL,6300,0,14318,234929,'ETQ2512074.02',23,NULL,NULL,NULL,NULL,NULL,NULL,NULL,12,NULL,'4',12.00,600.00,10,0,55.06,'600',20.00,'pendiente',NULL,'2025-12-10 21:27:53','2025-12-10 21:27:55',NULL),(175704,'EL2512289',NULL,NULL,6300,1,14316,234930,'ETQ2512074.03',17,NULL,NULL,NULL,NULL,NULL,NULL,'1',13,NULL,'4',12.00,428.00,2,1,7.85,'20	90d	408',3.00,'pendiente',NULL,'2025-12-10 21:27:53','2025-12-10 21:27:55',NULL),(175705,'EL2512290',NULL,NULL,6300,1,14317,234928,'ETQ2512074.01',20,NULL,NULL,NULL,NULL,NULL,NULL,'1',14,NULL,'4',12.00,172.00,2,1,3.16,'20	90d	152',3.00,'pendiente',NULL,'2025-12-10 21:27:53','2025-12-10 21:27:55',NULL),(175706,'EL2512291',NULL,NULL,6300,1,14316,234931,'ETQ2512075.01',17,NULL,NULL,NULL,NULL,NULL,NULL,'1',15,NULL,'5',12.00,626.00,1,1,5.74,'20	90d	606',1.50,'pendiente',NULL,'2025-12-10 21:27:53','2025-12-10 21:27:55',NULL),(175707,'EL2512292',NULL,NULL,6300,1,14317,234932,'ETQ2512075.02',20,NULL,NULL,NULL,NULL,NULL,NULL,'1',16,NULL,'5',12.00,600.00,9,1,49.55,'20	90d	580',13.50,'pendiente',NULL,'2025-12-10 21:27:53','2025-12-10 21:27:55',NULL),(175708,'EL2512293',NULL,NULL,6300,0,14318,234933,'ETQ2512076.01',23,NULL,NULL,NULL,NULL,NULL,NULL,NULL,17,NULL,'6',12.00,600.00,11,0,60.56,'600',22.00,'pendiente',NULL,'2025-12-10 21:27:53','2025-12-10 21:27:55',NULL),(175709,'EL2512294',NULL,NULL,6300,1,14317,234934,'ETQ2512077.01',20,NULL,NULL,NULL,NULL,NULL,NULL,'1',18,NULL,'7',12.00,525.00,3,1,14.45,'20	90d	505',4.50,'pendiente',NULL,'2025-12-10 21:27:53','2025-12-10 21:27:55',NULL),(175710,'EL2512295',NULL,NULL,6300,1,14317,234934,'ETQ2512077.01',20,NULL,NULL,NULL,NULL,NULL,NULL,'1',19,NULL,'7',12.00,497.00,2,1,9.12,'20	90d	477',3.00,'pendiente',NULL,'2025-12-10 21:27:53','2025-12-10 21:27:55',NULL),(175711,'EL2512296',NULL,NULL,6300,1,14317,234935,'ETQ2512078.01',20,NULL,NULL,NULL,NULL,NULL,NULL,'1',20,NULL,'8',12.00,515.00,5,1,23.63,'20	90d	495',7.50,'pendiente',NULL,'2025-12-10 21:27:53','2025-12-10 21:27:55',NULL),(175712,'EL2512297',NULL,NULL,6300,1,14316,234936,'ETQ2512078.02',17,NULL,NULL,NULL,NULL,NULL,NULL,'1',21,NULL,'8',12.00,328.00,4,1,12.04,'20	90d	308',6.00,'pendiente',NULL,'2025-12-10 21:27:53','2025-12-10 21:27:55',NULL),(175713,'EL2512298',NULL,NULL,6300,1,14316,234936,'ETQ2512078.02',17,NULL,NULL,NULL,NULL,NULL,NULL,'2',22,NULL,'8',12.00,217.00,1,2,1.99,'20	90d	177	90d	20',3.00,'pendiente',NULL,'2025-12-10 21:27:53','2025-12-10 21:27:55',NULL),(175714,'EL2512299',NULL,NULL,6300,1,14317,234937,'ETQ2512079.01',20,NULL,NULL,NULL,NULL,NULL,NULL,'1',23,NULL,'9',12.00,380.00,11,1,38.36,'20	90d	360',16.50,'pendiente',NULL,'2025-12-10 21:27:53','2025-12-10 21:27:55',NULL),(175715,'EL2512300',NULL,NULL,6301,1,14319,234946,'ETQ2512080.01',17,NULL,NULL,NULL,NULL,NULL,NULL,'1',1,NULL,'1',12.00,600.00,25,1,137.64,'20	90d	580',37.50,'pendiente',NULL,'2025-12-10 21:27:55','2025-12-10 21:27:56',NULL),(175716,'EL2512301',NULL,NULL,6301,0,14320,234947,'ETQ2512081.01',23,NULL,NULL,NULL,NULL,NULL,NULL,NULL,2,NULL,'2',12.00,600.00,3,0,16.52,'600',6.00,'pendiente',NULL,'2025-12-10 21:27:55','2025-12-10 21:27:56',NULL),(175717,'EL2512302',NULL,NULL,6301,1,14321,234948,'ETQ2512081.02',20,NULL,NULL,NULL,NULL,NULL,NULL,'1',3,NULL,'2',12.00,372.00,2,1,6.83,'20	90d	352',3.00,'pendiente',NULL,'2025-12-10 21:27:55','2025-12-10 21:27:56',NULL),(175718,'EL2512303',NULL,NULL,6301,1,14321,234948,'ETQ2512081.02',20,NULL,NULL,NULL,NULL,NULL,NULL,'1',4,NULL,'2',12.00,310.00,1,1,2.84,'20	90d	290',1.50,'pendiente',NULL,'2025-12-10 21:27:55','2025-12-10 21:27:56',NULL),(175719,'EL2512304',NULL,NULL,6301,0,14320,234949,'ETQ2512082.01',23,NULL,NULL,NULL,NULL,NULL,NULL,NULL,5,NULL,'3',12.00,600.00,11,0,60.56,'600',22.00,'pendiente',NULL,'2025-12-10 21:27:55','2025-12-10 21:27:56',NULL),(175720,'EL2512305',NULL,NULL,6301,1,14319,234950,'ETQ2512082.02',17,NULL,NULL,NULL,NULL,NULL,NULL,'1',6,NULL,'3',12.00,549.00,1,1,5.04,'20	90d	529',1.50,'pendiente',NULL,'2025-12-10 21:27:55','2025-12-10 21:27:56',NULL),(175721,'EL2512306',NULL,NULL,6301,1,14321,234951,'ETQ2512082.03',20,NULL,NULL,NULL,NULL,NULL,NULL,'1',7,NULL,'3',12.00,469.00,1,1,4.30,'20	90d	449',1.50,'pendiente',NULL,'2025-12-10 21:27:55','2025-12-10 21:27:56',NULL),(175722,'EL2512307',NULL,NULL,6301,0,14320,234952,'ETQ2512083.01',23,NULL,NULL,NULL,NULL,NULL,NULL,NULL,8,NULL,'4',12.00,600.00,6,0,33.03,'600',12.00,'pendiente',NULL,'2025-12-10 21:27:55','2025-12-10 21:27:56',NULL),(175723,'EL2512308',NULL,NULL,6301,0,14320,234953,'ETQ2512084.01',23,NULL,NULL,NULL,NULL,NULL,NULL,NULL,9,NULL,'5',12.00,600.00,4,0,22.02,'600',8.00,'pendiente',NULL,'2025-12-10 21:27:55','2025-12-10 21:27:56',NULL),(175724,'EL2512309',NULL,NULL,6301,1,14321,234954,'ETQ2512084.02',20,NULL,NULL,NULL,NULL,NULL,NULL,'1',10,NULL,'5',12.00,600.00,4,1,22.02,'20	90d	580',6.00,'pendiente',NULL,'2025-12-10 21:27:55','2025-12-10 21:27:56',NULL),(175725,'EL2512310',NULL,NULL,6301,1,14321,234954,'ETQ2512084.02',20,NULL,NULL,NULL,NULL,NULL,NULL,'1',11,NULL,'5',12.00,567.00,3,1,15.61,'20	90d	547',4.50,'pendiente',NULL,'2025-12-10 21:27:55','2025-12-10 21:27:56',NULL),(175726,'EL2512311',NULL,NULL,6301,1,14321,234954,'ETQ2512084.02',20,NULL,NULL,NULL,NULL,NULL,NULL,'1',12,NULL,'5',12.00,445.00,3,1,12.25,'20	90d	425',4.50,'pendiente',NULL,'2025-12-10 21:27:55','2025-12-10 21:27:56',NULL),(175727,'EL2512312',NULL,NULL,6301,1,14321,234954,'ETQ2512084.02',20,NULL,NULL,NULL,NULL,NULL,NULL,'1',13,NULL,'5',12.00,255.00,2,1,4.68,'20	90d	235',3.00,'pendiente',NULL,'2025-12-10 21:27:55','2025-12-10 21:27:56',NULL),(175728,'EL2512313',NULL,NULL,6301,1,14321,234955,'ETQ2512085.01',20,NULL,NULL,NULL,NULL,NULL,NULL,'1',14,NULL,'6',12.00,600.00,1,1,5.51,'20	90d	580',1.50,'pendiente',NULL,'2025-12-10 21:27:55','2025-12-10 21:27:56',NULL),(175729,'EL2512314',NULL,NULL,6301,0,14320,234956,'ETQ2512085.02',23,NULL,NULL,NULL,NULL,NULL,NULL,NULL,15,NULL,'6',12.00,600.00,8,0,44.04,'600',16.00,'pendiente',NULL,'2025-12-10 21:27:55','2025-12-10 21:27:56',NULL),(175730,'EL2512315',NULL,NULL,6301,1,14321,234957,'ETQ2512086.01',20,NULL,NULL,NULL,NULL,NULL,NULL,'2',16,NULL,'7',12.00,452.00,2,2,8.30,'20	90d	412	90d	20',6.00,'pendiente',NULL,'2025-12-10 21:27:55','2025-12-10 21:27:56',NULL),(175731,'EL2512316',NULL,NULL,6301,1,14321,234957,'ETQ2512086.01',20,NULL,NULL,NULL,NULL,NULL,NULL,'1',17,NULL,'7',12.00,392.00,4,1,14.39,'20	90d	372',6.00,'pendiente',NULL,'2025-12-10 21:27:55','2025-12-10 21:27:56',NULL),(175732,'EL2512317',NULL,NULL,6301,1,14321,234957,'ETQ2512086.01',20,NULL,NULL,NULL,NULL,NULL,NULL,'1',18,NULL,'7',12.00,382.00,1,1,3.51,'20	90d	362',1.50,'pendiente',NULL,'2025-12-10 21:27:55','2025-12-10 21:27:56',NULL),(175733,'EL2512318',NULL,NULL,6301,1,14321,234957,'ETQ2512086.01',20,NULL,NULL,NULL,NULL,NULL,NULL,'1',19,NULL,'7',12.00,222.00,1,1,2.04,'20	90d	202',1.50,'pendiente',NULL,'2025-12-10 21:27:55','2025-12-10 21:27:56',NULL),(175734,'EL2512319',NULL,NULL,6301,1,14321,234957,'ETQ2512086.01',20,NULL,NULL,NULL,NULL,NULL,NULL,'1',20,NULL,'7',12.00,193.00,2,1,3.54,'20	90d	173',3.00,'pendiente',NULL,'2025-12-10 21:27:55','2025-12-10 21:27:56',NULL),(175735,'EL2512320',NULL,NULL,6301,1,14321,234958,'ETQ2512087.01',20,NULL,NULL,NULL,NULL,NULL,NULL,'2',21,NULL,'8',12.00,437.00,3,2,12.03,'20	90d	397	90d	20',9.00,'pendiente',NULL,'2025-12-10 21:27:55','2025-12-10 21:27:56',NULL),(175736,'EL2512321',NULL,NULL,6301,1,14321,234958,'ETQ2512087.01',20,NULL,NULL,NULL,NULL,NULL,NULL,'1',22,NULL,'8',12.00,220.00,3,1,6.06,'20	90d	200',4.50,'pendiente',NULL,'2025-12-10 21:27:55','2025-12-10 21:27:56',NULL),(175737,'EL2512322',NULL,NULL,6301,1,14321,234958,'ETQ2512087.01',20,NULL,NULL,NULL,NULL,NULL,NULL,'1',23,NULL,'8',12.00,201.00,6,1,11.07,'20	90d	181',9.00,'pendiente',NULL,'2025-12-10 21:27:55','2025-12-10 21:27:56',NULL),(175738,'EL2512323',NULL,NULL,6302,1,14322,234968,'ETQ2512088.01',17,NULL,NULL,NULL,NULL,NULL,NULL,'1',1,NULL,'1',10.00,600.00,23,1,87.98,'20	90d	580',34.50,'pendiente',NULL,'2025-12-10 21:27:56','2025-12-10 21:27:57',NULL),(175739,'EL2512324',NULL,NULL,6302,1,14323,234969,'ETQ2512089.01',20,NULL,NULL,NULL,NULL,NULL,NULL,'1',2,NULL,'2',10.00,457.00,2,1,5.83,'20	90d	437',3.00,'pendiente',NULL,'2025-12-10 21:27:56','2025-12-10 21:27:57',NULL),(175740,'EL2512325',NULL,NULL,6302,1,14322,234970,'ETQ2512089.02',17,NULL,NULL,NULL,NULL,NULL,NULL,'1',3,NULL,'2',10.00,420.00,3,1,8.03,'20	90d	400',4.50,'pendiente',NULL,'2025-12-10 21:27:56','2025-12-10 21:27:57',NULL),(175741,'EL2512326',NULL,NULL,6302,1,14323,234969,'ETQ2512089.01',20,NULL,NULL,NULL,NULL,NULL,NULL,'1',4,NULL,'2',10.00,395.00,1,1,2.52,'20	90d	375',1.50,'pendiente',NULL,'2025-12-10 21:27:56','2025-12-10 21:27:57',NULL),(175742,'EL2512327',NULL,NULL,6302,1,14323,234969,'ETQ2512089.01',20,NULL,NULL,NULL,NULL,NULL,NULL,'1',5,NULL,'2',10.00,227.00,1,1,1.45,'20	90d	207',1.50,'pendiente',NULL,'2025-12-10 21:27:56','2025-12-10 21:27:57',NULL),(175743,'EL2512328',NULL,NULL,6302,1,14323,234969,'ETQ2512089.01',20,NULL,NULL,NULL,NULL,NULL,NULL,'1',6,NULL,'2',10.00,208.00,2,1,2.65,'20	90d	188',3.00,'pendiente',NULL,'2025-12-10 21:27:56','2025-12-10 21:27:57',NULL),(175744,'EL2512329',NULL,NULL,6302,1,14323,234971,'ETQ2512090.01',20,NULL,NULL,NULL,NULL,NULL,NULL,'1',7,NULL,'3',10.00,410.00,1,1,2.61,'20	90d	390',1.50,'pendiente',NULL,'2025-12-10 21:27:56','2025-12-10 21:27:57',NULL),(175745,'EL2512330',NULL,NULL,6302,1,14323,234971,'ETQ2512090.01',20,NULL,NULL,NULL,NULL,NULL,NULL,'2',8,NULL,'3',10.00,272.00,1,2,1.73,'20	90d	232	90d	20',3.00,'pendiente',NULL,'2025-12-10 21:27:56','2025-12-10 21:27:57',NULL),(175746,'EL2512331',NULL,NULL,6302,1,14322,234972,'ETQ2512090.02',17,NULL,NULL,NULL,NULL,NULL,NULL,'1',9,NULL,'3',10.00,190.00,2,1,2.42,'20	90d	170',3.00,'pendiente',NULL,'2025-12-10 21:27:56','2025-12-10 21:27:57',NULL),(175747,'EL2512332',NULL,NULL,6302,1,14323,234971,'ETQ2512090.01',20,NULL,NULL,NULL,NULL,NULL,NULL,'1',10,NULL,'3',10.00,138.00,1,1,0.88,'20	90d	118',1.50,'pendiente',NULL,'2025-12-10 21:27:56','2025-12-10 21:27:57',NULL),(175748,'EL2512333',NULL,NULL,6302,1,14323,234973,'ETQ2512091.01',20,NULL,NULL,NULL,NULL,NULL,NULL,'1',11,NULL,'4',10.00,600.00,3,1,11.48,'20	90d	580',4.50,'pendiente',NULL,'2025-12-10 21:27:56','2025-12-10 21:27:57',NULL),(175749,'EL2512334',NULL,NULL,6302,0,14324,234974,'ETQ2512091.02',23,NULL,NULL,NULL,NULL,NULL,NULL,NULL,12,NULL,'4',10.00,600.00,10,0,38.25,'600',20.00,'pendiente',NULL,'2025-12-10 21:27:56','2025-12-10 21:27:57',NULL),(175750,'EL2512335',NULL,NULL,6302,1,14322,234975,'ETQ2512091.03',17,NULL,NULL,NULL,NULL,NULL,NULL,'1',13,NULL,'4',10.00,438.00,2,1,5.59,'20	90d	418',3.00,'pendiente',NULL,'2025-12-10 21:27:56','2025-12-10 21:27:57',NULL),(175751,'EL2512336',NULL,NULL,6302,1,14323,234973,'ETQ2512091.01',20,NULL,NULL,NULL,NULL,NULL,NULL,'1',14,NULL,'4',10.00,162.00,2,1,2.07,'20	90d	142',3.00,'pendiente',NULL,'2025-12-10 21:27:56','2025-12-10 21:27:57',NULL),(175752,'EL2512337',NULL,NULL,6302,1,14323,234976,'ETQ2512092.01',20,NULL,NULL,NULL,NULL,NULL,NULL,'1',15,NULL,'5',10.00,646.00,1,1,4.12,'20	90d	626',1.50,'pendiente',NULL,'2025-12-10 21:27:56','2025-12-10 21:27:57',NULL),(175753,'EL2512338',NULL,NULL,6302,1,14323,234976,'ETQ2512092.01',20,NULL,NULL,NULL,NULL,NULL,NULL,'1',16,NULL,'5',10.00,600.00,9,1,34.43,'20	90d	580',13.50,'pendiente',NULL,'2025-12-10 21:27:56','2025-12-10 21:27:57',NULL),(175754,'EL2512339',NULL,NULL,6302,0,14324,234977,'ETQ2512093.01',23,NULL,NULL,NULL,NULL,NULL,NULL,NULL,17,NULL,'6',10.00,600.00,11,0,42.08,'600',22.00,'pendiente',NULL,'2025-12-10 21:27:56','2025-12-10 21:27:57',NULL),(175755,'EL2512340',NULL,NULL,6302,1,14323,234978,'ETQ2512094.01',20,NULL,NULL,NULL,NULL,NULL,NULL,'1',18,NULL,'7',10.00,535.00,3,1,10.23,'20	90d	515',4.50,'pendiente',NULL,'2025-12-10 21:27:56','2025-12-10 21:27:57',NULL),(175756,'EL2512341',NULL,NULL,6302,1,14323,234978,'ETQ2512094.01',20,NULL,NULL,NULL,NULL,NULL,NULL,'1',19,NULL,'7',10.00,517.00,2,1,6.59,'20	90d	497',3.00,'pendiente',NULL,'2025-12-10 21:27:56','2025-12-10 21:27:57',NULL),(175757,'EL2512342',NULL,NULL,6302,1,14323,234979,'ETQ2512095.01',20,NULL,NULL,NULL,NULL,NULL,NULL,'1',20,NULL,'8',10.00,525.00,5,1,16.74,'20	90d	505',7.50,'pendiente',NULL,'2025-12-10 21:27:56','2025-12-10 21:27:57',NULL),(175758,'EL2512343',NULL,NULL,6302,1,14323,234979,'ETQ2512095.01',20,NULL,NULL,NULL,NULL,NULL,NULL,'1',21,NULL,'8',10.00,338.00,4,1,8.62,'20	90d	318',6.00,'pendiente',NULL,'2025-12-10 21:27:56','2025-12-10 21:27:57',NULL),(175759,'EL2512344',NULL,NULL,6302,1,14322,234980,'ETQ2512095.02',17,NULL,NULL,NULL,NULL,NULL,NULL,'2',22,NULL,'8',10.00,217.00,1,2,1.38,'20	90d	177	90d	20',3.00,'pendiente',NULL,'2025-12-10 21:27:56','2025-12-10 21:27:57',NULL),(175760,'EL2512345',NULL,NULL,6302,1,14322,234981,'ETQ2512096.01',17,NULL,NULL,NULL,NULL,NULL,NULL,'1',23,NULL,'9',10.00,410.00,11,1,28.75,'20	90d	390',16.50,'pendiente',NULL,'2025-12-10 21:27:56','2025-12-10 21:27:57',NULL),(175761,'EL2512346',NULL,NULL,6303,1,14325,234990,'ETQ2512097.01',20,NULL,NULL,NULL,NULL,NULL,NULL,'1',1,NULL,'1',10.00,600.00,25,1,95.63,'20	90d	580',37.50,'pendiente',NULL,'2025-12-10 21:27:57','2025-12-10 21:27:59',NULL),(175762,'EL2512347',NULL,NULL,6303,0,14326,234991,'ETQ2512098.01',23,NULL,NULL,NULL,NULL,NULL,NULL,NULL,2,NULL,'2',10.00,600.00,3,0,11.48,'600',6.00,'pendiente',NULL,'2025-12-10 21:27:57','2025-12-10 21:27:59',NULL),(175763,'EL2512348',NULL,NULL,6303,1,14327,234992,'ETQ2512098.02',17,NULL,NULL,NULL,NULL,NULL,NULL,'1',3,NULL,'2',10.00,382.00,2,1,4.87,'20	90d	362',3.00,'pendiente',NULL,'2025-12-10 21:27:57','2025-12-10 21:27:59',NULL),(175764,'EL2512349',NULL,NULL,6303,1,14327,234992,'ETQ2512098.02',17,NULL,NULL,NULL,NULL,NULL,NULL,'1',4,NULL,'2',10.00,320.00,1,1,2.04,'20	90d	300',1.50,'pendiente',NULL,'2025-12-10 21:27:57','2025-12-10 21:27:59',NULL),(175765,'EL2512350',NULL,NULL,6303,0,14326,234993,'ETQ2512099.01',23,NULL,NULL,NULL,NULL,NULL,NULL,NULL,5,NULL,'3',10.00,600.00,11,0,42.08,'600',22.00,'pendiente',NULL,'2025-12-10 21:27:58','2025-12-10 21:27:59',NULL),(175766,'EL2512351',NULL,NULL,6303,1,14325,234994,'ETQ2512099.02',20,NULL,NULL,NULL,NULL,NULL,NULL,'1',6,NULL,'3',10.00,559.00,1,1,3.56,'20	90d	539',1.50,'pendiente',NULL,'2025-12-10 21:27:58','2025-12-10 21:27:59',NULL),(175767,'EL2512352',NULL,NULL,6303,1,14327,234995,'ETQ2512099.03',17,NULL,NULL,NULL,NULL,NULL,NULL,'1',7,NULL,'3',10.00,479.00,1,1,3.05,'20	90d	459',1.50,'pendiente',NULL,'2025-12-10 21:27:58','2025-12-10 21:27:59',NULL),(175768,'EL2512353',NULL,NULL,6303,0,14326,234996,'ETQ2512100.01',23,NULL,NULL,NULL,NULL,NULL,NULL,NULL,8,NULL,'4',10.00,600.00,6,0,22.95,'600',12.00,'pendiente',NULL,'2025-12-10 21:27:58','2025-12-10 21:27:59',NULL),(175769,'EL2512354',NULL,NULL,6303,0,14326,234997,'ETQ2512101.01',23,NULL,NULL,NULL,NULL,NULL,NULL,NULL,9,NULL,'5',10.00,600.00,4,0,15.30,'600',8.00,'pendiente',NULL,'2025-12-10 21:27:58','2025-12-10 21:27:59',NULL),(175770,'EL2512355',NULL,NULL,6303,1,14327,234998,'ETQ2512101.02',17,NULL,NULL,NULL,NULL,NULL,NULL,'1',10,NULL,'5',10.00,600.00,4,1,15.30,'20	90d	580',6.00,'pendiente',NULL,'2025-12-10 21:27:58','2025-12-10 21:27:59',NULL),(175771,'EL2512356',NULL,NULL,6303,1,14327,234998,'ETQ2512101.02',17,NULL,NULL,NULL,NULL,NULL,NULL,'1',11,NULL,'5',10.00,587.00,3,1,11.23,'20	90d	567',4.50,'pendiente',NULL,'2025-12-10 21:27:58','2025-12-10 21:27:59',NULL),(175772,'EL2512357',NULL,NULL,6303,1,14327,234998,'ETQ2512101.02',17,NULL,NULL,NULL,NULL,NULL,NULL,'1',12,NULL,'5',10.00,465.00,3,1,8.89,'20	90d	445',4.50,'pendiente',NULL,'2025-12-10 21:27:58','2025-12-10 21:27:59',NULL),(175773,'EL2512358',NULL,NULL,6303,1,14327,234998,'ETQ2512101.02',17,NULL,NULL,NULL,NULL,NULL,NULL,'1',13,NULL,'5',10.00,275.00,2,1,3.51,'20	90d	255',3.00,'pendiente',NULL,'2025-12-10 21:27:58','2025-12-10 21:27:59',NULL),(175774,'EL2512359',NULL,NULL,6303,1,14327,234999,'ETQ2512102.01',17,NULL,NULL,NULL,NULL,NULL,NULL,'1',14,NULL,'6',10.00,600.00,1,1,3.83,'20	90d	580',1.50,'pendiente',NULL,'2025-12-10 21:27:58','2025-12-10 21:27:59',NULL),(175775,'EL2512360',NULL,NULL,6303,0,14326,235000,'ETQ2512102.02',23,NULL,NULL,NULL,NULL,NULL,NULL,NULL,15,NULL,'6',10.00,600.00,8,0,30.60,'600',16.00,'pendiente',NULL,'2025-12-10 21:27:58','2025-12-10 21:27:59',NULL),(175776,'EL2512361',NULL,NULL,6303,1,14327,235001,'ETQ2512103.01',17,NULL,NULL,NULL,NULL,NULL,NULL,'2',16,NULL,'7',10.00,452.00,2,2,5.76,'20	90d	412	90d	20',6.00,'pendiente',NULL,'2025-12-10 21:27:58','2025-12-10 21:27:59',NULL),(175777,'EL2512362',NULL,NULL,6303,1,14325,235002,'ETQ2512103.02',20,NULL,NULL,NULL,NULL,NULL,NULL,'1',17,NULL,'7',10.00,422.00,4,1,10.76,'20	90d	402',6.00,'pendiente',NULL,'2025-12-10 21:27:58','2025-12-10 21:27:59',NULL),(175778,'EL2512363',NULL,NULL,6303,1,14327,235001,'ETQ2512103.01',17,NULL,NULL,NULL,NULL,NULL,NULL,'1',18,NULL,'7',10.00,392.00,1,1,2.50,'20	90d	372',1.50,'pendiente',NULL,'2025-12-10 21:27:58','2025-12-10 21:27:59',NULL),(175779,'EL2512364',NULL,NULL,6303,1,14327,235001,'ETQ2512103.01',17,NULL,NULL,NULL,NULL,NULL,NULL,'1',19,NULL,'7',10.00,232.00,1,1,1.48,'20	90d	212',1.50,'pendiente',NULL,'2025-12-10 21:27:58','2025-12-10 21:27:59',NULL),(175780,'EL2512365',NULL,NULL,6303,1,14325,235002,'ETQ2512103.02',20,NULL,NULL,NULL,NULL,NULL,NULL,'1',20,NULL,'7',10.00,203.00,2,1,2.59,'20	90d	183',3.00,'pendiente',NULL,'2025-12-10 21:27:58','2025-12-10 21:27:59',NULL),(175781,'EL2512366',NULL,NULL,6303,1,14327,235003,'ETQ2512104.01',17,NULL,NULL,NULL,NULL,NULL,NULL,'2',21,NULL,'8',10.00,437.00,3,2,8.36,'20	90d	397	90d	20',9.00,'pendiente',NULL,'2025-12-10 21:27:58','2025-12-10 21:27:59',NULL),(175782,'EL2512367',NULL,NULL,6303,1,14327,235003,'ETQ2512104.01',17,NULL,NULL,NULL,NULL,NULL,NULL,'1',22,NULL,'8',10.00,268.00,2,1,3.42,'20	90d	248',3.00,'pendiente',NULL,'2025-12-10 21:27:58','2025-12-10 21:27:59',NULL),(175783,'EL2512368',NULL,NULL,6303,1,14327,235003,'ETQ2512104.01',17,NULL,NULL,NULL,NULL,NULL,NULL,'1',23,NULL,'8',10.00,231.00,7,1,10.31,'20	90d	211',10.50,'pendiente',NULL,'2025-12-10 21:27:58','2025-12-10 21:27:59',NULL),(175784,'EL2512369',NULL,NULL,6304,1,14328,235005,'ETQ2512105.01',17,NULL,NULL,NULL,NULL,NULL,NULL,'2',1,NULL,'1',12.00,575.00,20,2,105.52,'20	90d	535	90d	20',60.00,'pendiente',NULL,'2025-12-10 21:27:59','2025-12-10 21:27:59',NULL),(175785,'EL2512370',NULL,NULL,6304,1,14329,235006,'ETQ2512105.02',20,NULL,NULL,NULL,NULL,NULL,NULL,'2',2,NULL,'1',12.00,382.00,5,2,17.53,'20	90d	342	90d	20',15.00,'pendiente',NULL,'2025-12-10 21:27:59','2025-12-10 21:27:59',NULL),(175786,'EL2512371',NULL,NULL,6305,1,14330,235011,'ETQ2512106.01',20,NULL,NULL,NULL,NULL,NULL,NULL,'1',1,NULL,'1',12.00,600.00,7,1,38.54,'20	90d	580',10.50,'pendiente',NULL,'2025-12-10 21:27:59','2025-12-10 21:28:00',NULL),(175787,'EL2512372',NULL,NULL,6305,0,14331,235012,'ETQ2512107.01',23,NULL,NULL,NULL,NULL,NULL,NULL,NULL,2,NULL,'2',12.00,600.00,7,0,38.54,'600',14.00,'pendiente',NULL,'2025-12-10 21:27:59','2025-12-10 21:28:00',NULL),(175788,'EL2512373',NULL,NULL,6305,0,14331,235013,'ETQ2512108.01',23,NULL,NULL,NULL,NULL,NULL,NULL,NULL,3,NULL,'3',12.00,600.00,4,0,22.02,'600',8.00,'pendiente',NULL,'2025-12-10 21:27:59','2025-12-10 21:28:00',NULL),(175789,'EL2512374',NULL,NULL,6305,1,14330,235014,'ETQ2512108.02',20,NULL,NULL,NULL,NULL,NULL,NULL,'1',4,NULL,'3',12.00,540.00,3,1,14.87,'20	90d	520',4.50,'pendiente',NULL,'2025-12-10 21:27:59','2025-12-10 21:28:00',NULL),(175790,'EL2512375',NULL,NULL,6305,1,14330,235015,'ETQ2512109.01',20,NULL,NULL,NULL,NULL,NULL,NULL,'1',5,NULL,'4',12.00,382.00,4,1,14.02,'20	90d	362',6.00,'pendiente',NULL,'2025-12-10 21:27:59','2025-12-10 21:28:00',NULL),(175791,'EL2512376',NULL,NULL,6306,1,14332,235017,'ETQ2512110.01',20,NULL,NULL,NULL,NULL,NULL,NULL,'2',1,NULL,'1',10.00,575.00,20,2,73.32,'20	90d	535	90d	20',60.00,'pendiente',NULL,'2025-12-10 21:28:00','2025-12-10 21:28:00',NULL),(175792,'EL2512377',NULL,NULL,6306,1,14333,235018,'ETQ2512110.02',17,NULL,NULL,NULL,NULL,NULL,NULL,'2',2,NULL,'1',10.00,382.00,5,2,12.18,'20	90d	342	90d	20',15.00,'pendiente',NULL,'2025-12-10 21:28:00','2025-12-10 21:28:00',NULL),(175793,'EL2512378',NULL,NULL,6307,1,14334,235023,'ETQ2512111.01',17,NULL,NULL,NULL,NULL,NULL,NULL,'1',1,NULL,'1',10.00,600.00,7,1,26.78,'20	90d	580',10.50,'pendiente',NULL,'2025-12-10 21:28:00','2025-12-10 21:28:00',NULL),(175794,'EL2512379',NULL,NULL,6307,0,14335,235024,'ETQ2512112.01',23,NULL,NULL,NULL,NULL,NULL,NULL,NULL,2,NULL,'2',10.00,600.00,7,0,26.78,'600',14.00,'pendiente',NULL,'2025-12-10 21:28:00','2025-12-10 21:28:00',NULL),(175795,'EL2512380',NULL,NULL,6307,0,14335,235025,'ETQ2512113.01',23,NULL,NULL,NULL,NULL,NULL,NULL,NULL,3,NULL,'3',10.00,600.00,4,0,15.30,'600',8.00,'pendiente',NULL,'2025-12-10 21:28:00','2025-12-10 21:28:00',NULL),(175796,'EL2512381',NULL,NULL,6307,1,14334,235026,'ETQ2512113.02',17,NULL,NULL,NULL,NULL,NULL,NULL,'1',4,NULL,'3',10.00,560.00,3,1,10.71,'20	90d	540',4.50,'pendiente',NULL,'2025-12-10 21:28:00','2025-12-10 21:28:00',NULL),(175797,'EL2512382',NULL,NULL,6307,1,14334,235027,'ETQ2512114.01',17,NULL,NULL,NULL,NULL,NULL,NULL,'1',5,NULL,'4',10.00,412.00,4,1,10.51,'20	90d	392',6.00,'pendiente',NULL,'2025-12-10 21:28:00','2025-12-10 21:28:00',NULL),(175798,'EL2512383',NULL,NULL,6308,1,14336,235053,'ETQ2512115.01',17,NULL,NULL,NULL,NULL,NULL,NULL,NULL,1,NULL,'1',10.00,176.00,3,0,3.37,'176',6.00,'pendiente',NULL,'2025-12-10 21:28:00','2025-12-10 21:28:04',NULL),(175799,'EL2512384',NULL,NULL,6308,1,14337,235054,'ETQ2512115.02',20,NULL,NULL,NULL,NULL,NULL,NULL,NULL,2,NULL,'1',10.00,134.00,4,0,3.42,'134',8.00,'pendiente',NULL,'2025-12-10 21:28:00','2025-12-10 21:28:04',NULL),(175800,'EL2512385',NULL,NULL,6308,1,14337,235055,'ETQ2512116.01',20,NULL,NULL,NULL,NULL,NULL,NULL,NULL,3,NULL,'2',10.00,234.00,3,0,4.48,'234',6.00,'pendiente',NULL,'2025-12-10 21:28:00','2025-12-10 21:28:04',NULL),(175801,'EL2512386',NULL,NULL,6308,1,14337,235055,'ETQ2512116.01',20,NULL,NULL,NULL,NULL,NULL,NULL,NULL,4,NULL,'2',10.00,120.00,7,0,5.36,'120',14.00,'pendiente',NULL,'2025-12-10 21:28:00','2025-12-10 21:28:04',NULL),(175802,'EL2512387',NULL,NULL,6308,1,14337,235056,'ETQ2512117.01',20,NULL,NULL,NULL,NULL,NULL,NULL,NULL,5,NULL,'3',10.00,152.00,3,0,2.91,'152',6.00,'pendiente',NULL,'2025-12-10 21:28:00','2025-12-10 21:28:04',NULL),(175803,'EL2512388',NULL,NULL,6308,1,14336,235057,'ETQ2512117.02',17,NULL,NULL,NULL,NULL,NULL,NULL,NULL,6,NULL,'3',10.00,120.00,3,0,2.30,'120',6.00,'pendiente',NULL,'2025-12-10 21:28:00','2025-12-10 21:28:04',NULL),(175804,'EL2512389',NULL,NULL,6308,1,14336,235058,'ETQ2512118.01',17,NULL,NULL,NULL,NULL,NULL,NULL,NULL,7,NULL,'4',10.00,234.00,3,0,4.48,'234',6.00,'pendiente',NULL,'2025-12-10 21:28:00','2025-12-10 21:28:04',NULL),(175805,'EL2512390',NULL,NULL,6308,1,14336,235058,'ETQ2512118.01',17,NULL,NULL,NULL,NULL,NULL,NULL,NULL,8,NULL,'4',10.00,109.00,6,0,4.17,'109',12.00,'pendiente',NULL,'2025-12-10 21:28:00','2025-12-10 21:28:04',NULL),(175806,'EL2512391',NULL,NULL,6308,1,14336,235059,'ETQ2512119.01',17,NULL,NULL,NULL,NULL,NULL,NULL,NULL,9,NULL,'5',10.00,234.00,6,0,8.95,'234',12.00,'pendiente',NULL,'2025-12-10 21:28:00','2025-12-10 21:28:04',NULL),(175807,'EL2512392',NULL,NULL,6308,1,14337,235060,'ETQ2512119.02',20,NULL,NULL,NULL,NULL,NULL,NULL,NULL,10,NULL,'5',10.00,218.00,6,0,8.34,'218',12.00,'pendiente',NULL,'2025-12-10 21:28:00','2025-12-10 21:28:04',NULL),(175808,'EL2512393',NULL,NULL,6308,1,14337,235061,'ETQ2512120.01',20,NULL,NULL,NULL,NULL,NULL,NULL,NULL,11,NULL,'6',10.00,234.00,6,0,8.95,'234',12.00,'pendiente',NULL,'2025-12-10 21:28:00','2025-12-10 21:28:04',NULL),(175809,'EL2512394',NULL,NULL,6308,1,14337,235061,'ETQ2512120.01',20,NULL,NULL,NULL,NULL,NULL,NULL,NULL,12,NULL,'6',10.00,198.00,7,0,8.84,'198',14.00,'pendiente',NULL,'2025-12-10 21:28:00','2025-12-10 21:28:04',NULL),(175810,'EL2512395',NULL,NULL,6308,1,14337,235062,'ETQ2512121.01',20,NULL,NULL,NULL,NULL,NULL,NULL,NULL,13,NULL,'7',10.00,234.00,3,0,4.48,'234',6.00,'pendiente',NULL,'2025-12-10 21:28:00','2025-12-10 21:28:04',NULL),(175811,'EL2512396',NULL,NULL,6308,1,14336,235063,'ETQ2512121.02',17,NULL,NULL,NULL,NULL,NULL,NULL,NULL,14,NULL,'7',10.00,198.00,4,0,5.05,'198',8.00,'pendiente',NULL,'2025-12-10 21:28:00','2025-12-10 21:28:04',NULL),(175812,'EL2512397',NULL,NULL,6308,1,14337,235062,'ETQ2512121.01',20,NULL,NULL,NULL,NULL,NULL,NULL,NULL,15,NULL,'7',10.00,152.00,3,0,2.91,'152',6.00,'pendiente',NULL,'2025-12-10 21:28:00','2025-12-10 21:28:04',NULL),(175813,'EL2512398',NULL,NULL,6308,1,14336,235063,'ETQ2512121.02',17,NULL,NULL,NULL,NULL,NULL,NULL,NULL,16,NULL,'7',10.00,120.00,3,0,2.30,'120',6.00,'pendiente',NULL,'2025-12-10 21:28:00','2025-12-10 21:28:04',NULL),(175814,'EL2512399',NULL,NULL,6308,1,14337,235064,'ETQ2512122.01',20,NULL,NULL,NULL,NULL,NULL,NULL,NULL,17,NULL,'8',10.00,120.00,2,0,1.53,'120',4.00,'pendiente',NULL,'2025-12-10 21:28:00','2025-12-10 21:28:04',NULL),(175815,'EL2512400',NULL,NULL,6308,1,14337,235064,'ETQ2512122.01',20,NULL,NULL,NULL,NULL,NULL,NULL,NULL,18,NULL,'8',10.00,114.00,2,0,1.45,'114',4.00,'pendiente',NULL,'2025-12-10 21:28:00','2025-12-10 21:28:04',NULL),(175816,'EL2512401',NULL,NULL,6308,1,14336,235065,'ETQ2512123.01',17,NULL,NULL,NULL,NULL,NULL,NULL,NULL,19,NULL,'9',10.00,234.00,3,0,4.48,'234',6.00,'pendiente',NULL,'2025-12-10 21:28:00','2025-12-10 21:28:04',NULL),(175817,'EL2512402',NULL,NULL,6308,1,14337,235066,'ETQ2512123.02',20,NULL,NULL,NULL,NULL,NULL,NULL,NULL,20,NULL,'9',10.00,109.00,6,0,4.17,'109',12.00,'pendiente',NULL,'2025-12-10 21:28:00','2025-12-10 21:28:04',NULL),(175818,'EL2512403',NULL,NULL,6308,1,14336,235067,'ETQ2512124.01',17,NULL,NULL,NULL,NULL,NULL,NULL,NULL,21,NULL,'10',10.00,234.00,6,0,8.95,'234',12.00,'pendiente',NULL,'2025-12-10 21:28:00','2025-12-10 21:28:04',NULL),(175819,'EL2512404',NULL,NULL,6308,1,14336,235067,'ETQ2512124.01',17,NULL,NULL,NULL,NULL,NULL,NULL,NULL,22,NULL,'10',10.00,218.00,6,0,8.34,'218',12.00,'pendiente',NULL,'2025-12-10 21:28:00','2025-12-10 21:28:04',NULL),(175820,'EL2512405',NULL,NULL,6308,1,14336,235068,'ETQ2512125.01',17,NULL,NULL,NULL,NULL,NULL,NULL,NULL,23,NULL,'11',10.00,234.00,5,0,7.46,'234',10.00,'pendiente',NULL,'2025-12-10 21:28:00','2025-12-10 21:28:04',NULL),(175821,'EL2512406',NULL,NULL,6308,1,14336,235068,'ETQ2512125.01',17,NULL,NULL,NULL,NULL,NULL,NULL,NULL,24,NULL,'11',10.00,198.00,6,0,7.57,'198',12.00,'pendiente',NULL,'2025-12-10 21:28:00','2025-12-10 21:28:04',NULL),(175822,'EL2512407',NULL,NULL,6308,1,14337,235069,'ETQ2512126.01',20,NULL,NULL,NULL,NULL,NULL,NULL,NULL,25,NULL,'12',10.00,234.00,6,0,8.95,'234',12.00,'pendiente',NULL,'2025-12-10 21:28:00','2025-12-10 21:28:04',NULL),(175823,'EL2512408',NULL,NULL,6308,1,14337,235069,'ETQ2512126.01',20,NULL,NULL,NULL,NULL,NULL,NULL,NULL,26,NULL,'12',10.00,198.00,6,0,7.57,'198',12.00,'pendiente',NULL,'2025-12-10 21:28:00','2025-12-10 21:28:04',NULL),(175824,'EL2512409',NULL,NULL,6308,1,14337,235070,'ETQ2512127.01',20,NULL,NULL,NULL,NULL,NULL,NULL,NULL,27,NULL,'13',10.00,234.00,2,0,2.98,'234',4.00,'pendiente',NULL,'2025-12-10 21:28:00','2025-12-10 21:28:04',NULL),(175825,'EL2512410',NULL,NULL,6308,1,14336,235071,'ETQ2512127.02',17,NULL,NULL,NULL,NULL,NULL,NULL,NULL,28,NULL,'13',10.00,114.00,6,0,4.36,'114',12.00,'pendiente',NULL,'2025-12-10 21:28:00','2025-12-10 21:28:04',NULL),(175826,'EL2512411',NULL,NULL,6308,1,14336,235072,'ETQ2512128.01',17,NULL,NULL,NULL,NULL,NULL,NULL,NULL,29,NULL,'14',10.00,234.00,2,0,2.98,'234',4.00,'pendiente',NULL,'2025-12-10 21:28:01','2025-12-10 21:28:04',NULL),(175827,'EL2512412',NULL,NULL,6308,1,14337,235073,'ETQ2512128.02',20,NULL,NULL,NULL,NULL,NULL,NULL,NULL,30,NULL,'14',10.00,134.00,1,0,0.85,'134',2.00,'pendiente',NULL,'2025-12-10 21:28:01','2025-12-10 21:28:04',NULL),(175828,'EL2512413',NULL,NULL,6308,1,14337,235073,'ETQ2512128.02',20,NULL,NULL,NULL,NULL,NULL,NULL,NULL,31,NULL,'14',10.00,129.00,3,0,2.47,'129',6.00,'pendiente',NULL,'2025-12-10 21:28:01','2025-12-10 21:28:04',NULL),(175829,'EL2512414',NULL,NULL,6308,1,14336,235072,'ETQ2512128.01',17,NULL,NULL,NULL,NULL,NULL,NULL,NULL,32,NULL,'14',10.00,67.00,3,0,1.28,'67',6.00,'pendiente',NULL,'2025-12-10 21:28:01','2025-12-10 21:28:04',NULL),(175830,'EL2512415',NULL,NULL,6308,1,14337,235074,'ETQ2512129.01',20,NULL,NULL,NULL,NULL,NULL,NULL,NULL,33,NULL,'15',10.00,234.00,4,0,5.97,'234',8.00,'pendiente',NULL,'2025-12-10 21:28:01','2025-12-10 21:28:04',NULL),(175831,'EL2512416',NULL,NULL,6308,1,14337,235074,'ETQ2512129.01',20,NULL,NULL,NULL,NULL,NULL,NULL,NULL,34,NULL,'15',10.00,198.00,5,0,6.31,'198',10.00,'pendiente',NULL,'2025-12-10 21:28:01','2025-12-10 21:28:04',NULL),(175832,'EL2512417',NULL,NULL,6308,1,14336,235075,'ETQ2512129.02',17,NULL,NULL,NULL,NULL,NULL,NULL,NULL,35,NULL,'15',10.00,165.00,2,0,2.10,'165',4.00,'pendiente',NULL,'2025-12-10 21:28:01','2025-12-10 21:28:04',NULL),(175833,'EL2512418',NULL,NULL,6308,1,14336,235075,'ETQ2512129.02',17,NULL,NULL,NULL,NULL,NULL,NULL,NULL,36,NULL,'15',10.00,100.00,2,0,1.28,'100',4.00,'pendiente',NULL,'2025-12-10 21:28:01','2025-12-10 21:28:04',NULL),(175834,'EL2512419',NULL,NULL,6308,1,14336,235076,'ETQ2512130.01',17,NULL,NULL,NULL,NULL,NULL,NULL,NULL,37,NULL,'16',10.00,246.00,2,0,3.14,'246',4.00,'pendiente',NULL,'2025-12-10 21:28:01','2025-12-10 21:28:04',NULL),(175835,'EL2512420',NULL,NULL,6308,1,14336,235076,'ETQ2512130.01',17,NULL,NULL,NULL,NULL,NULL,NULL,NULL,38,NULL,'16',10.00,115.00,6,0,4.40,'115',12.00,'pendiente',NULL,'2025-12-10 21:28:01','2025-12-10 21:28:04',NULL),(175836,'EL2512421',NULL,NULL,6308,1,14336,235077,'ETQ2512131.01',17,NULL,NULL,NULL,NULL,NULL,NULL,NULL,39,NULL,'17',10.00,274.00,7,0,12.23,'274',14.00,'pendiente',NULL,'2025-12-10 21:28:01','2025-12-10 21:28:04',NULL),(175837,'EL2512422',NULL,NULL,6308,1,14337,235078,'ETQ2512131.02',20,NULL,NULL,NULL,NULL,NULL,NULL,NULL,40,NULL,'17',10.00,234.00,8,0,11.94,'234',16.00,'pendiente',NULL,'2025-12-10 21:28:01','2025-12-10 21:28:04',NULL),(175838,'EL2512423',NULL,NULL,6308,1,14336,235079,'ETQ2512132.01',17,NULL,NULL,NULL,NULL,NULL,NULL,NULL,41,NULL,'18',10.00,115.00,2,0,1.47,'115',4.00,'pendiente',NULL,'2025-12-10 21:28:01','2025-12-10 21:28:04',NULL),(175839,'EL2512424',NULL,NULL,6308,1,14337,235080,'ETQ2512132.02',20,NULL,NULL,NULL,NULL,NULL,NULL,NULL,42,NULL,'18',10.00,104.00,2,0,1.33,'104',4.00,'pendiente',NULL,'2025-12-10 21:28:01','2025-12-10 21:28:04',NULL),(175840,'EL2512425',NULL,NULL,6308,1,14337,235081,'ETQ2512133.01',20,NULL,NULL,NULL,NULL,NULL,NULL,NULL,43,NULL,'19',10.00,218.00,2,0,2.78,'218',4.00,'pendiente',NULL,'2025-12-10 21:28:01','2025-12-10 21:28:04',NULL),(175841,'EL2512426',NULL,NULL,6308,1,14337,235081,'ETQ2512133.01',20,NULL,NULL,NULL,NULL,NULL,NULL,NULL,44,NULL,'19',10.00,115.00,6,0,4.40,'115',12.00,'pendiente',NULL,'2025-12-10 21:28:01','2025-12-10 21:28:04',NULL),(175842,'EL2512427',NULL,NULL,6308,1,14336,235082,'ETQ2512134.01',17,NULL,NULL,NULL,NULL,NULL,NULL,NULL,45,NULL,'20',10.00,234.00,5,0,7.46,'234',10.00,'pendiente',NULL,'2025-12-10 21:28:01','2025-12-10 21:28:04',NULL),(175843,'EL2512428',NULL,NULL,6308,1,14336,235082,'ETQ2512134.01',17,NULL,NULL,NULL,NULL,NULL,NULL,NULL,46,NULL,'20',10.00,198.00,6,0,7.57,'198',12.00,'pendiente',NULL,'2025-12-10 21:28:01','2025-12-10 21:28:04',NULL),(175844,'EL2512429',NULL,NULL,6308,1,14337,235083,'ETQ2512135.01',20,NULL,NULL,NULL,NULL,NULL,NULL,NULL,47,NULL,'21',10.00,234.00,2,0,2.98,'234',4.00,'pendiente',NULL,'2025-12-10 21:28:01','2025-12-10 21:28:04',NULL),(175845,'EL2512430',NULL,NULL,6308,1,14337,235083,'ETQ2512135.01',20,NULL,NULL,NULL,NULL,NULL,NULL,NULL,48,NULL,'21',10.00,198.00,3,0,3.79,'198',6.00,'pendiente',NULL,'2025-12-10 21:28:01','2025-12-10 21:28:04',NULL),(175846,'EL2512431',NULL,NULL,6308,1,14337,235083,'ETQ2512135.01',20,NULL,NULL,NULL,NULL,NULL,NULL,NULL,49,NULL,'21',10.00,171.00,2,0,2.18,'171',4.00,'pendiente',NULL,'2025-12-10 21:28:01','2025-12-10 21:28:04',NULL),(175847,'EL2512432',NULL,NULL,6308,1,14337,235083,'ETQ2512135.01',20,NULL,NULL,NULL,NULL,NULL,NULL,NULL,50,NULL,'21',10.00,152.00,1,0,0.97,'152',2.00,'pendiente',NULL,'2025-12-10 21:28:01','2025-12-10 21:28:04',NULL),(175848,'EL2512433',NULL,NULL,6308,1,14336,235084,'ETQ2512135.02',17,NULL,NULL,NULL,NULL,NULL,NULL,NULL,51,NULL,'21',10.00,129.00,1,0,0.82,'129',2.00,'pendiente',NULL,'2025-12-10 21:28:01','2025-12-10 21:28:04',NULL),(175849,'EL2512434',NULL,NULL,6308,1,14337,235083,'ETQ2512135.01',20,NULL,NULL,NULL,NULL,NULL,NULL,NULL,52,NULL,'21',10.00,123.00,2,0,1.57,'123',4.00,'pendiente',NULL,'2025-12-10 21:28:01','2025-12-10 21:28:04',NULL),(175850,'EL2512435',NULL,NULL,6308,1,14336,235084,'ETQ2512135.02',17,NULL,NULL,NULL,NULL,NULL,NULL,NULL,53,NULL,'21',10.00,69.00,2,0,0.88,'69',4.00,'pendiente',NULL,'2025-12-10 21:28:01','2025-12-10 21:28:04',NULL),(175851,'EL2512436',NULL,NULL,6308,1,14336,235085,'ETQ2512136.01',17,NULL,NULL,NULL,NULL,NULL,NULL,NULL,54,NULL,'22',10.00,198.00,2,0,2.52,'198',4.00,'pendiente',NULL,'2025-12-10 21:28:01','2025-12-10 21:28:04',NULL),(175852,'EL2512437',NULL,NULL,6308,1,14337,235086,'ETQ2512136.02',20,NULL,NULL,NULL,NULL,NULL,NULL,NULL,55,NULL,'22',10.00,114.00,6,0,4.36,'114',12.00,'pendiente',NULL,'2025-12-10 21:28:01','2025-12-10 21:28:04',NULL),(175853,'EL2512438',NULL,NULL,6308,1,14337,235087,'ETQ2512137.01',20,NULL,NULL,NULL,NULL,NULL,NULL,NULL,56,NULL,'23',10.00,198.00,2,0,2.52,'198',4.00,'pendiente',NULL,'2025-12-10 21:28:01','2025-12-10 21:28:04',NULL),(175854,'EL2512439',NULL,NULL,6308,1,14336,235088,'ETQ2512137.02',17,NULL,NULL,NULL,NULL,NULL,NULL,NULL,57,NULL,'23',10.00,114.00,6,0,4.36,'114',12.00,'pendiente',NULL,'2025-12-10 21:28:01','2025-12-10 21:28:04',NULL),(175855,'EL2512440',NULL,NULL,6308,1,14337,235089,'ETQ2512138.01',20,NULL,NULL,NULL,NULL,NULL,NULL,NULL,58,NULL,'24',10.00,115.00,2,0,1.47,'115',4.00,'pendiente',NULL,'2025-12-10 21:28:01','2025-12-10 21:28:04',NULL),(175856,'EL2512441',NULL,NULL,6308,1,14337,235089,'ETQ2512138.01',20,NULL,NULL,NULL,NULL,NULL,NULL,NULL,59,NULL,'24',10.00,114.00,2,0,1.45,'114',4.00,'pendiente',NULL,'2025-12-10 21:28:01','2025-12-10 21:28:04',NULL),(175857,'EL2512442',NULL,NULL,6308,1,14337,235090,'ETQ2512139.01',20,NULL,NULL,NULL,NULL,NULL,NULL,NULL,60,NULL,'25',10.00,406.00,4,0,10.35,'406',8.00,'pendiente',NULL,'2025-12-10 21:28:01','2025-12-10 21:28:04',NULL),(175858,'EL2512443',NULL,NULL,6308,1,14336,235091,'ETQ2512139.02',17,NULL,NULL,NULL,NULL,NULL,NULL,NULL,61,NULL,'25',10.00,386.00,3,0,7.38,'386',6.00,'pendiente',NULL,'2025-12-10 21:28:01','2025-12-10 21:28:04',NULL),(175859,'EL2512444',NULL,NULL,6308,1,14337,235090,'ETQ2512139.01',20,NULL,NULL,NULL,NULL,NULL,NULL,NULL,62,NULL,'25',10.00,327.00,1,0,2.08,'327',2.00,'pendiente',NULL,'2025-12-10 21:28:01','2025-12-10 21:28:04',NULL),(175860,'EL2512445',NULL,NULL,6308,1,14336,235091,'ETQ2512139.02',17,NULL,NULL,NULL,NULL,NULL,NULL,NULL,63,NULL,'25',10.00,317.00,2,0,4.04,'317',4.00,'pendiente',NULL,'2025-12-10 21:28:01','2025-12-10 21:28:04',NULL),(175861,'EL2512446',NULL,NULL,6308,1,14336,235091,'ETQ2512139.02',17,NULL,NULL,NULL,NULL,NULL,NULL,NULL,64,NULL,'25',10.00,292.00,1,0,1.86,'292',2.00,'pendiente',NULL,'2025-12-10 21:28:01','2025-12-10 21:28:04',NULL),(175862,'EL2512447',NULL,NULL,6308,1,14337,235090,'ETQ2512139.01',20,NULL,NULL,NULL,NULL,NULL,NULL,NULL,65,NULL,'25',10.00,127.00,4,0,3.24,'127',8.00,'pendiente',NULL,'2025-12-10 21:28:01','2025-12-10 21:28:04',NULL),(175863,'EL2512448',NULL,NULL,6308,1,14336,235091,'ETQ2512139.02',17,NULL,NULL,NULL,NULL,NULL,NULL,NULL,66,NULL,'25',10.00,107.00,6,0,4.09,'107',12.00,'pendiente',NULL,'2025-12-10 21:28:01','2025-12-10 21:28:04',NULL),(175864,'EL2512449',NULL,NULL,6308,1,14337,235090,'ETQ2512139.01',20,NULL,NULL,NULL,NULL,NULL,NULL,NULL,67,NULL,'25',10.00,99.00,5,0,3.16,'99',10.00,'pendiente',NULL,'2025-12-10 21:28:01','2025-12-10 21:28:04',NULL),(175865,'EL2512450',NULL,NULL,6308,1,14336,235091,'ETQ2512139.02',17,NULL,NULL,NULL,NULL,NULL,NULL,NULL,68,NULL,'25',10.00,97.00,1,0,0.62,'97',2.00,'pendiente',NULL,'2025-12-10 21:28:01','2025-12-10 21:28:04',NULL),(175866,'EL2512451',NULL,NULL,6309,1,14338,235117,'ETQ2512140.01',20,NULL,NULL,NULL,NULL,NULL,NULL,'1',1,NULL,'1',12.00,221.00,3,1,6.08,'20	90d	201',4.50,'pendiente',NULL,'2025-12-10 21:28:05','2025-12-10 21:28:09',NULL),(175867,'EL2512452',NULL,NULL,6309,1,14338,235117,'ETQ2512140.01',20,NULL,NULL,NULL,NULL,NULL,NULL,'1',2,NULL,'1',12.00,179.00,4,1,6.57,'20	90d	159',6.00,'pendiente',NULL,'2025-12-10 21:28:05','2025-12-10 21:28:09',NULL),(175868,'EL2512453',NULL,NULL,6309,1,14339,235118,'ETQ2512141.01',17,NULL,NULL,NULL,NULL,NULL,NULL,NULL,3,NULL,'2',12.00,284.00,3,0,7.82,'284',6.00,'pendiente',NULL,'2025-12-10 21:28:05','2025-12-10 21:28:09',NULL),(175869,'EL2512454',NULL,NULL,6309,1,14338,235119,'ETQ2512141.02',20,NULL,NULL,NULL,NULL,NULL,NULL,'1',4,NULL,'2',12.00,165.00,7,1,10.60,'20	90d	145',10.50,'pendiente',NULL,'2025-12-10 21:28:05','2025-12-10 21:28:09',NULL),(175870,'EL2512455',NULL,NULL,6309,1,14339,235120,'ETQ2512142.01',17,NULL,NULL,NULL,NULL,NULL,NULL,'1',5,NULL,'3',12.00,197.00,3,1,5.42,'20	90d	177',4.50,'pendiente',NULL,'2025-12-10 21:28:05','2025-12-10 21:28:09',NULL),(175871,'EL2512456',NULL,NULL,6309,1,14339,235120,'ETQ2512142.01',17,NULL,NULL,NULL,NULL,NULL,NULL,'1',6,NULL,'3',12.00,165.00,3,1,4.54,'20	90d	145',4.50,'pendiente',NULL,'2025-12-10 21:28:05','2025-12-10 21:28:09',NULL),(175872,'EL2512457',NULL,NULL,6309,1,14338,235121,'ETQ2512143.01',20,NULL,NULL,NULL,NULL,NULL,NULL,NULL,7,NULL,'4',12.00,284.00,3,0,7.82,'284',6.00,'pendiente',NULL,'2025-12-10 21:28:05','2025-12-10 21:28:09',NULL),(175873,'EL2512458',NULL,NULL,6309,1,14339,235122,'ETQ2512143.02',17,NULL,NULL,NULL,NULL,NULL,NULL,'1',8,NULL,'4',12.00,154.00,6,1,8.48,'20	90d	134',9.00,'pendiente',NULL,'2025-12-10 21:28:05','2025-12-10 21:28:09',NULL),(175874,'EL2512459',NULL,NULL,6309,1,14338,235123,'ETQ2512144.01',20,NULL,NULL,NULL,NULL,NULL,NULL,NULL,9,NULL,'5',12.00,284.00,6,0,15.64,'284',12.00,'pendiente',NULL,'2025-12-10 21:28:05','2025-12-10 21:28:09',NULL),(175875,'EL2512460',NULL,NULL,6309,1,14339,235124,'ETQ2512144.02',17,NULL,NULL,NULL,NULL,NULL,NULL,NULL,10,NULL,'5',12.00,268.00,6,0,14.75,'268',12.00,'pendiente',NULL,'2025-12-10 21:28:05','2025-12-10 21:28:09',NULL),(175876,'EL2512461',NULL,NULL,6309,1,14338,235125,'ETQ2512145.01',20,NULL,NULL,NULL,NULL,NULL,NULL,NULL,11,NULL,'6',12.00,284.00,6,0,15.64,'284',12.00,'pendiente',NULL,'2025-12-10 21:28:05','2025-12-10 21:28:09',NULL),(175877,'EL2512462',NULL,NULL,6309,1,14339,235126,'ETQ2512145.02',17,NULL,NULL,NULL,NULL,NULL,NULL,NULL,12,NULL,'6',12.00,248.00,7,0,15.93,'248',14.00,'pendiente',NULL,'2025-12-10 21:28:05','2025-12-10 21:28:09',NULL),(175878,'EL2512463',NULL,NULL,6309,1,14339,235127,'ETQ2512146.01',17,NULL,NULL,NULL,NULL,NULL,NULL,NULL,13,NULL,'7',12.00,284.00,3,0,7.82,'284',6.00,'pendiente',NULL,'2025-12-10 21:28:05','2025-12-10 21:28:09',NULL),(175879,'EL2512464',NULL,NULL,6309,1,14339,235127,'ETQ2512146.01',17,NULL,NULL,NULL,NULL,NULL,NULL,NULL,14,NULL,'7',12.00,248.00,4,0,9.10,'248',8.00,'pendiente',NULL,'2025-12-10 21:28:05','2025-12-10 21:28:09',NULL),(175880,'EL2512465',NULL,NULL,6309,1,14338,235128,'ETQ2512146.02',20,NULL,NULL,NULL,NULL,NULL,NULL,'1',15,NULL,'7',12.00,197.00,3,1,5.42,'20	90d	177',4.50,'pendiente',NULL,'2025-12-10 21:28:05','2025-12-10 21:28:09',NULL),(175881,'EL2512466',NULL,NULL,6309,1,14339,235127,'ETQ2512146.01',17,NULL,NULL,NULL,NULL,NULL,NULL,'1',16,NULL,'7',12.00,165.00,3,1,4.54,'20	90d	145',4.50,'pendiente',NULL,'2025-12-10 21:28:05','2025-12-10 21:28:09',NULL),(175882,'EL2512467',NULL,NULL,6309,1,14338,235129,'ETQ2512147.01',20,NULL,NULL,NULL,NULL,NULL,NULL,'1',17,NULL,'8',12.00,165.00,2,1,3.03,'20	90d	145',3.00,'pendiente',NULL,'2025-12-10 21:28:05','2025-12-10 21:28:09',NULL),(175883,'EL2512468',NULL,NULL,6309,1,14339,235130,'ETQ2512147.02',17,NULL,NULL,NULL,NULL,NULL,NULL,'1',18,NULL,'8',12.00,159.00,2,1,2.92,'20	90d	139',3.00,'pendiente',NULL,'2025-12-10 21:28:05','2025-12-10 21:28:09',NULL),(175884,'EL2512469',NULL,NULL,6309,1,14338,235131,'ETQ2512148.01',20,NULL,NULL,NULL,NULL,NULL,NULL,NULL,19,NULL,'9',12.00,284.00,3,0,7.82,'284',6.00,'pendiente',NULL,'2025-12-10 21:28:05','2025-12-10 21:28:09',NULL),(175885,'EL2512470',NULL,NULL,6309,1,14338,235131,'ETQ2512148.01',20,NULL,NULL,NULL,NULL,NULL,NULL,'1',20,NULL,'9',12.00,154.00,6,1,8.48,'20	90d	134',9.00,'pendiente',NULL,'2025-12-10 21:28:05','2025-12-10 21:28:09',NULL),(175886,'EL2512471',NULL,NULL,6309,1,14339,235132,'ETQ2512149.01',17,NULL,NULL,NULL,NULL,NULL,NULL,NULL,21,NULL,'10',12.00,284.00,6,0,15.64,'284',12.00,'pendiente',NULL,'2025-12-10 21:28:05','2025-12-10 21:28:09',NULL),(175887,'EL2512472',NULL,NULL,6309,1,14338,235133,'ETQ2512149.02',20,NULL,NULL,NULL,NULL,NULL,NULL,NULL,22,NULL,'10',12.00,268.00,6,0,14.75,'268',12.00,'pendiente',NULL,'2025-12-10 21:28:05','2025-12-10 21:28:09',NULL),(175888,'EL2512473',NULL,NULL,6309,1,14339,235134,'ETQ2512150.01',17,NULL,NULL,NULL,NULL,NULL,NULL,NULL,23,NULL,'11',12.00,284.00,5,0,13.03,'284',10.00,'pendiente',NULL,'2025-12-10 21:28:05','2025-12-10 21:28:09',NULL),(175889,'EL2512474',NULL,NULL,6309,1,14338,235135,'ETQ2512150.02',20,NULL,NULL,NULL,NULL,NULL,NULL,NULL,24,NULL,'11',12.00,248.00,6,0,13.65,'248',12.00,'pendiente',NULL,'2025-12-10 21:28:05','2025-12-10 21:28:09',NULL),(175890,'EL2512475',NULL,NULL,6309,1,14338,235136,'ETQ2512151.01',20,NULL,NULL,NULL,NULL,NULL,NULL,NULL,25,NULL,'12',12.00,284.00,6,0,15.64,'284',12.00,'pendiente',NULL,'2025-12-10 21:28:05','2025-12-10 21:28:09',NULL),(175891,'EL2512476',NULL,NULL,6309,1,14338,235136,'ETQ2512151.01',20,NULL,NULL,NULL,NULL,NULL,NULL,NULL,26,NULL,'12',12.00,248.00,6,0,13.65,'248',12.00,'pendiente',NULL,'2025-12-10 21:28:05','2025-12-10 21:28:09',NULL),(175892,'EL2512477',NULL,NULL,6309,1,14339,235137,'ETQ2512152.01',17,NULL,NULL,NULL,NULL,NULL,NULL,NULL,27,NULL,'13',12.00,284.00,2,0,5.21,'284',4.00,'pendiente',NULL,'2025-12-10 21:28:05','2025-12-10 21:28:09',NULL),(175893,'EL2512478',NULL,NULL,6309,1,14338,235138,'ETQ2512152.02',20,NULL,NULL,NULL,NULL,NULL,NULL,'1',28,NULL,'13',12.00,159.00,6,1,8.75,'20	90d	139',9.00,'pendiente',NULL,'2025-12-10 21:28:05','2025-12-10 21:28:09',NULL),(175894,'EL2512479',NULL,NULL,6309,1,14338,235139,'ETQ2512153.01',20,NULL,NULL,NULL,NULL,NULL,NULL,NULL,29,NULL,'14',12.00,284.00,2,0,5.21,'284',4.00,'pendiente',NULL,'2025-12-10 21:28:05','2025-12-10 21:28:09',NULL),(175895,'EL2512480',NULL,NULL,6309,1,14339,235140,'ETQ2512153.02',17,NULL,NULL,NULL,NULL,NULL,NULL,'1',30,NULL,'14',12.00,179.00,1,1,1.64,'20	90d	159',1.50,'pendiente',NULL,'2025-12-10 21:28:05','2025-12-10 21:28:09',NULL),(175896,'EL2512481',NULL,NULL,6309,1,14339,235140,'ETQ2512153.02',17,NULL,NULL,NULL,NULL,NULL,NULL,'1',31,NULL,'14',12.00,174.00,3,1,4.79,'20	90d	154',4.50,'pendiente',NULL,'2025-12-10 21:28:05','2025-12-10 21:28:09',NULL),(175897,'EL2512482',NULL,NULL,6309,1,14339,235140,'ETQ2512153.02',17,NULL,NULL,NULL,NULL,NULL,NULL,'1',32,NULL,'14',12.00,112.00,3,1,3.08,'20	90d	92',4.50,'pendiente',NULL,'2025-12-10 21:28:05','2025-12-10 21:28:09',NULL),(175898,'EL2512483',NULL,NULL,6309,1,14339,235140,'ETQ2512153.02',17,NULL,NULL,NULL,NULL,NULL,NULL,'1',33,NULL,'14',12.00,62.00,1,1,0.57,'20	90d	42',1.50,'pendiente',NULL,'2025-12-10 21:28:05','2025-12-10 21:28:09',NULL),(175899,'EL2512484',NULL,NULL,6309,1,14339,235141,'ETQ2512154.01',17,NULL,NULL,NULL,NULL,NULL,NULL,NULL,34,NULL,'15',12.00,284.00,4,0,10.42,'284',8.00,'pendiente',NULL,'2025-12-10 21:28:05','2025-12-10 21:28:09',NULL),(175900,'EL2512485',NULL,NULL,6309,1,14338,235142,'ETQ2512154.02',20,NULL,NULL,NULL,NULL,NULL,NULL,NULL,35,NULL,'15',12.00,248.00,5,0,11.38,'248',10.00,'pendiente',NULL,'2025-12-10 21:28:05','2025-12-10 21:28:09',NULL),(175901,'EL2512486',NULL,NULL,6309,1,14339,235141,'ETQ2512154.01',17,NULL,NULL,NULL,NULL,NULL,NULL,'1',36,NULL,'15',12.00,210.00,2,1,3.85,'20	90d	190',3.00,'pendiente',NULL,'2025-12-10 21:28:05','2025-12-10 21:28:09',NULL),(175902,'EL2512487',NULL,NULL,6309,1,14338,235142,'ETQ2512154.02',20,NULL,NULL,NULL,NULL,NULL,NULL,'1',37,NULL,'15',12.00,145.00,2,1,2.66,'20	90d	125',3.00,'pendiente',NULL,'2025-12-10 21:28:05','2025-12-10 21:28:09',NULL),(175903,'EL2512488',NULL,NULL,6309,1,14338,235143,'ETQ2512155.01',20,NULL,NULL,NULL,NULL,NULL,NULL,'1',38,NULL,'16',12.00,291.00,2,1,5.34,'20	90d	271',3.00,'pendiente',NULL,'2025-12-10 21:28:05','2025-12-10 21:28:09',NULL),(175904,'EL2512489',NULL,NULL,6309,1,14339,235144,'ETQ2512155.02',17,NULL,NULL,NULL,NULL,NULL,NULL,'1',39,NULL,'16',12.00,160.00,6,1,8.81,'20	90d	140',9.00,'pendiente',NULL,'2025-12-10 21:28:05','2025-12-10 21:28:09',NULL),(175905,'EL2512490',NULL,NULL,6309,1,14338,235145,'ETQ2512156.01',20,NULL,NULL,NULL,NULL,NULL,NULL,NULL,40,NULL,'17',12.00,324.00,7,0,20.81,'324',14.00,'pendiente',NULL,'2025-12-10 21:28:05','2025-12-10 21:28:09',NULL),(175906,'EL2512491',NULL,NULL,6309,1,14339,235146,'ETQ2512156.02',17,NULL,NULL,NULL,NULL,NULL,NULL,NULL,41,NULL,'17',12.00,284.00,8,0,20.85,'284',16.00,'pendiente',NULL,'2025-12-10 21:28:05','2025-12-10 21:28:09',NULL),(175907,'EL2512492',NULL,NULL,6309,1,14338,235147,'ETQ2512157.01',20,NULL,NULL,NULL,NULL,NULL,NULL,'1',42,NULL,'18',12.00,160.00,2,1,2.94,'20	90d	140',3.00,'pendiente',NULL,'2025-12-10 21:28:05','2025-12-10 21:28:09',NULL),(175908,'EL2512493',NULL,NULL,6309,1,14339,235148,'ETQ2512157.02',17,NULL,NULL,NULL,NULL,NULL,NULL,'1',43,NULL,'18',12.00,149.00,2,1,2.73,'20	90d	129',3.00,'pendiente',NULL,'2025-12-10 21:28:05','2025-12-10 21:28:09',NULL),(175909,'EL2512494',NULL,NULL,6309,1,14339,235149,'ETQ2512158.01',17,NULL,NULL,NULL,NULL,NULL,NULL,NULL,44,NULL,'19',12.00,268.00,2,0,4.92,'268',4.00,'pendiente',NULL,'2025-12-10 21:28:05','2025-12-10 21:28:09',NULL),(175910,'EL2512495',NULL,NULL,6309,1,14339,235149,'ETQ2512158.01',17,NULL,NULL,NULL,NULL,NULL,NULL,'1',45,NULL,'19',12.00,160.00,6,1,8.81,'20	90d	140',9.00,'pendiente',NULL,'2025-12-10 21:28:05','2025-12-10 21:28:09',NULL),(175911,'EL2512496',NULL,NULL,6309,1,14338,235150,'ETQ2512159.01',20,NULL,NULL,NULL,NULL,NULL,NULL,NULL,46,NULL,'20',12.00,284.00,5,0,13.03,'284',10.00,'pendiente',NULL,'2025-12-10 21:28:05','2025-12-10 21:28:09',NULL),(175912,'EL2512497',NULL,NULL,6309,1,14339,235151,'ETQ2512159.02',17,NULL,NULL,NULL,NULL,NULL,NULL,NULL,47,NULL,'20',12.00,248.00,6,0,13.65,'248',12.00,'pendiente',NULL,'2025-12-10 21:28:05','2025-12-10 21:28:09',NULL),(175913,'EL2512498',NULL,NULL,6309,1,14339,235152,'ETQ2512160.01',17,NULL,NULL,NULL,NULL,NULL,NULL,NULL,48,NULL,'21',12.00,284.00,2,0,5.21,'284',4.00,'pendiente',NULL,'2025-12-10 21:28:05','2025-12-10 21:28:09',NULL),(175914,'EL2512499',NULL,NULL,6309,1,14339,235152,'ETQ2512160.01',17,NULL,NULL,NULL,NULL,NULL,NULL,NULL,49,NULL,'21',12.00,248.00,3,0,6.83,'248',6.00,'pendiente',NULL,'2025-12-10 21:28:05','2025-12-10 21:28:09',NULL),(175915,'EL2512500',NULL,NULL,6309,1,14338,235153,'ETQ2512160.02',20,NULL,NULL,NULL,NULL,NULL,NULL,'1',50,NULL,'21',12.00,216.00,2,1,3.96,'20	90d	196',3.00,'pendiente',NULL,'2025-12-10 21:28:05','2025-12-10 21:28:09',NULL),(175916,'EL2512501',NULL,NULL,6309,1,14339,235152,'ETQ2512160.01',17,NULL,NULL,NULL,NULL,NULL,NULL,'1',51,NULL,'21',12.00,197.00,1,1,1.81,'20	90d	177',1.50,'pendiente',NULL,'2025-12-10 21:28:05','2025-12-10 21:28:09',NULL),(175917,'EL2512502',NULL,NULL,6309,1,14338,235153,'ETQ2512160.02',20,NULL,NULL,NULL,NULL,NULL,NULL,'1',52,NULL,'21',12.00,174.00,1,1,1.60,'20	90d	154',1.50,'pendiente',NULL,'2025-12-10 21:28:05','2025-12-10 21:28:09',NULL),(175918,'EL2512503',NULL,NULL,6309,1,14338,235153,'ETQ2512160.02',20,NULL,NULL,NULL,NULL,NULL,NULL,'1',53,NULL,'21',12.00,168.00,2,1,3.08,'20	90d	148',3.00,'pendiente',NULL,'2025-12-10 21:28:05','2025-12-10 21:28:09',NULL),(175919,'EL2512504',NULL,NULL,6309,1,14339,235152,'ETQ2512160.01',17,NULL,NULL,NULL,NULL,NULL,NULL,'1',54,NULL,'21',12.00,114.00,2,1,2.09,'20	90d	94',3.00,'pendiente',NULL,'2025-12-10 21:28:05','2025-12-10 21:28:09',NULL),(175920,'EL2512505',NULL,NULL,6309,1,14338,235154,'ETQ2512161.01',20,NULL,NULL,NULL,NULL,NULL,NULL,NULL,55,NULL,'22',12.00,248.00,2,0,4.55,'248',4.00,'pendiente',NULL,'2025-12-10 21:28:05','2025-12-10 21:28:09',NULL),(175921,'EL2512506',NULL,NULL,6309,1,14339,235155,'ETQ2512161.02',17,NULL,NULL,NULL,NULL,NULL,NULL,'1',56,NULL,'22',12.00,159.00,6,1,8.75,'20	90d	139',9.00,'pendiente',NULL,'2025-12-10 21:28:05','2025-12-10 21:28:09',NULL),(175922,'EL2512507',NULL,NULL,6309,1,14338,235156,'ETQ2512162.01',20,NULL,NULL,NULL,NULL,NULL,NULL,NULL,57,NULL,'23',12.00,248.00,2,0,4.55,'248',4.00,'pendiente',NULL,'2025-12-10 21:28:05','2025-12-10 21:28:09',NULL),(175923,'EL2512508',NULL,NULL,6309,1,14338,235156,'ETQ2512162.01',20,NULL,NULL,NULL,NULL,NULL,NULL,'1',58,NULL,'23',12.00,159.00,6,1,8.75,'20	90d	139',9.00,'pendiente',NULL,'2025-12-10 21:28:05','2025-12-10 21:28:09',NULL),(175924,'EL2512509',NULL,NULL,6309,1,14338,235157,'ETQ2512163.01',20,NULL,NULL,NULL,NULL,NULL,NULL,'1',59,NULL,'24',12.00,160.00,2,1,2.94,'20	90d	140',3.00,'pendiente',NULL,'2025-12-10 21:28:05','2025-12-10 21:28:09',NULL),(175925,'EL2512510',NULL,NULL,6309,1,14339,235158,'ETQ2512163.02',17,NULL,NULL,NULL,NULL,NULL,NULL,'1',60,NULL,'24',12.00,159.00,2,1,2.92,'20	90d	139',3.00,'pendiente',NULL,'2025-12-10 21:28:05','2025-12-10 21:28:09',NULL),(175926,'EL2512511',NULL,NULL,6309,1,14339,235159,'ETQ2512164.01',17,NULL,NULL,NULL,NULL,NULL,NULL,NULL,61,NULL,'25',12.00,456.00,4,0,16.74,'456',8.00,'pendiente',NULL,'2025-12-10 21:28:05','2025-12-10 21:28:09',NULL),(175927,'EL2512512',NULL,NULL,6309,1,14339,235159,'ETQ2512164.01',17,NULL,NULL,NULL,NULL,NULL,NULL,NULL,62,NULL,'25',12.00,436.00,3,0,12.00,'436',6.00,'pendiente',NULL,'2025-12-10 21:28:05','2025-12-10 21:28:09',NULL),(175928,'EL2512513',NULL,NULL,6309,1,14338,235160,'ETQ2512164.02',20,NULL,NULL,NULL,NULL,NULL,NULL,'1',63,NULL,'25',12.00,372.00,1,1,3.41,'20	90d	352',1.50,'pendiente',NULL,'2025-12-10 21:28:05','2025-12-10 21:28:09',NULL),(175929,'EL2512514',NULL,NULL,6309,1,14339,235159,'ETQ2512164.01',17,NULL,NULL,NULL,NULL,NULL,NULL,'1',64,NULL,'25',12.00,362.00,2,1,6.64,'20	90d	342',3.00,'pendiente',NULL,'2025-12-10 21:28:05','2025-12-10 21:28:09',NULL),(175930,'EL2512515',NULL,NULL,6309,1,14338,235160,'ETQ2512164.02',20,NULL,NULL,NULL,NULL,NULL,NULL,'1',65,NULL,'25',12.00,337.00,1,1,3.09,'20	90d	317',1.50,'pendiente',NULL,'2025-12-10 21:28:05','2025-12-10 21:28:09',NULL),(175931,'EL2512516',NULL,NULL,6309,1,14338,235160,'ETQ2512164.02',20,NULL,NULL,NULL,NULL,NULL,NULL,'1',66,NULL,'25',12.00,172.00,4,1,6.31,'20	90d	152',6.00,'pendiente',NULL,'2025-12-10 21:28:05','2025-12-10 21:28:09',NULL),(175932,'EL2512517',NULL,NULL,6309,1,14338,235160,'ETQ2512164.02',20,NULL,NULL,NULL,NULL,NULL,NULL,'1',67,NULL,'25',12.00,152.00,6,1,8.37,'20	90d	132',9.00,'pendiente',NULL,'2025-12-10 21:28:05','2025-12-10 21:28:09',NULL),(175933,'EL2512518',NULL,NULL,6309,1,14339,235159,'ETQ2512164.01',17,NULL,NULL,NULL,NULL,NULL,NULL,'1',68,NULL,'25',12.00,144.00,5,1,6.61,'20	90d	124',7.50,'pendiente',NULL,'2025-12-10 21:28:05','2025-12-10 21:28:09',NULL),(175934,'EL2512519',NULL,NULL,6309,1,14338,235160,'ETQ2512164.02',20,NULL,NULL,NULL,NULL,NULL,NULL,'1',69,NULL,'25',12.00,142.00,1,1,1.30,'20	90d	122',1.50,'pendiente',NULL,'2025-12-10 21:28:05','2025-12-10 21:28:09',NULL),(175935,'EL2512520',NULL,NULL,6309,1,14338,235161,'ETQ2512164.03',20,NULL,NULL,NULL,NULL,NULL,NULL,'1',70,NULL,'25',12.00,64.00,5,1,2.94,'20	90d	44',7.50,'pendiente',NULL,'2025-12-10 21:28:05','2025-12-10 21:28:09',NULL),(175936,'EL2512521',NULL,NULL,6310,1,14340,235172,'ETQ2512165.01',17,NULL,NULL,NULL,NULL,NULL,NULL,NULL,1,NULL,'1',10.00,166.00,3,0,3.18,'166',6.00,'pendiente',NULL,'2025-12-10 21:28:09','2025-12-10 21:28:11',NULL),(175937,'EL2512522',NULL,NULL,6310,1,14341,235173,'ETQ2512165.02',20,NULL,NULL,NULL,NULL,NULL,NULL,NULL,2,NULL,'1',10.00,148.00,4,0,3.77,'148',8.00,'pendiente',NULL,'2025-12-10 21:28:09','2025-12-10 21:28:11',NULL),(175938,'EL2512523',NULL,NULL,6310,1,14341,235174,'ETQ2512166.01',20,NULL,NULL,NULL,NULL,NULL,NULL,NULL,3,NULL,'2',10.00,166.00,4,0,4.23,'166',8.00,'pendiente',NULL,'2025-12-10 21:28:09','2025-12-10 21:28:11',NULL),(175939,'EL2512524',NULL,NULL,6310,1,14340,235175,'ETQ2512166.02',17,NULL,NULL,NULL,NULL,NULL,NULL,NULL,4,NULL,'2',10.00,165.00,4,0,4.21,'165',8.00,'pendiente',NULL,'2025-12-10 21:28:09','2025-12-10 21:28:11',NULL),(175940,'EL2512525',NULL,NULL,6310,1,14340,235176,'ETQ2512167.01',17,NULL,NULL,NULL,NULL,NULL,NULL,NULL,5,NULL,'3',10.00,198.00,3,0,3.79,'198',6.00,'pendiente',NULL,'2025-12-10 21:28:09','2025-12-10 21:28:11',NULL),(175941,'EL2512526',NULL,NULL,6310,1,14341,235177,'ETQ2512167.02',20,NULL,NULL,NULL,NULL,NULL,NULL,NULL,6,NULL,'3',10.00,148.00,6,0,5.66,'148',12.00,'pendiente',NULL,'2025-12-10 21:28:09','2025-12-10 21:28:11',NULL),(175942,'EL2512527',NULL,NULL,6310,1,14341,235178,'ETQ2512168.01',20,NULL,NULL,NULL,NULL,NULL,NULL,NULL,7,NULL,'4',10.00,234.00,3,0,4.48,'234',6.00,'pendiente',NULL,'2025-12-10 21:28:09','2025-12-10 21:28:11',NULL),(175943,'EL2512528',NULL,NULL,6310,1,14340,235179,'ETQ2512168.02',17,NULL,NULL,NULL,NULL,NULL,NULL,NULL,8,NULL,'4',10.00,109.00,6,0,4.17,'109',12.00,'pendiente',NULL,'2025-12-10 21:28:09','2025-12-10 21:28:11',NULL),(175944,'EL2512529',NULL,NULL,6310,1,14341,235180,'ETQ2512169.01',20,NULL,NULL,NULL,NULL,NULL,NULL,NULL,9,NULL,'5',10.00,198.00,3,0,3.79,'198',6.00,'pendiente',NULL,'2025-12-10 21:28:09','2025-12-10 21:28:11',NULL),(175945,'EL2512530',NULL,NULL,6310,1,14340,235181,'ETQ2512169.02',17,NULL,NULL,NULL,NULL,NULL,NULL,NULL,10,NULL,'5',10.00,148.00,6,0,5.66,'148',12.00,'pendiente',NULL,'2025-12-10 21:28:09','2025-12-10 21:28:11',NULL),(175946,'EL2512531',NULL,NULL,6310,1,14340,235182,'ETQ2512170.01',17,NULL,NULL,NULL,NULL,NULL,NULL,NULL,11,NULL,'6',10.00,234.00,3,0,4.48,'234',6.00,'pendiente',NULL,'2025-12-10 21:28:09','2025-12-10 21:28:11',NULL),(175947,'EL2512532',NULL,NULL,6310,1,14340,235182,'ETQ2512170.01',17,NULL,NULL,NULL,NULL,NULL,NULL,NULL,12,NULL,'6',10.00,109.00,6,0,4.17,'109',12.00,'pendiente',NULL,'2025-12-10 21:28:09','2025-12-10 21:28:11',NULL),(175948,'EL2512533',NULL,NULL,6310,1,14341,235183,'ETQ2512171.01',20,NULL,NULL,NULL,NULL,NULL,NULL,NULL,13,NULL,'7',10.00,234.00,3,0,4.48,'234',6.00,'pendiente',NULL,'2025-12-10 21:28:09','2025-12-10 21:28:11',NULL),(175949,'EL2512534',NULL,NULL,6310,1,14340,235184,'ETQ2512171.02',17,NULL,NULL,NULL,NULL,NULL,NULL,NULL,14,NULL,'7',10.00,112.00,6,0,4.28,'112',12.00,'pendiente',NULL,'2025-12-10 21:28:09','2025-12-10 21:28:11',NULL),(175950,'EL2512535',NULL,NULL,6310,1,14340,235185,'ETQ2512172.01',17,NULL,NULL,NULL,NULL,NULL,NULL,NULL,15,NULL,'8',10.00,234.00,2,0,2.98,'234',4.00,'pendiente',NULL,'2025-12-10 21:28:09','2025-12-10 21:28:11',NULL),(175951,'EL2512536',NULL,NULL,6310,1,14340,235185,'ETQ2512172.01',17,NULL,NULL,NULL,NULL,NULL,NULL,NULL,16,NULL,'8',10.00,89.00,6,0,3.40,'89',12.00,'pendiente',NULL,'2025-12-10 21:28:09','2025-12-10 21:28:11',NULL),(175952,'EL2512537',NULL,NULL,6310,1,14341,235186,'ETQ2512173.01',20,NULL,NULL,NULL,NULL,NULL,NULL,NULL,17,NULL,'9',10.00,118.00,2,0,1.50,'118',4.00,'pendiente',NULL,'2025-12-10 21:28:09','2025-12-10 21:28:11',NULL),(175953,'EL2512538',NULL,NULL,6310,1,14341,235186,'ETQ2512173.01',20,NULL,NULL,NULL,NULL,NULL,NULL,NULL,18,NULL,'9',10.00,89.00,2,0,1.13,'89',4.00,'pendiente',NULL,'2025-12-10 21:28:09','2025-12-10 21:28:11',NULL),(175954,'EL2512539',NULL,NULL,6310,1,14340,235187,'ETQ2512174.01',17,NULL,NULL,NULL,NULL,NULL,NULL,NULL,19,NULL,'10',10.00,115.00,3,0,2.20,'115',6.00,'pendiente',NULL,'2025-12-10 21:28:09','2025-12-10 21:28:11',NULL),(175955,'EL2512540',NULL,NULL,6310,1,14341,235188,'ETQ2512174.02',20,NULL,NULL,NULL,NULL,NULL,NULL,NULL,20,NULL,'10',10.00,112.00,2,0,1.43,'112',4.00,'pendiente',NULL,'2025-12-10 21:28:09','2025-12-10 21:28:11',NULL),(175956,'EL2512541',NULL,NULL,6311,1,14342,235199,'ETQ2512175.01',20,NULL,NULL,NULL,NULL,NULL,NULL,'1',1,NULL,'1',12.00,211.00,3,1,5.81,'20	90d	191',4.50,'pendiente',NULL,'2025-12-10 21:28:11','2025-12-10 21:28:12',NULL),(175957,'EL2512542',NULL,NULL,6311,1,14342,235199,'ETQ2512175.01',20,NULL,NULL,NULL,NULL,NULL,NULL,'1',2,NULL,'1',12.00,193.00,4,1,7.08,'20	90d	173',6.00,'pendiente',NULL,'2025-12-10 21:28:11','2025-12-10 21:28:12',NULL),(175958,'EL2512543',NULL,NULL,6311,1,14343,235200,'ETQ2512176.01',17,NULL,NULL,NULL,NULL,NULL,NULL,'1',3,NULL,'2',12.00,211.00,4,1,7.74,'20	90d	191',6.00,'pendiente',NULL,'2025-12-10 21:28:11','2025-12-10 21:28:12',NULL),(175959,'EL2512544',NULL,NULL,6311,1,14343,235200,'ETQ2512176.01',17,NULL,NULL,NULL,NULL,NULL,NULL,'1',4,NULL,'2',12.00,210.00,4,1,7.71,'20	90d	190',6.00,'pendiente',NULL,'2025-12-10 21:28:11','2025-12-10 21:28:12',NULL),(175960,'EL2512545',NULL,NULL,6311,1,14343,235201,'ETQ2512177.01',17,NULL,NULL,NULL,NULL,NULL,NULL,NULL,5,NULL,'3',12.00,248.00,3,0,6.83,'248',6.00,'pendiente',NULL,'2025-12-10 21:28:11','2025-12-10 21:28:12',NULL),(175961,'EL2512546',NULL,NULL,6311,1,14342,235202,'ETQ2512177.02',20,NULL,NULL,NULL,NULL,NULL,NULL,'1',6,NULL,'3',12.00,193.00,6,1,10.63,'20	90d	173',9.00,'pendiente',NULL,'2025-12-10 21:28:11','2025-12-10 21:28:12',NULL),(175962,'EL2512547',NULL,NULL,6311,1,14343,235203,'ETQ2512178.01',17,NULL,NULL,NULL,NULL,NULL,NULL,NULL,7,NULL,'4',12.00,284.00,3,0,7.82,'284',6.00,'pendiente',NULL,'2025-12-10 21:28:11','2025-12-10 21:28:12',NULL),(175963,'EL2512548',NULL,NULL,6311,1,14343,235203,'ETQ2512178.01',17,NULL,NULL,NULL,NULL,NULL,NULL,'1',8,NULL,'4',12.00,154.00,6,1,8.48,'20	90d	134',9.00,'pendiente',NULL,'2025-12-10 21:28:11','2025-12-10 21:28:12',NULL),(175964,'EL2512549',NULL,NULL,6311,1,14342,235204,'ETQ2512179.01',20,NULL,NULL,NULL,NULL,NULL,NULL,NULL,9,NULL,'5',12.00,248.00,3,0,6.83,'248',6.00,'pendiente',NULL,'2025-12-10 21:28:11','2025-12-10 21:28:12',NULL),(175965,'EL2512550',NULL,NULL,6311,1,14343,235205,'ETQ2512179.02',17,NULL,NULL,NULL,NULL,NULL,NULL,'1',10,NULL,'5',12.00,193.00,6,1,10.63,'20	90d	173',9.00,'pendiente',NULL,'2025-12-10 21:28:11','2025-12-10 21:28:12',NULL),(175966,'EL2512551',NULL,NULL,6311,1,14342,235206,'ETQ2512180.01',20,NULL,NULL,NULL,NULL,NULL,NULL,NULL,11,NULL,'6',12.00,284.00,3,0,7.82,'284',6.00,'pendiente',NULL,'2025-12-10 21:28:11','2025-12-10 21:28:12',NULL),(175967,'EL2512552',NULL,NULL,6311,1,14342,235206,'ETQ2512180.01',20,NULL,NULL,NULL,NULL,NULL,NULL,'1',12,NULL,'6',12.00,154.00,6,1,8.48,'20	90d	134',9.00,'pendiente',NULL,'2025-12-10 21:28:11','2025-12-10 21:28:12',NULL),(175968,'EL2512553',NULL,NULL,6311,1,14343,235207,'ETQ2512181.01',17,NULL,NULL,NULL,NULL,NULL,NULL,NULL,13,NULL,'7',12.00,284.00,3,0,7.82,'284',6.00,'pendiente',NULL,'2025-12-10 21:28:11','2025-12-10 21:28:12',NULL),(175969,'EL2512554',NULL,NULL,6311,1,14342,235208,'ETQ2512181.02',20,NULL,NULL,NULL,NULL,NULL,NULL,'1',14,NULL,'7',12.00,157.00,6,1,8.64,'20	90d	137',9.00,'pendiente',NULL,'2025-12-10 21:28:11','2025-12-10 21:28:12',NULL),(175970,'EL2512555',NULL,NULL,6311,1,14342,235209,'ETQ2512182.01',20,NULL,NULL,NULL,NULL,NULL,NULL,NULL,15,NULL,'8',12.00,284.00,2,0,5.21,'284',4.00,'pendiente',NULL,'2025-12-10 21:28:11','2025-12-10 21:28:12',NULL),(175971,'EL2512556',NULL,NULL,6311,1,14343,235210,'ETQ2512182.02',17,NULL,NULL,NULL,NULL,NULL,NULL,'1',16,NULL,'8',12.00,134.00,6,1,7.38,'20	90d	114',9.00,'pendiente',NULL,'2025-12-10 21:28:11','2025-12-10 21:28:12',NULL),(175972,'EL2512557',NULL,NULL,6311,1,14342,235211,'ETQ2512183.01',20,NULL,NULL,NULL,NULL,NULL,NULL,'1',17,NULL,'9',12.00,163.00,2,1,2.99,'20	90d	143',3.00,'pendiente',NULL,'2025-12-10 21:28:11','2025-12-10 21:28:12',NULL),(175973,'EL2512558',NULL,NULL,6311,1,14342,235211,'ETQ2512183.01',20,NULL,NULL,NULL,NULL,NULL,NULL,'1',18,NULL,'9',12.00,134.00,2,1,2.46,'20	90d	114',3.00,'pendiente',NULL,'2025-12-10 21:28:11','2025-12-10 21:28:12',NULL),(175974,'EL2512559',NULL,NULL,6311,1,14342,235212,'ETQ2512184.01',20,NULL,NULL,NULL,NULL,NULL,NULL,'1',19,NULL,'10',12.00,160.00,3,1,4.40,'20	90d	140',4.50,'pendiente',NULL,'2025-12-10 21:28:11','2025-12-10 21:28:12',NULL),(175975,'EL2512560',NULL,NULL,6311,1,14343,235213,'ETQ2512184.02',17,NULL,NULL,NULL,NULL,NULL,NULL,'1',20,NULL,'10',12.00,157.00,2,1,2.88,'20	90d	137',3.00,'pendiente',NULL,'2025-12-10 21:28:11','2025-12-10 21:28:12',NULL),(175976,'EL2512561',NULL,NULL,6312,1,14344,235221,'ETQ2512185.01',20,NULL,NULL,NULL,NULL,NULL,NULL,NULL,1,NULL,'1',10.00,380.00,1,0,2.42,'380',2.00,'pendiente',NULL,'2025-12-10 21:28:12','2025-12-10 21:28:14',NULL),(175977,'EL2512562',NULL,NULL,6312,1,14345,235222,'ETQ2512185.02',17,NULL,NULL,NULL,NULL,NULL,NULL,NULL,2,NULL,'1',10.00,320.00,3,0,6.12,'320',6.00,'pendiente',NULL,'2025-12-10 21:28:12','2025-12-10 21:28:14',NULL),(175978,'EL2512563',NULL,NULL,6312,1,14344,235221,'ETQ2512185.01',20,NULL,NULL,NULL,NULL,NULL,NULL,NULL,3,NULL,'1',12.00,370.00,1,0,3.40,'370',2.00,'pendiente',NULL,'2025-12-10 21:28:12','2025-12-10 21:28:14',NULL),(175979,'EL2512564',NULL,NULL,6312,1,14344,235221,'ETQ2512185.01',20,NULL,NULL,NULL,NULL,NULL,NULL,NULL,4,NULL,'1',8.00,375.00,1,0,1.53,'375',2.00,'pendiente',NULL,'2025-12-10 21:28:12','2025-12-10 21:28:14',NULL),(175980,'EL2512565',NULL,NULL,6312,1,14345,235222,'ETQ2512185.02',17,NULL,NULL,NULL,NULL,NULL,NULL,NULL,5,NULL,'1',8.00,370.00,1,0,1.51,'370',2.00,'pendiente',NULL,'2025-12-10 21:28:12','2025-12-10 21:28:14',NULL),(175981,'EL2512566',NULL,NULL,6312,1,14345,235222,'ETQ2512185.02',17,NULL,NULL,NULL,NULL,NULL,NULL,NULL,6,NULL,'1',8.00,350.00,1,0,1.43,'350',2.00,'pendiente',NULL,'2025-12-10 21:28:12','2025-12-10 21:28:14',NULL),(175982,'EL2512567',NULL,NULL,6312,1,14344,235221,'ETQ2512185.01',20,NULL,NULL,NULL,NULL,NULL,NULL,NULL,7,NULL,'1',8.00,280.00,4,0,4.57,'280',8.00,'pendiente',NULL,'2025-12-10 21:28:12','2025-12-10 21:28:14',NULL),(175983,'EL2512568',NULL,NULL,6312,1,14345,235222,'ETQ2512185.02',17,NULL,NULL,NULL,NULL,NULL,NULL,NULL,8,NULL,'1',8.00,265.00,2,0,2.16,'265',4.00,'pendiente',NULL,'2025-12-10 21:28:12','2025-12-10 21:28:14',NULL),(175984,'EL2512569',NULL,NULL,6312,1,14345,235223,'ETQ2512186.01',17,NULL,NULL,NULL,NULL,NULL,NULL,NULL,9,NULL,'2',8.00,245.00,2,0,2.00,'245',4.00,'pendiente',NULL,'2025-12-10 21:28:12','2025-12-10 21:28:14',NULL),(175985,'EL2512570',NULL,NULL,6312,1,14345,235223,'ETQ2512186.01',17,NULL,NULL,NULL,NULL,NULL,NULL,NULL,10,NULL,'2',8.00,235.00,2,0,1.92,'235',4.00,'pendiente',NULL,'2025-12-10 21:28:12','2025-12-10 21:28:14',NULL),(175986,'EL2512571',NULL,NULL,6312,1,14344,235224,'ETQ2512186.02',20,NULL,NULL,NULL,NULL,NULL,NULL,NULL,11,NULL,'2',8.00,215.00,2,0,1.76,'215',4.00,'pendiente',NULL,'2025-12-10 21:28:12','2025-12-10 21:28:14',NULL),(175987,'EL2512572',NULL,NULL,6312,1,14344,235224,'ETQ2512186.02',20,NULL,NULL,NULL,NULL,NULL,NULL,NULL,12,NULL,'2',8.00,140.00,1,0,0.57,'140',2.00,'pendiente',NULL,'2025-12-10 21:28:12','2025-12-10 21:28:14',NULL),(175988,'EL2512573',NULL,NULL,6312,1,14345,235225,'ETQ2512187.01',17,NULL,NULL,NULL,NULL,NULL,NULL,NULL,13,NULL,'3',10.00,340.00,1,0,2.17,'340',2.00,'pendiente',NULL,'2025-12-10 21:28:12','2025-12-10 21:28:14',NULL),(175989,'EL2512574',NULL,NULL,6312,1,14345,235225,'ETQ2512187.01',17,NULL,NULL,NULL,NULL,NULL,NULL,NULL,14,NULL,'3',8.00,355.00,1,0,1.45,'355',2.00,'pendiente',NULL,'2025-12-10 21:28:12','2025-12-10 21:28:14',NULL),(175990,'EL2512575',NULL,NULL,6312,1,14345,235225,'ETQ2512187.01',17,NULL,NULL,NULL,NULL,NULL,NULL,NULL,15,NULL,'3',8.00,345.00,1,0,1.41,'345',2.00,'pendiente',NULL,'2025-12-10 21:28:12','2025-12-10 21:28:14',NULL),(175991,'EL2512576',NULL,NULL,6312,1,14344,235226,'ETQ2512187.02',20,NULL,NULL,NULL,NULL,NULL,NULL,NULL,16,NULL,'3',8.00,290.00,1,0,1.18,'290',2.00,'pendiente',NULL,'2025-12-10 21:28:12','2025-12-10 21:28:14',NULL),(175992,'EL2512577',NULL,NULL,6312,1,14345,235225,'ETQ2512187.01',17,NULL,NULL,NULL,NULL,NULL,NULL,NULL,17,NULL,'3',8.00,260.00,1,0,1.06,'260',2.00,'pendiente',NULL,'2025-12-10 21:28:12','2025-12-10 21:28:14',NULL),(175993,'EL2512578',NULL,NULL,6312,1,14345,235225,'ETQ2512187.01',17,NULL,NULL,NULL,NULL,NULL,NULL,NULL,18,NULL,'3',8.00,100.00,1,0,0.41,'100',2.00,'pendiente',NULL,'2025-12-10 21:28:12','2025-12-10 21:28:14',NULL),(175994,'EL2512579',NULL,NULL,6312,1,14344,235227,'ETQ2512188.01',20,NULL,NULL,NULL,NULL,NULL,NULL,NULL,19,NULL,'4',8.00,275.00,8,0,8.98,'275',16.00,'pendiente',NULL,'2025-12-10 21:28:12','2025-12-10 21:28:14',NULL),(175995,'EL2512580',NULL,NULL,6312,1,14344,235228,'ETQ2512189.01',20,NULL,NULL,NULL,NULL,NULL,NULL,NULL,20,NULL,'5',10.00,405.00,1,0,2.58,'405',2.00,'pendiente',NULL,'2025-12-10 21:28:12','2025-12-10 21:28:14',NULL),(175996,'EL2512581',NULL,NULL,6312,1,14345,235229,'ETQ2512189.02',17,NULL,NULL,NULL,NULL,NULL,NULL,'1',21,NULL,'5',10.00,330.00,2,1,4.21,'20	90d	310',3.00,'pendiente',NULL,'2025-12-10 21:28:12','2025-12-10 21:28:14',NULL),(175997,'EL2512582',NULL,NULL,6312,1,14345,235229,'ETQ2512189.02',17,NULL,NULL,NULL,NULL,NULL,NULL,NULL,22,NULL,'5',10.00,325.00,1,0,2.07,'325',2.00,'pendiente',NULL,'2025-12-10 21:28:12','2025-12-10 21:28:14',NULL),(175998,'EL2512583',NULL,NULL,6312,1,14344,235228,'ETQ2512189.01',20,NULL,NULL,NULL,NULL,NULL,NULL,NULL,23,NULL,'5',10.00,315.00,1,0,2.01,'315',2.00,'pendiente',NULL,'2025-12-10 21:28:12','2025-12-10 21:28:14',NULL),(175999,'EL2512584',NULL,NULL,6312,1,14344,235228,'ETQ2512189.01',20,NULL,NULL,NULL,NULL,NULL,NULL,NULL,24,NULL,'5',8.00,395.00,1,0,1.61,'395',2.00,'pendiente',NULL,'2025-12-10 21:28:12','2025-12-10 21:28:14',NULL),(176000,'EL2512585',NULL,NULL,6312,1,14345,235229,'ETQ2512189.02',17,NULL,NULL,NULL,NULL,NULL,NULL,NULL,25,NULL,'5',8.00,360.00,2,0,2.94,'360',4.00,'pendiente',NULL,'2025-12-10 21:28:12','2025-12-10 21:28:14',NULL),(176001,'EL2512586',NULL,NULL,6312,1,14344,235228,'ETQ2512189.01',20,NULL,NULL,NULL,NULL,NULL,NULL,NULL,26,NULL,'5',8.00,330.00,2,0,2.69,'330',4.00,'pendiente',NULL,'2025-12-10 21:28:12','2025-12-10 21:28:14',NULL),(176002,'EL2512587',NULL,NULL,6312,1,14344,235228,'ETQ2512189.01',20,NULL,NULL,NULL,NULL,NULL,NULL,NULL,27,NULL,'5',8.00,285.00,2,0,2.33,'285',4.00,'pendiente',NULL,'2025-12-10 21:28:12','2025-12-10 21:28:14',NULL),(176003,'EL2512588',NULL,NULL,6312,1,14345,235229,'ETQ2512189.02',17,NULL,NULL,NULL,NULL,NULL,NULL,NULL,28,NULL,'5',8.00,235.00,1,0,0.96,'235',2.00,'pendiente',NULL,'2025-12-10 21:28:12','2025-12-10 21:28:14',NULL),(176004,'EL2512589',NULL,NULL,6312,1,14345,235229,'ETQ2512189.02',17,NULL,NULL,NULL,NULL,NULL,NULL,NULL,29,NULL,'5',8.00,130.00,1,0,0.53,'130',2.00,'pendiente',NULL,'2025-12-10 21:28:12','2025-12-10 21:28:14',NULL),(176005,'EL2512590',NULL,NULL,6312,1,14345,235230,'ETQ2512190.01',17,NULL,NULL,NULL,NULL,NULL,NULL,NULL,30,NULL,'6',8.00,295.00,4,0,4.82,'295',8.00,'pendiente',NULL,'2025-12-10 21:28:12','2025-12-10 21:28:14',NULL),(176006,'EL2512591',NULL,NULL,6312,1,14344,235231,'ETQ2512190.02',20,NULL,NULL,NULL,NULL,NULL,NULL,NULL,31,NULL,'6',8.00,195.00,2,0,1.59,'195',4.00,'pendiente',NULL,'2025-12-10 21:28:12','2025-12-10 21:28:14',NULL),(176007,'EL2512592',NULL,NULL,6312,1,14344,235232,'ETQ2512191.01',20,NULL,NULL,NULL,NULL,NULL,NULL,NULL,32,NULL,'7',8.00,100.00,1,0,0.41,'100',2.00,'pendiente',NULL,'2025-12-10 21:28:12','2025-12-10 21:28:14',NULL),(176008,'EL2512593',NULL,NULL,6313,1,14346,235240,'ETQ2512192.01',17,NULL,NULL,NULL,NULL,NULL,NULL,NULL,1,NULL,'1',10.00,475.00,2,0,6.06,'475',4.00,'pendiente',NULL,'2025-12-10 21:28:14','2025-12-10 21:28:15',NULL),(176009,'EL2512594',NULL,NULL,6313,1,14347,235241,'ETQ2512192.02',20,NULL,NULL,NULL,NULL,NULL,NULL,NULL,2,NULL,'1',10.00,375.00,2,0,4.78,'375',4.00,'pendiente',NULL,'2025-12-10 21:28:14','2025-12-10 21:28:15',NULL),(176010,'EL2512595',NULL,NULL,6313,1,14346,235240,'ETQ2512192.01',17,NULL,NULL,NULL,NULL,NULL,NULL,NULL,3,NULL,'1',10.00,290.00,2,0,3.70,'290',4.00,'pendiente',NULL,'2025-12-10 21:28:14','2025-12-10 21:28:15',NULL),(176011,'EL2512596',NULL,NULL,6313,1,14346,235240,'ETQ2512192.01',17,NULL,NULL,NULL,NULL,NULL,NULL,NULL,4,NULL,'1',8.00,295.00,5,0,6.02,'295',10.00,'pendiente',NULL,'2025-12-10 21:28:14','2025-12-10 21:28:15',NULL),(176012,'EL2512597',NULL,NULL,6313,1,14347,235241,'ETQ2512192.02',20,NULL,NULL,NULL,NULL,NULL,NULL,NULL,5,NULL,'1',8.00,205.00,1,0,0.84,'205',2.00,'pendiente',NULL,'2025-12-10 21:28:14','2025-12-10 21:28:15',NULL),(176013,'EL2512598',NULL,NULL,6313,1,14347,235242,'ETQ2512193.01',20,NULL,NULL,NULL,NULL,NULL,NULL,NULL,6,NULL,'2',8.00,330.00,2,0,2.69,'330',4.00,'pendiente',NULL,'2025-12-10 21:28:14','2025-12-10 21:28:15',NULL),(176014,'EL2512599',NULL,NULL,6313,1,14347,235242,'ETQ2512193.01',20,NULL,NULL,NULL,NULL,NULL,NULL,NULL,7,NULL,'2',8.00,220.00,1,0,0.90,'220',2.00,'pendiente',NULL,'2025-12-10 21:28:14','2025-12-10 21:28:15',NULL),(176015,'EL2512600',NULL,NULL,6313,1,14347,235243,'ETQ2512194.01',20,NULL,NULL,NULL,NULL,NULL,NULL,NULL,8,NULL,'3',10.00,465.00,2,0,5.93,'465',4.00,'pendiente',NULL,'2025-12-10 21:28:14','2025-12-10 21:28:15',NULL),(176016,'EL2512601',NULL,NULL,6313,1,14347,235243,'ETQ2512194.01',20,NULL,NULL,NULL,NULL,NULL,NULL,NULL,9,NULL,'3',10.00,445.00,2,0,5.67,'445',4.00,'pendiente',NULL,'2025-12-10 21:28:14','2025-12-10 21:28:15',NULL),(176017,'EL2512602',NULL,NULL,6313,1,14347,235243,'ETQ2512194.01',20,NULL,NULL,NULL,NULL,NULL,NULL,NULL,10,NULL,'3',10.00,355.00,1,0,2.26,'355',2.00,'pendiente',NULL,'2025-12-10 21:28:14','2025-12-10 21:28:15',NULL),(176018,'EL2512603',NULL,NULL,6313,1,14346,235244,'ETQ2512194.02',17,NULL,NULL,NULL,NULL,NULL,NULL,NULL,11,NULL,'3',10.00,350.00,2,0,4.46,'350',4.00,'pendiente',NULL,'2025-12-10 21:28:14','2025-12-10 21:28:15',NULL),(176019,'EL2512604',NULL,NULL,6313,1,14347,235243,'ETQ2512194.01',20,NULL,NULL,NULL,NULL,NULL,NULL,NULL,12,NULL,'3',10.00,325.00,2,0,4.14,'325',4.00,'pendiente',NULL,'2025-12-10 21:28:14','2025-12-10 21:28:15',NULL),(176020,'EL2512605',NULL,NULL,6313,1,14346,235244,'ETQ2512194.02',17,NULL,NULL,NULL,NULL,NULL,NULL,NULL,13,NULL,'3',12.00,465.00,2,0,8.53,'465',4.00,'pendiente',NULL,'2025-12-10 21:28:14','2025-12-10 21:28:15',NULL),(176021,'EL2512606',NULL,NULL,6313,1,14347,235243,'ETQ2512194.01',20,NULL,NULL,NULL,NULL,NULL,NULL,NULL,14,NULL,'3',8.00,400.00,2,0,3.27,'400',4.00,'pendiente',NULL,'2025-12-10 21:28:14','2025-12-10 21:28:15',NULL),(176022,'EL2512607',NULL,NULL,6313,1,14346,235244,'ETQ2512194.02',17,NULL,NULL,NULL,NULL,NULL,NULL,NULL,15,NULL,'3',8.00,350.00,1,0,1.43,'350',2.00,'pendiente',NULL,'2025-12-10 21:28:14','2025-12-10 21:28:15',NULL),(176023,'EL2512608',NULL,NULL,6313,1,14346,235244,'ETQ2512194.02',17,NULL,NULL,NULL,NULL,NULL,NULL,NULL,16,NULL,'3',8.00,305.00,2,0,2.49,'305',4.00,'pendiente',NULL,'2025-12-10 21:28:14','2025-12-10 21:28:15',NULL),(176024,'EL2512609',NULL,NULL,6313,1,14347,235245,'ETQ2512195.01',20,NULL,NULL,NULL,NULL,NULL,NULL,NULL,17,NULL,'4',10.00,410.00,2,0,5.23,'410',4.00,'pendiente',NULL,'2025-12-10 21:28:14','2025-12-10 21:28:15',NULL),(176025,'EL2512610',NULL,NULL,6313,1,14346,235248,'ETQ2512195.04',17,NULL,NULL,NULL,NULL,NULL,NULL,NULL,18,NULL,'4',10.00,400.00,2,0,5.10,'400',4.00,'pendiente',NULL,'2025-12-10 21:28:14','2025-12-10 21:28:15',NULL),(176026,'EL2512611',NULL,NULL,6313,1,14347,235245,'ETQ2512195.01',20,NULL,NULL,NULL,NULL,NULL,NULL,NULL,19,NULL,'4',10.00,390.00,2,0,4.97,'390',4.00,'pendiente',NULL,'2025-12-10 21:28:14','2025-12-10 21:28:15',NULL),(176027,'EL2512612',NULL,NULL,6313,1,14347,235245,'ETQ2512195.01',20,NULL,NULL,NULL,NULL,NULL,NULL,NULL,20,NULL,'4',10.00,315.00,1,0,2.01,'315',2.00,'pendiente',NULL,'2025-12-10 21:28:14','2025-12-10 21:28:15',NULL),(176028,'EL2512613',NULL,NULL,6313,1,14347,235245,'ETQ2512195.01',20,NULL,NULL,NULL,NULL,NULL,NULL,NULL,21,NULL,'4',10.00,305.00,2,0,3.89,'305',4.00,'pendiente',NULL,'2025-12-10 21:28:14','2025-12-10 21:28:15',NULL),(176029,'EL2512614',NULL,NULL,6313,1,14347,235245,'ETQ2512195.01',20,NULL,NULL,NULL,NULL,NULL,NULL,'1',22,NULL,'4',10.00,300.00,1,1,1.91,'20	90d	280',1.50,'pendiente',NULL,'2025-12-10 21:28:14','2025-12-10 21:28:15',NULL),(176030,'EL2512615',NULL,NULL,6313,1,14347,235246,'ETQ2512195.02',20,NULL,NULL,NULL,NULL,NULL,NULL,NULL,23,NULL,'4',10.00,290.00,2,0,3.70,'290',4.00,'pendiente',NULL,'2025-12-10 21:28:14','2025-12-10 21:28:15',NULL),(176031,'EL2512616',NULL,NULL,6313,1,14346,235248,'ETQ2512195.04',17,NULL,NULL,NULL,NULL,NULL,NULL,'1',24,NULL,'4',10.00,250.00,1,1,1.59,'20	90d	230',1.50,'pendiente',NULL,'2025-12-10 21:28:14','2025-12-10 21:28:15',NULL),(176032,'EL2512617',NULL,NULL,6313,1,14347,235246,'ETQ2512195.02',20,NULL,NULL,NULL,NULL,NULL,NULL,NULL,25,NULL,'4',12.00,340.00,1,0,3.12,'340',2.00,'pendiente',NULL,'2025-12-10 21:28:14','2025-12-10 21:28:15',NULL),(176033,'EL2512618',NULL,NULL,6313,1,14346,235248,'ETQ2512195.04',17,NULL,NULL,NULL,NULL,NULL,NULL,NULL,26,NULL,'4',16.00,410.00,1,0,6.69,'410',2.00,'pendiente',NULL,'2025-12-10 21:28:14','2025-12-10 21:28:15',NULL),(176034,'EL2512619',NULL,NULL,6313,1,14346,235248,'ETQ2512195.04',17,NULL,NULL,NULL,NULL,NULL,NULL,NULL,27,NULL,'4',20.00,450.00,1,0,11.49,'450',2.00,'pendiente',NULL,'2025-12-10 21:28:14','2025-12-10 21:28:15',NULL),(176035,'EL2512620',NULL,NULL,6313,1,14347,235246,'ETQ2512195.02',20,NULL,NULL,NULL,NULL,NULL,NULL,NULL,28,NULL,'4',8.00,305.00,1,0,1.24,'305',2.00,'pendiente',NULL,'2025-12-10 21:28:14','2025-12-10 21:28:15',NULL),(176036,'EL2512621',NULL,NULL,6313,1,14347,235246,'ETQ2512195.02',20,NULL,NULL,NULL,NULL,NULL,NULL,'1',29,NULL,'4',8.00,265.00,1,1,1.08,'20	90d	245',1.50,'pendiente',NULL,'2025-12-10 21:28:14','2025-12-10 21:28:15',NULL),(176037,'EL2512622',NULL,NULL,6313,1,14347,235246,'ETQ2512195.02',20,NULL,NULL,NULL,NULL,NULL,NULL,'1',30,NULL,'4',8.00,220.00,1,1,0.90,'20	90d	200',1.50,'pendiente',NULL,'2025-12-10 21:28:14','2025-12-10 21:28:15',NULL),(176038,'EL2512623',NULL,NULL,6313,1,14347,235247,'ETQ2512195.03',20,NULL,NULL,NULL,NULL,NULL,NULL,'1',31,NULL,'4',8.00,115.00,1,1,0.47,'20	90d	95',1.50,'pendiente',NULL,'2025-12-10 21:28:14','2025-12-10 21:28:15',NULL),(176039,'EL2512624',NULL,NULL,6313,1,14347,235249,'ETQ2512196.01',20,NULL,NULL,NULL,NULL,NULL,NULL,NULL,32,NULL,'5',10.00,465.00,1,0,2.96,'465',2.00,'pendiente',NULL,'2025-12-10 21:28:14','2025-12-10 21:28:15',NULL),(176040,'EL2512625',NULL,NULL,6313,1,14346,235250,'ETQ2512196.02',17,NULL,NULL,NULL,NULL,NULL,NULL,NULL,33,NULL,'5',10.00,405.00,1,0,2.58,'405',2.00,'pendiente',NULL,'2025-12-10 21:28:14','2025-12-10 21:28:15',NULL),(176041,'EL2512626',NULL,NULL,6313,1,14346,235250,'ETQ2512196.02',17,NULL,NULL,NULL,NULL,NULL,NULL,'1',34,NULL,'5',12.00,445.00,1,1,4.08,'20	90d	425',1.50,'pendiente',NULL,'2025-12-10 21:28:14','2025-12-10 21:28:15',NULL),(176042,'EL2512627',NULL,NULL,6313,1,14347,235249,'ETQ2512196.01',20,NULL,NULL,NULL,NULL,NULL,NULL,NULL,35,NULL,'5',8.00,450.00,1,0,1.84,'450',2.00,'pendiente',NULL,'2025-12-10 21:28:14','2025-12-10 21:28:15',NULL),(176043,'EL2512628',NULL,NULL,6313,1,14346,235250,'ETQ2512196.02',17,NULL,NULL,NULL,NULL,NULL,NULL,NULL,36,NULL,'5',8.00,425.00,1,0,1.73,'425',2.00,'pendiente',NULL,'2025-12-10 21:28:14','2025-12-10 21:28:15',NULL),(176044,'EL2512629',NULL,NULL,6313,1,14346,235250,'ETQ2512196.02',17,NULL,NULL,NULL,NULL,NULL,NULL,NULL,37,NULL,'5',8.00,365.00,1,0,1.49,'365',2.00,'pendiente',NULL,'2025-12-10 21:28:14','2025-12-10 21:28:15',NULL),(176045,'EL2512630',NULL,NULL,6313,1,14347,235249,'ETQ2512196.01',20,NULL,NULL,NULL,NULL,NULL,NULL,NULL,38,NULL,'5',8.00,305.00,1,0,1.24,'305',2.00,'pendiente',NULL,'2025-12-10 21:28:14','2025-12-10 21:28:15',NULL),(176046,'EL2512631',NULL,NULL,6313,1,14346,235251,'ETQ2512197.01',17,NULL,NULL,NULL,NULL,NULL,NULL,NULL,39,NULL,'6',8.00,155.00,2,0,1.27,'155',4.00,'pendiente',NULL,'2025-12-10 21:28:14','2025-12-10 21:28:15',NULL),(176047,'EL2512632',NULL,NULL,6313,1,14346,235251,'ETQ2512197.01',17,NULL,NULL,NULL,NULL,NULL,NULL,NULL,40,NULL,'6',8.00,120.00,1,0,0.49,'120',2.00,'pendiente',NULL,'2025-12-10 21:28:14','2025-12-10 21:28:15',NULL),(176048,'EL2512633',NULL,NULL,6313,1,14346,235251,'ETQ2512197.01',17,NULL,NULL,NULL,NULL,NULL,NULL,NULL,41,NULL,'6',8.00,105.00,1,0,0.43,'105',2.00,'pendiente',NULL,'2025-12-10 21:28:14','2025-12-10 21:28:15',NULL),(176049,'EL2512634',NULL,NULL,6313,1,14347,235252,'ETQ2512198.01',20,NULL,NULL,NULL,NULL,NULL,NULL,NULL,42,NULL,'7',8.00,175.00,2,0,1.43,'175',4.00,'pendiente',NULL,'2025-12-10 21:28:14','2025-12-10 21:28:15',NULL),(176050,'EL2512635',NULL,NULL,6313,1,14346,235253,'ETQ2512198.02',17,NULL,NULL,NULL,NULL,NULL,NULL,NULL,43,NULL,'7',8.00,165.00,1,0,0.67,'165',2.00,'pendiente',NULL,'2025-12-10 21:28:14','2025-12-10 21:28:15',NULL),(176051,'EL2512636',NULL,NULL,6314,1,14348,235263,'ETQ2512199.01',20,NULL,NULL,NULL,NULL,NULL,NULL,NULL,1,NULL,'1',10.00,335.00,1,0,2.14,'335',2.00,'pendiente',NULL,'2025-12-10 21:28:15','2025-12-10 21:28:17',NULL),(176052,'EL2512637',NULL,NULL,6314,1,14349,235265,'ETQ2512199.03',17,NULL,NULL,NULL,NULL,NULL,NULL,NULL,2,NULL,'1',10.00,200.00,1,0,1.28,'200',2.00,'pendiente',NULL,'2025-12-10 21:28:15','2025-12-10 21:28:17',NULL),(176053,'EL2512638',NULL,NULL,6314,1,14348,235263,'ETQ2512199.01',20,NULL,NULL,NULL,NULL,NULL,NULL,NULL,3,NULL,'1',10.00,175.00,2,0,2.23,'175',4.00,'pendiente',NULL,'2025-12-10 21:28:15','2025-12-10 21:28:17',NULL),(176054,'EL2512639',NULL,NULL,6314,1,14348,235263,'ETQ2512199.01',20,NULL,NULL,NULL,NULL,NULL,NULL,NULL,4,NULL,'1',12.00,325.00,1,0,2.98,'325',2.00,'pendiente',NULL,'2025-12-10 21:28:15','2025-12-10 21:28:17',NULL),(176055,'EL2512640',NULL,NULL,6314,1,14349,235265,'ETQ2512199.03',17,NULL,NULL,NULL,NULL,NULL,NULL,NULL,5,NULL,'1',12.00,250.00,1,0,2.29,'250',2.00,'pendiente',NULL,'2025-12-10 21:28:15','2025-12-10 21:28:17',NULL),(176056,'EL2512641',NULL,NULL,6314,1,14348,235263,'ETQ2512199.01',20,NULL,NULL,NULL,NULL,NULL,NULL,NULL,6,NULL,'1',16.00,265.00,1,0,4.32,'265',2.00,'pendiente',NULL,'2025-12-10 21:28:15','2025-12-10 21:28:17',NULL),(176057,'EL2512642',NULL,NULL,6314,1,14348,235263,'ETQ2512199.01',20,NULL,NULL,NULL,NULL,NULL,NULL,NULL,7,NULL,'1',16.00,255.00,2,0,8.32,'255',4.00,'pendiente',NULL,'2025-12-10 21:28:15','2025-12-10 21:28:17',NULL),(176058,'EL2512643',NULL,NULL,6314,1,14348,235264,'ETQ2512199.02',20,NULL,NULL,NULL,NULL,NULL,NULL,NULL,8,NULL,'1',8.00,310.00,1,0,1.27,'310',2.00,'pendiente',NULL,'2025-12-10 21:28:15','2025-12-10 21:28:17',NULL),(176059,'EL2512644',NULL,NULL,6314,1,14349,235265,'ETQ2512199.03',17,NULL,NULL,NULL,NULL,NULL,NULL,NULL,9,NULL,'1',8.00,115.00,1,0,0.47,'115',2.00,'pendiente',NULL,'2025-12-10 21:28:15','2025-12-10 21:28:17',NULL),(176060,'EL2512645',NULL,NULL,6314,1,14348,235264,'ETQ2512199.02',20,NULL,NULL,NULL,NULL,NULL,NULL,NULL,10,NULL,'1',8.00,100.00,2,0,0.82,'100',4.00,'pendiente',NULL,'2025-12-10 21:28:15','2025-12-10 21:28:17',NULL),(176061,'EL2512646',NULL,NULL,6314,1,14349,235266,'ETQ2512200.01',17,NULL,NULL,NULL,NULL,NULL,NULL,NULL,11,NULL,'2',10.00,335.00,1,0,2.14,'335',2.00,'pendiente',NULL,'2025-12-10 21:28:15','2025-12-10 21:28:17',NULL),(176062,'EL2512647',NULL,NULL,6314,1,14348,235267,'ETQ2512200.02',20,NULL,NULL,NULL,NULL,NULL,NULL,NULL,12,NULL,'2',10.00,305.00,1,0,1.94,'305',2.00,'pendiente',NULL,'2025-12-10 21:28:15','2025-12-10 21:28:17',NULL),(176063,'EL2512648',NULL,NULL,6314,1,14349,235266,'ETQ2512200.01',17,NULL,NULL,NULL,NULL,NULL,NULL,NULL,13,NULL,'2',10.00,255.00,1,0,1.63,'255',2.00,'pendiente',NULL,'2025-12-10 21:28:15','2025-12-10 21:28:17',NULL),(176064,'EL2512649',NULL,NULL,6314,1,14348,235267,'ETQ2512200.02',20,NULL,NULL,NULL,NULL,NULL,NULL,NULL,14,NULL,'2',12.00,320.00,1,0,2.94,'320',2.00,'pendiente',NULL,'2025-12-10 21:28:15','2025-12-10 21:28:17',NULL),(176065,'EL2512650',NULL,NULL,6314,1,14349,235266,'ETQ2512200.01',17,NULL,NULL,NULL,NULL,NULL,NULL,NULL,15,NULL,'2',8.00,290.00,1,0,1.18,'290',2.00,'pendiente',NULL,'2025-12-10 21:28:15','2025-12-10 21:28:17',NULL),(176066,'EL2512651',NULL,NULL,6314,1,14349,235266,'ETQ2512200.01',17,NULL,NULL,NULL,NULL,NULL,NULL,NULL,16,NULL,'2',8.00,255.00,1,0,1.04,'255',2.00,'pendiente',NULL,'2025-12-10 21:28:15','2025-12-10 21:28:17',NULL),(176067,'EL2512652',NULL,NULL,6314,1,14349,235268,'ETQ2512201.01',17,NULL,NULL,NULL,NULL,NULL,NULL,NULL,17,NULL,'3',8.00,200.00,1,0,0.82,'200',2.00,'pendiente',NULL,'2025-12-10 21:28:15','2025-12-10 21:28:17',NULL),(176068,'EL2512653',NULL,NULL,6314,1,14348,235269,'ETQ2512201.02',20,NULL,NULL,NULL,NULL,NULL,NULL,'1',18,NULL,'3',8.00,200.00,1,1,0.82,'20	90d	180',1.50,'pendiente',NULL,'2025-12-10 21:28:15','2025-12-10 21:28:17',NULL),(176069,'EL2512654',NULL,NULL,6314,1,14349,235268,'ETQ2512201.01',17,NULL,NULL,NULL,NULL,NULL,NULL,'1',19,NULL,'3',8.00,165.00,1,1,0.67,'20	90d	145',1.50,'pendiente',NULL,'2025-12-10 21:28:15','2025-12-10 21:28:17',NULL),(176070,'EL2512655',NULL,NULL,6314,1,14348,235269,'ETQ2512201.02',20,NULL,NULL,NULL,NULL,NULL,NULL,NULL,20,NULL,'3',8.00,115.00,1,0,0.47,'115',2.00,'pendiente',NULL,'2025-12-10 21:28:15','2025-12-10 21:28:17',NULL),(176071,'EL2512656',NULL,NULL,6314,1,14348,235270,'ETQ2512202.01',20,NULL,NULL,NULL,NULL,NULL,NULL,NULL,21,NULL,'4',10.00,290.00,2,0,3.70,'290',4.00,'pendiente',NULL,'2025-12-10 21:28:15','2025-12-10 21:28:17',NULL),(176072,'EL2512657',NULL,NULL,6314,1,14349,235271,'ETQ2512202.02',17,NULL,NULL,NULL,NULL,NULL,NULL,'1',22,NULL,'4',10.00,190.00,2,1,2.42,'20	90d	170',3.00,'pendiente',NULL,'2025-12-10 21:28:15','2025-12-10 21:28:17',NULL),(176073,'EL2512658',NULL,NULL,6314,1,14349,235271,'ETQ2512202.02',17,NULL,NULL,NULL,NULL,NULL,NULL,'1',23,NULL,'4',8.00,160.00,1,1,0.65,'20	90d	140',1.50,'pendiente',NULL,'2025-12-10 21:28:15','2025-12-10 21:28:17',NULL),(176074,'EL2512659',NULL,NULL,6314,1,14349,235271,'ETQ2512202.02',17,NULL,NULL,NULL,NULL,NULL,NULL,'1',24,NULL,'4',8.00,135.00,1,1,0.55,'20	90d	115',1.50,'pendiente',NULL,'2025-12-10 21:28:15','2025-12-10 21:28:17',NULL),(176075,'EL2512660',NULL,NULL,6314,1,14349,235271,'ETQ2512202.02',17,NULL,NULL,NULL,NULL,NULL,NULL,NULL,25,NULL,'4',8.00,90.00,1,0,0.37,'90',2.00,'pendiente',NULL,'2025-12-10 21:28:15','2025-12-10 21:28:17',NULL),(176076,'EL2512661',NULL,NULL,6314,1,14348,235272,'ETQ2512203.01',20,NULL,NULL,NULL,NULL,NULL,NULL,NULL,26,NULL,'5',8.00,160.00,2,0,1.31,'160',4.00,'pendiente',NULL,'2025-12-10 21:28:15','2025-12-10 21:28:17',NULL),(176077,'EL2512662',NULL,NULL,6314,1,14348,235272,'ETQ2512203.01',20,NULL,NULL,NULL,NULL,NULL,NULL,NULL,27,NULL,'5',8.00,150.00,1,0,0.61,'150',2.00,'pendiente',NULL,'2025-12-10 21:28:15','2025-12-10 21:28:17',NULL),(176078,'EL2512663',NULL,NULL,6314,1,14349,235273,'ETQ2512203.02',17,NULL,NULL,NULL,NULL,NULL,NULL,NULL,28,NULL,'5',8.00,135.00,1,0,0.55,'135',2.00,'pendiente',NULL,'2025-12-10 21:28:15','2025-12-10 21:28:17',NULL),(176079,'EL2512664',NULL,NULL,6314,1,14349,235273,'ETQ2512203.02',17,NULL,NULL,NULL,NULL,NULL,NULL,NULL,29,NULL,'5',8.00,120.00,1,0,0.49,'120',2.00,'pendiente',NULL,'2025-12-10 21:28:15','2025-12-10 21:28:17',NULL),(176080,'EL2512665',NULL,NULL,6314,1,14349,235273,'ETQ2512203.02',17,NULL,NULL,NULL,NULL,NULL,NULL,NULL,30,NULL,'5',8.00,115.00,1,0,0.47,'115',2.00,'pendiente',NULL,'2025-12-10 21:28:15','2025-12-10 21:28:17',NULL),(176081,'EL2512666',NULL,NULL,6314,1,14349,235274,'ETQ2512204.01',17,NULL,NULL,NULL,NULL,NULL,NULL,NULL,31,NULL,'6',10.00,330.00,1,0,2.10,'330',2.00,'pendiente',NULL,'2025-12-10 21:28:15','2025-12-10 21:28:17',NULL),(176082,'EL2512667',NULL,NULL,6314,1,14349,235274,'ETQ2512204.01',17,NULL,NULL,NULL,NULL,NULL,NULL,NULL,32,NULL,'6',10.00,315.00,2,0,4.02,'315',4.00,'pendiente',NULL,'2025-12-10 21:28:15','2025-12-10 21:28:17',NULL),(176083,'EL2512668',NULL,NULL,6314,1,14349,235274,'ETQ2512204.01',17,NULL,NULL,NULL,NULL,NULL,NULL,NULL,33,NULL,'6',10.00,290.00,1,0,1.85,'290',2.00,'pendiente',NULL,'2025-12-10 21:28:15','2025-12-10 21:28:17',NULL),(176084,'EL2512669',NULL,NULL,6314,1,14349,235274,'ETQ2512204.01',17,NULL,NULL,NULL,NULL,NULL,NULL,NULL,34,NULL,'6',10.00,240.00,1,0,1.53,'240',2.00,'pendiente',NULL,'2025-12-10 21:28:15','2025-12-10 21:28:17',NULL),(176085,'EL2512670',NULL,NULL,6314,1,14348,235275,'ETQ2512204.02',20,NULL,NULL,NULL,NULL,NULL,NULL,NULL,35,NULL,'6',12.00,315.00,1,0,2.89,'315',2.00,'pendiente',NULL,'2025-12-10 21:28:15','2025-12-10 21:28:17',NULL),(176086,'EL2512671',NULL,NULL,6314,1,14348,235275,'ETQ2512204.02',20,NULL,NULL,NULL,NULL,NULL,NULL,NULL,36,NULL,'6',8.00,330.00,2,0,2.69,'330',4.00,'pendiente',NULL,'2025-12-10 21:28:15','2025-12-10 21:28:17',NULL),(176087,'EL2512672',NULL,NULL,6314,1,14349,235274,'ETQ2512204.01',17,NULL,NULL,NULL,NULL,NULL,NULL,NULL,37,NULL,'6',8.00,240.00,3,0,2.94,'240',6.00,'pendiente',NULL,'2025-12-10 21:28:15','2025-12-10 21:28:17',NULL),(176088,'EL2512673',NULL,NULL,6314,1,14348,235276,'ETQ2512205.01',20,NULL,NULL,NULL,NULL,NULL,NULL,NULL,38,NULL,'7',10.00,340.00,2,0,4.34,'340',4.00,'pendiente',NULL,'2025-12-10 21:28:15','2025-12-10 21:28:17',NULL),(176089,'EL2512674',NULL,NULL,6314,1,14349,235277,'ETQ2512205.02',17,NULL,NULL,NULL,NULL,NULL,NULL,'1',39,NULL,'7',10.00,305.00,2,1,3.89,'20	90d	285',3.00,'pendiente',NULL,'2025-12-10 21:28:15','2025-12-10 21:28:17',NULL),(176090,'EL2512675',NULL,NULL,6314,1,14349,235277,'ETQ2512205.02',17,NULL,NULL,NULL,NULL,NULL,NULL,NULL,40,NULL,'7',10.00,220.00,1,0,1.40,'220',2.00,'pendiente',NULL,'2025-12-10 21:28:15','2025-12-10 21:28:17',NULL),(176091,'EL2512676',NULL,NULL,6314,1,14348,235276,'ETQ2512205.01',20,NULL,NULL,NULL,NULL,NULL,NULL,NULL,41,NULL,'7',8.00,350.00,2,0,2.86,'350',4.00,'pendiente',NULL,'2025-12-10 21:28:15','2025-12-10 21:28:17',NULL),(176092,'EL2512677',NULL,NULL,6314,1,14349,235277,'ETQ2512205.02',17,NULL,NULL,NULL,NULL,NULL,NULL,NULL,42,NULL,'7',8.00,340.00,5,0,6.94,'340',10.00,'pendiente',NULL,'2025-12-10 21:28:15','2025-12-10 21:28:17',NULL),(176093,'EL2512678',NULL,NULL,6314,1,14349,235277,'ETQ2512205.02',17,NULL,NULL,NULL,NULL,NULL,NULL,NULL,43,NULL,'7',8.00,260.00,2,0,2.12,'260',4.00,'pendiente',NULL,'2025-12-10 21:28:15','2025-12-10 21:28:17',NULL),(176094,'EL2512679',NULL,NULL,6314,1,14348,235276,'ETQ2512205.01',20,NULL,NULL,NULL,NULL,NULL,NULL,NULL,44,NULL,'7',8.00,220.00,1,0,0.90,'220',2.00,'pendiente',NULL,'2025-12-10 21:28:15','2025-12-10 21:28:17',NULL),(176095,'EL2512680',NULL,NULL,6314,1,14349,235278,'ETQ2512206.01',17,NULL,NULL,NULL,NULL,NULL,NULL,NULL,45,NULL,'8',8.00,305.00,1,0,1.24,'305',2.00,'pendiente',NULL,'2025-12-10 21:28:15','2025-12-10 21:28:17',NULL),(176096,'EL2512681',NULL,NULL,6314,1,14348,235279,'ETQ2512206.02',20,NULL,NULL,NULL,NULL,NULL,NULL,NULL,46,NULL,'8',8.00,270.00,1,0,1.10,'270',2.00,'pendiente',NULL,'2025-12-10 21:28:15','2025-12-10 21:28:17',NULL),(176097,'EL2512682',NULL,NULL,6314,1,14349,235280,'ETQ2512207.01',17,NULL,NULL,NULL,NULL,NULL,NULL,'1',47,NULL,'9',10.00,255.00,1,1,1.63,'20	90d	235',1.50,'pendiente',NULL,'2025-12-10 21:28:15','2025-12-10 21:28:17',NULL),(176098,'EL2512683',NULL,NULL,6314,1,14349,235280,'ETQ2512207.01',17,NULL,NULL,NULL,NULL,NULL,NULL,'1',48,NULL,'9',10.00,180.00,1,1,1.15,'20	90d	160',1.50,'pendiente',NULL,'2025-12-10 21:28:15','2025-12-10 21:28:17',NULL),(176099,'EL2512684',NULL,NULL,6314,1,14348,235282,'ETQ2512207.03',20,NULL,NULL,NULL,NULL,NULL,NULL,'1',49,NULL,'9',10.00,155.00,1,1,0.99,'20	90d	135',1.50,'pendiente',NULL,'2025-12-10 21:28:15','2025-12-10 21:28:17',NULL),(176100,'EL2512685',NULL,NULL,6314,1,14348,235282,'ETQ2512207.03',20,NULL,NULL,NULL,NULL,NULL,NULL,'1',50,NULL,'9',10.00,140.00,1,1,0.89,'20	90d	120',1.50,'pendiente',NULL,'2025-12-10 21:28:15','2025-12-10 21:28:17',NULL),(176101,'EL2512686',NULL,NULL,6314,1,14349,235280,'ETQ2512207.01',17,NULL,NULL,NULL,NULL,NULL,NULL,'1',51,NULL,'9',10.00,130.00,1,1,0.83,'20	90d	110',1.50,'pendiente',NULL,'2025-12-10 21:28:15','2025-12-10 21:28:17',NULL),(176102,'EL2512687',NULL,NULL,6314,1,14349,235280,'ETQ2512207.01',17,NULL,NULL,NULL,NULL,NULL,NULL,'1',52,NULL,'9',12.00,170.00,1,1,1.56,'20	90d	150',1.50,'pendiente',NULL,'2025-12-10 21:28:15','2025-12-10 21:28:17',NULL),(176103,'EL2512688',NULL,NULL,6314,1,14348,235282,'ETQ2512207.03',20,NULL,NULL,NULL,NULL,NULL,NULL,'1',53,NULL,'9',16.00,295.00,1,1,4.81,'20	90d	275',1.50,'pendiente',NULL,'2025-12-10 21:28:15','2025-12-10 21:28:17',NULL),(176104,'EL2512689',NULL,NULL,6314,1,14349,235280,'ETQ2512207.01',17,NULL,NULL,NULL,NULL,NULL,NULL,'1',54,NULL,'9',8.00,210.00,1,1,0.86,'20	90d	190',1.50,'pendiente',NULL,'2025-12-10 21:28:15','2025-12-10 21:28:17',NULL),(176105,'EL2512690',NULL,NULL,6314,1,14349,235281,'ETQ2512207.02',17,NULL,NULL,NULL,NULL,NULL,NULL,'1',55,NULL,'9',8.00,155.00,1,1,0.63,'20	90d	135',1.50,'pendiente',NULL,'2025-12-10 21:28:15','2025-12-10 21:28:17',NULL),(176106,'EL2512691',NULL,NULL,6315,1,14350,235290,'ETQ2512208.01',20,NULL,NULL,NULL,NULL,NULL,NULL,'1',1,NULL,'1',16.00,180.00,1,1,2.94,'20	90d	160',1.50,'pendiente',NULL,'2025-12-10 21:28:17','2025-12-10 21:28:19',NULL),(176107,'EL2512692',NULL,NULL,6315,1,14350,235291,'ETQ2512209.01',20,NULL,NULL,NULL,NULL,NULL,NULL,'1',2,NULL,'2',10.00,155.00,2,1,1.98,'20	90d	135',3.00,'pendiente',NULL,'2025-12-10 21:28:17','2025-12-10 21:28:19',NULL),(176108,'EL2512693',NULL,NULL,6315,1,14350,235291,'ETQ2512209.01',20,NULL,NULL,NULL,NULL,NULL,NULL,'1',3,NULL,'2',8.00,245.00,2,1,2.00,'20	90d	225',3.00,'pendiente',NULL,'2025-12-10 21:28:17','2025-12-10 21:28:19',NULL),(176109,'EL2512694',NULL,NULL,6315,1,14351,235292,'ETQ2512209.02',17,NULL,NULL,NULL,NULL,NULL,NULL,'1',4,NULL,'2',8.00,235.00,1,1,0.96,'20	90d	215',1.50,'pendiente',NULL,'2025-12-10 21:28:17','2025-12-10 21:28:19',NULL),(176110,'EL2512695',NULL,NULL,6315,1,14350,235291,'ETQ2512209.01',20,NULL,NULL,NULL,NULL,NULL,NULL,'1',5,NULL,'2',8.00,230.00,1,1,0.94,'20	90d	210',1.50,'pendiente',NULL,'2025-12-10 21:28:17','2025-12-10 21:28:19',NULL),(176111,'EL2512696',NULL,NULL,6315,1,14351,235292,'ETQ2512209.02',17,NULL,NULL,NULL,NULL,NULL,NULL,'1',6,NULL,'2',8.00,200.00,2,1,1.63,'20	90d	180',3.00,'pendiente',NULL,'2025-12-10 21:28:17','2025-12-10 21:28:19',NULL),(176112,'EL2512697',NULL,NULL,6315,1,14351,235292,'ETQ2512209.02',17,NULL,NULL,NULL,NULL,NULL,NULL,'1',7,NULL,'2',8.00,160.00,2,1,1.31,'20	90d	140',3.00,'pendiente',NULL,'2025-12-10 21:28:17','2025-12-10 21:28:19',NULL),(176113,'EL2512698',NULL,NULL,6315,1,14350,235291,'ETQ2512209.01',20,NULL,NULL,NULL,NULL,NULL,NULL,'1',8,NULL,'2',8.00,135.00,2,1,1.10,'20	90d	115',3.00,'pendiente',NULL,'2025-12-10 21:28:17','2025-12-10 21:28:19',NULL),(176114,'EL2512699',NULL,NULL,6315,1,14351,235293,'ETQ2512210.01',17,NULL,NULL,NULL,NULL,NULL,NULL,NULL,9,NULL,'3',10.00,530.00,1,0,3.38,'530',2.00,'pendiente',NULL,'2025-12-10 21:28:17','2025-12-10 21:28:19',NULL),(176115,'EL2512700',NULL,NULL,6315,1,14351,235293,'ETQ2512210.01',17,NULL,NULL,NULL,NULL,NULL,NULL,NULL,10,NULL,'3',10.00,435.00,2,0,5.55,'435',4.00,'pendiente',NULL,'2025-12-10 21:28:17','2025-12-10 21:28:19',NULL),(176116,'EL2512701',NULL,NULL,6315,1,14350,235294,'ETQ2512210.02',20,NULL,NULL,NULL,NULL,NULL,NULL,NULL,11,NULL,'3',10.00,385.00,1,0,2.45,'385',2.00,'pendiente',NULL,'2025-12-10 21:28:17','2025-12-10 21:28:19',NULL),(176117,'EL2512702',NULL,NULL,6315,1,14350,235294,'ETQ2512210.02',20,NULL,NULL,NULL,NULL,NULL,NULL,NULL,12,NULL,'3',10.00,260.00,1,0,1.66,'260',2.00,'pendiente',NULL,'2025-12-10 21:28:17','2025-12-10 21:28:19',NULL),(176118,'EL2512703',NULL,NULL,6315,1,14351,235293,'ETQ2512210.01',17,NULL,NULL,NULL,NULL,NULL,NULL,NULL,13,NULL,'3',10.00,205.00,1,0,1.31,'205',2.00,'pendiente',NULL,'2025-12-10 21:28:17','2025-12-10 21:28:19',NULL),(176119,'EL2512704',NULL,NULL,6315,1,14351,235293,'ETQ2512210.01',17,NULL,NULL,NULL,NULL,NULL,NULL,NULL,14,NULL,'3',12.00,615.00,1,0,5.64,'615',2.00,'pendiente',NULL,'2025-12-10 21:28:17','2025-12-10 21:28:19',NULL),(176120,'EL2512705',NULL,NULL,6315,1,14350,235294,'ETQ2512210.02',20,NULL,NULL,NULL,NULL,NULL,NULL,NULL,15,NULL,'3',12.00,335.00,1,0,3.07,'335',2.00,'pendiente',NULL,'2025-12-10 21:28:17','2025-12-10 21:28:19',NULL),(176121,'EL2512706',NULL,NULL,6315,1,14350,235294,'ETQ2512210.02',20,NULL,NULL,NULL,NULL,NULL,NULL,NULL,16,NULL,'3',8.00,160.00,1,0,0.65,'160',2.00,'pendiente',NULL,'2025-12-10 21:28:17','2025-12-10 21:28:19',NULL),(176122,'EL2512707',NULL,NULL,6315,1,14351,235295,'ETQ2512211.01',17,NULL,NULL,NULL,NULL,NULL,NULL,'1',17,NULL,'4',10.00,445.00,1,1,2.84,'20	90d	425',1.50,'pendiente',NULL,'2025-12-10 21:28:17','2025-12-10 21:28:19',NULL),(176123,'EL2512708',NULL,NULL,6315,1,14351,235295,'ETQ2512211.01',17,NULL,NULL,NULL,NULL,NULL,NULL,'1',18,NULL,'4',10.00,430.00,1,1,2.74,'20	90d	410',1.50,'pendiente',NULL,'2025-12-10 21:28:17','2025-12-10 21:28:19',NULL),(176124,'EL2512709',NULL,NULL,6315,1,14351,235295,'ETQ2512211.01',17,NULL,NULL,NULL,NULL,NULL,NULL,NULL,19,NULL,'4',10.00,395.00,1,0,2.52,'395',2.00,'pendiente',NULL,'2025-12-10 21:28:17','2025-12-10 21:28:19',NULL),(176125,'EL2512710',NULL,NULL,6315,1,14350,235298,'ETQ2512211.04',20,NULL,NULL,NULL,NULL,NULL,NULL,NULL,20,NULL,'4',10.00,360.00,1,0,2.30,'360',2.00,'pendiente',NULL,'2025-12-10 21:28:17','2025-12-10 21:28:19',NULL),(176126,'EL2512711',NULL,NULL,6315,1,14350,235298,'ETQ2512211.04',20,NULL,NULL,NULL,NULL,NULL,NULL,NULL,21,NULL,'4',10.00,345.00,2,0,4.40,'345',4.00,'pendiente',NULL,'2025-12-10 21:28:17','2025-12-10 21:28:19',NULL),(176127,'EL2512712',NULL,NULL,6315,1,14350,235298,'ETQ2512211.04',20,NULL,NULL,NULL,NULL,NULL,NULL,NULL,22,NULL,'4',10.00,300.00,1,0,1.91,'300',2.00,'pendiente',NULL,'2025-12-10 21:28:17','2025-12-10 21:28:19',NULL),(176128,'EL2512713',NULL,NULL,6315,1,14350,235298,'ETQ2512211.04',20,NULL,NULL,NULL,NULL,NULL,NULL,NULL,23,NULL,'4',10.00,235.00,1,0,1.50,'235',2.00,'pendiente',NULL,'2025-12-10 21:28:17','2025-12-10 21:28:19',NULL),(176129,'EL2512714',NULL,NULL,6315,1,14350,235298,'ETQ2512211.04',20,NULL,NULL,NULL,NULL,NULL,NULL,NULL,24,NULL,'4',10.00,210.00,1,0,1.34,'210',2.00,'pendiente',NULL,'2025-12-10 21:28:17','2025-12-10 21:28:19',NULL),(176130,'EL2512715',NULL,NULL,6315,1,14351,235295,'ETQ2512211.01',17,NULL,NULL,NULL,NULL,NULL,NULL,NULL,25,NULL,'4',10.00,155.00,1,0,0.99,'155',2.00,'pendiente',NULL,'2025-12-10 21:28:17','2025-12-10 21:28:19',NULL),(176131,'EL2512716',NULL,NULL,6315,1,14351,235295,'ETQ2512211.01',17,NULL,NULL,NULL,NULL,NULL,NULL,NULL,26,NULL,'4',12.00,405.00,2,0,7.43,'405',4.00,'pendiente',NULL,'2025-12-10 21:28:17','2025-12-10 21:28:19',NULL),(176132,'EL2512717',NULL,NULL,6315,1,14351,235296,'ETQ2512211.02',17,NULL,NULL,NULL,NULL,NULL,NULL,NULL,27,NULL,'4',12.00,390.00,1,0,3.58,'390',2.00,'pendiente',NULL,'2025-12-10 21:28:17','2025-12-10 21:28:19',NULL),(176133,'EL2512718',NULL,NULL,6315,1,14351,235296,'ETQ2512211.02',17,NULL,NULL,NULL,NULL,NULL,NULL,NULL,28,NULL,'4',12.00,320.00,2,0,5.87,'320',4.00,'pendiente',NULL,'2025-12-10 21:28:17','2025-12-10 21:28:19',NULL),(176134,'EL2512719',NULL,NULL,6315,1,14351,235296,'ETQ2512211.02',17,NULL,NULL,NULL,NULL,NULL,NULL,'1',29,NULL,'4',16.00,230.00,2,1,7.50,'20	90d	210',3.00,'pendiente',NULL,'2025-12-10 21:28:17','2025-12-10 21:28:19',NULL),(176135,'EL2512720',NULL,NULL,6315,1,14350,235299,'ETQ2512211.05',20,NULL,NULL,NULL,NULL,NULL,NULL,NULL,30,NULL,'4',8.00,500.00,1,0,2.04,'500',2.00,'pendiente',NULL,'2025-12-10 21:28:17','2025-12-10 21:28:19',NULL),(176136,'EL2512721',NULL,NULL,6315,1,14351,235296,'ETQ2512211.02',17,NULL,NULL,NULL,NULL,NULL,NULL,NULL,31,NULL,'4',8.00,290.00,1,0,1.18,'290',2.00,'pendiente',NULL,'2025-12-10 21:28:17','2025-12-10 21:28:19',NULL),(176137,'EL2512722',NULL,NULL,6315,1,14351,235296,'ETQ2512211.02',17,NULL,NULL,NULL,NULL,NULL,NULL,NULL,32,NULL,'4',8.00,255.00,1,0,1.04,'255',2.00,'pendiente',NULL,'2025-12-10 21:28:17','2025-12-10 21:28:19',NULL),(176138,'EL2512723',NULL,NULL,6315,1,14350,235299,'ETQ2512211.05',20,NULL,NULL,NULL,NULL,NULL,NULL,NULL,33,NULL,'4',8.00,180.00,1,0,0.73,'180',2.00,'pendiente',NULL,'2025-12-10 21:28:17','2025-12-10 21:28:19',NULL),(176139,'EL2512724',NULL,NULL,6315,1,14351,235297,'ETQ2512211.03',17,NULL,NULL,NULL,NULL,NULL,NULL,NULL,34,NULL,'4',8.00,175.00,1,0,0.71,'175',2.00,'pendiente',NULL,'2025-12-10 21:28:17','2025-12-10 21:28:19',NULL),(176140,'EL2512725',NULL,NULL,6315,1,14350,235300,'ETQ2512212.01',20,NULL,NULL,NULL,NULL,NULL,NULL,NULL,35,NULL,'5',10.00,390.00,1,0,2.49,'390',2.00,'pendiente',NULL,'2025-12-10 21:28:18','2025-12-10 21:28:19',NULL),(176141,'EL2512726',NULL,NULL,6315,1,14350,235300,'ETQ2512212.01',20,NULL,NULL,NULL,NULL,NULL,NULL,NULL,36,NULL,'5',10.00,265.00,1,0,1.69,'265',2.00,'pendiente',NULL,'2025-12-10 21:28:18','2025-12-10 21:28:19',NULL),(176142,'EL2512727',NULL,NULL,6315,1,14350,235300,'ETQ2512212.01',20,NULL,NULL,NULL,NULL,NULL,NULL,'1',37,NULL,'5',12.00,280.00,1,1,2.57,'35	90d	245',1.50,'pendiente',NULL,'2025-12-10 21:28:18','2025-12-10 21:28:19',NULL),(176143,'EL2512728',NULL,NULL,6315,1,14351,235301,'ETQ2512212.02',17,NULL,NULL,NULL,NULL,NULL,NULL,NULL,38,NULL,'5',8.00,360.00,2,0,2.94,'360',4.00,'pendiente',NULL,'2025-12-10 21:28:18','2025-12-10 21:28:19',NULL),(176144,'EL2512729',NULL,NULL,6315,1,14351,235301,'ETQ2512212.02',17,NULL,NULL,NULL,NULL,NULL,NULL,'1',39,NULL,'5',8.00,260.00,1,1,1.06,'20	90d	240',1.50,'pendiente',NULL,'2025-12-10 21:28:18','2025-12-10 21:28:19',NULL),(176145,'EL2512730',NULL,NULL,6315,1,14351,235301,'ETQ2512212.02',17,NULL,NULL,NULL,NULL,NULL,NULL,'1',40,NULL,'5',8.00,205.00,1,1,0.84,'20	90d	185',1.50,'pendiente',NULL,'2025-12-10 21:28:18','2025-12-10 21:28:19',NULL),(176146,'EL2512731',NULL,NULL,6315,1,14351,235302,'ETQ2512213.01',17,NULL,NULL,NULL,NULL,NULL,NULL,NULL,41,NULL,'6',10.00,560.00,1,0,3.57,'560',2.00,'pendiente',NULL,'2025-12-10 21:28:18','2025-12-10 21:28:19',NULL),(176147,'EL2512732',NULL,NULL,6315,1,14350,235303,'ETQ2512213.02',20,NULL,NULL,NULL,NULL,NULL,NULL,NULL,42,NULL,'6',12.00,610.00,1,0,5.60,'610',2.00,'pendiente',NULL,'2025-12-10 21:28:18','2025-12-10 21:28:19',NULL),(176148,'EL2512733',NULL,NULL,6315,1,14351,235302,'ETQ2512213.01',17,NULL,NULL,NULL,NULL,NULL,NULL,NULL,43,NULL,'6',12.00,340.00,1,0,3.12,'340',2.00,'pendiente',NULL,'2025-12-10 21:28:18','2025-12-10 21:28:19',NULL),(176149,'EL2512734',NULL,NULL,6315,1,14350,235303,'ETQ2512213.02',20,NULL,NULL,NULL,NULL,NULL,NULL,NULL,44,NULL,'6',16.00,340.00,1,0,5.54,'340',2.00,'pendiente',NULL,'2025-12-10 21:28:18','2025-12-10 21:28:19',NULL),(176150,'EL2512735',NULL,NULL,6315,1,14350,235303,'ETQ2512213.02',20,NULL,NULL,NULL,NULL,NULL,NULL,NULL,45,NULL,'6',8.00,565.00,1,0,2.31,'565',2.00,'pendiente',NULL,'2025-12-10 21:28:18','2025-12-10 21:28:19',NULL),(176151,'EL2512736',NULL,NULL,6315,1,14351,235302,'ETQ2512213.01',17,NULL,NULL,NULL,NULL,NULL,NULL,NULL,46,NULL,'6',8.00,515.00,1,0,2.10,'515',2.00,'pendiente',NULL,'2025-12-10 21:28:18','2025-12-10 21:28:19',NULL),(176152,'EL2512737',NULL,NULL,6315,1,14350,235303,'ETQ2512213.02',20,NULL,NULL,NULL,NULL,NULL,NULL,NULL,47,NULL,'6',8.00,435.00,4,0,7.10,'435',8.00,'pendiente',NULL,'2025-12-10 21:28:18','2025-12-10 21:28:19',NULL),(176153,'EL2512738',NULL,NULL,6315,1,14350,235303,'ETQ2512213.02',20,NULL,NULL,NULL,NULL,NULL,NULL,NULL,48,NULL,'6',8.00,405.00,2,0,3.31,'405',4.00,'pendiente',NULL,'2025-12-10 21:28:18','2025-12-10 21:28:19',NULL),(176154,'EL2512739',NULL,NULL,6315,1,14351,235302,'ETQ2512213.01',17,NULL,NULL,NULL,NULL,NULL,NULL,NULL,49,NULL,'6',8.00,385.00,1,0,1.57,'385',2.00,'pendiente',NULL,'2025-12-10 21:28:18','2025-12-10 21:28:19',NULL),(176155,'EL2512740',NULL,NULL,6315,1,14351,235302,'ETQ2512213.01',17,NULL,NULL,NULL,NULL,NULL,NULL,NULL,50,NULL,'6',8.00,65.00,1,0,0.27,'65',2.00,'pendiente',NULL,'2025-12-10 21:28:18','2025-12-10 21:28:19',NULL),(176156,'EL2512741',NULL,NULL,6315,1,14350,235304,'ETQ2512214.01',20,NULL,NULL,NULL,NULL,NULL,NULL,NULL,51,NULL,'7',10.00,425.00,1,0,2.71,'425',2.00,'pendiente',NULL,'2025-12-10 21:28:18','2025-12-10 21:28:19',NULL),(176157,'EL2512742',NULL,NULL,6315,1,14351,235306,'ETQ2512214.03',17,NULL,NULL,NULL,NULL,NULL,NULL,NULL,52,NULL,'7',10.00,360.00,1,0,2.30,'360',2.00,'pendiente',NULL,'2025-12-10 21:28:18','2025-12-10 21:28:19',NULL),(176158,'EL2512743',NULL,NULL,6315,1,14350,235304,'ETQ2512214.01',20,NULL,NULL,NULL,NULL,NULL,NULL,NULL,53,NULL,'7',10.00,330.00,1,0,2.10,'330',2.00,'pendiente',NULL,'2025-12-10 21:28:18','2025-12-10 21:28:19',NULL),(176159,'EL2512744',NULL,NULL,6315,1,14350,235304,'ETQ2512214.01',20,NULL,NULL,NULL,NULL,NULL,NULL,NULL,54,NULL,'7',10.00,305.00,2,0,3.89,'305',4.00,'pendiente',NULL,'2025-12-10 21:28:18','2025-12-10 21:28:19',NULL),(176160,'EL2512745',NULL,NULL,6315,1,14351,235306,'ETQ2512214.03',17,NULL,NULL,NULL,NULL,NULL,NULL,NULL,55,NULL,'7',10.00,255.00,2,0,3.25,'255',4.00,'pendiente',NULL,'2025-12-10 21:28:18','2025-12-10 21:28:19',NULL),(176161,'EL2512746',NULL,NULL,6315,1,14350,235304,'ETQ2512214.01',20,NULL,NULL,NULL,NULL,NULL,NULL,NULL,56,NULL,'7',10.00,200.00,1,0,1.28,'200',2.00,'pendiente',NULL,'2025-12-10 21:28:18','2025-12-10 21:28:19',NULL),(176162,'EL2512747',NULL,NULL,6315,1,14351,235306,'ETQ2512214.03',17,NULL,NULL,NULL,NULL,NULL,NULL,NULL,57,NULL,'7',12.00,425.00,1,0,3.90,'425',2.00,'pendiente',NULL,'2025-12-10 21:28:18','2025-12-10 21:28:19',NULL),(176163,'EL2512748',NULL,NULL,6315,1,14350,235304,'ETQ2512214.01',20,NULL,NULL,NULL,NULL,NULL,NULL,NULL,58,NULL,'7',12.00,325.00,2,0,5.96,'325',4.00,'pendiente',NULL,'2025-12-10 21:28:18','2025-12-10 21:28:19',NULL),(176164,'EL2512749',NULL,NULL,6315,1,14350,235305,'ETQ2512214.02',20,NULL,NULL,NULL,NULL,NULL,NULL,NULL,59,NULL,'7',12.00,255.00,1,0,2.34,'255',2.00,'pendiente',NULL,'2025-12-10 21:28:18','2025-12-10 21:28:19',NULL),(176165,'EL2512750',NULL,NULL,6315,1,14351,235306,'ETQ2512214.03',17,NULL,NULL,NULL,NULL,NULL,NULL,NULL,60,NULL,'7',16.00,330.00,1,0,5.38,'330',2.00,'pendiente',NULL,'2025-12-10 21:28:18','2025-12-10 21:28:19',NULL),(176166,'EL2512751',NULL,NULL,6315,1,14350,235305,'ETQ2512214.02',20,NULL,NULL,NULL,NULL,NULL,NULL,NULL,61,NULL,'7',8.00,275.00,1,0,1.12,'275',2.00,'pendiente',NULL,'2025-12-10 21:28:18','2025-12-10 21:28:19',NULL),(176167,'EL2512752',NULL,NULL,6315,1,14350,235305,'ETQ2512214.02',20,NULL,NULL,NULL,NULL,NULL,NULL,NULL,62,NULL,'7',8.00,255.00,2,0,2.08,'255',4.00,'pendiente',NULL,'2025-12-10 21:28:18','2025-12-10 21:28:19',NULL),(176168,'EL2512753',NULL,NULL,6315,1,14351,235306,'ETQ2512214.03',17,NULL,NULL,NULL,NULL,NULL,NULL,NULL,63,NULL,'7',8.00,245.00,1,0,1.00,'245',2.00,'pendiente',NULL,'2025-12-10 21:28:18','2025-12-10 21:28:19',NULL),(176169,'EL2512754',NULL,NULL,6316,1,14352,235308,'ETQ2512215.01',17,NULL,NULL,NULL,NULL,NULL,NULL,NULL,1,NULL,'1',10.00,335.00,2,0,4.27,'335',4.00,'pendiente',NULL,'2025-12-10 21:28:19','2025-12-10 21:28:20',NULL),(176170,'EL2512755',NULL,NULL,6316,1,14353,235309,'ETQ2512215.02',20,NULL,NULL,NULL,NULL,NULL,NULL,NULL,2,NULL,'1',10.00,325.00,3,0,6.22,'325',6.00,'pendiente',NULL,'2025-12-10 21:28:19','2025-12-10 21:28:20',NULL),(176171,'EL2512756',NULL,NULL,6316,1,14352,235308,'ETQ2512215.01',17,NULL,NULL,NULL,NULL,NULL,NULL,NULL,3,NULL,'1',8.00,290.00,2,0,2.37,'290',4.00,'pendiente',NULL,'2025-12-10 21:28:19','2025-12-10 21:28:20',NULL),(176172,'EL2512757',NULL,NULL,6316,1,14352,235308,'ETQ2512215.01',17,NULL,NULL,NULL,NULL,NULL,NULL,NULL,4,NULL,'1',8.00,280.00,1,0,1.14,'280',2.00,'pendiente',NULL,'2025-12-10 21:28:19','2025-12-10 21:28:20',NULL),(176173,'EL2512758',NULL,NULL,6316,1,14353,235309,'ETQ2512215.02',20,NULL,NULL,NULL,NULL,NULL,NULL,NULL,5,NULL,'1',8.00,265.00,3,0,3.24,'265',6.00,'pendiente',NULL,'2025-12-10 21:28:19','2025-12-10 21:28:20',NULL),(176174,'EL2512759',NULL,NULL,6316,1,14353,235309,'ETQ2512215.02',20,NULL,NULL,NULL,NULL,NULL,NULL,NULL,6,NULL,'1',8.00,200.00,4,0,3.27,'200',8.00,'pendiente',NULL,'2025-12-10 21:28:19','2025-12-10 21:28:20',NULL),(176175,'EL2512760',NULL,NULL,6316,1,14353,235309,'ETQ2512215.02',20,NULL,NULL,NULL,NULL,NULL,NULL,NULL,7,NULL,'1',8.00,155.00,1,0,0.63,'155',2.00,'pendiente',NULL,'2025-12-10 21:28:19','2025-12-10 21:28:20',NULL),(176176,'EL2512761',NULL,NULL,6316,1,14353,235309,'ETQ2512215.02',20,NULL,NULL,NULL,NULL,NULL,NULL,'1',8,NULL,'1',8.00,95.00,1,1,0.39,'20	90d	75',1.50,'pendiente',NULL,'2025-12-10 21:28:19','2025-12-10 21:28:20',NULL),(176177,'EL2512762',NULL,NULL,6316,1,14353,235310,'ETQ2512215.03',20,NULL,NULL,NULL,NULL,NULL,NULL,NULL,9,NULL,'1',8.00,65.00,1,0,0.27,'65',2.00,'pendiente',NULL,'2025-12-10 21:28:19','2025-12-10 21:28:20',NULL),(176178,'EL2512763',NULL,NULL,6317,1,14354,235312,'ETQ2512216.01',17,NULL,NULL,NULL,NULL,NULL,NULL,NULL,1,NULL,'1',8.00,465.00,2,0,3.80,'465',4.00,'pendiente',NULL,'2025-12-10 21:28:20','2025-12-10 21:28:20',NULL),(176179,'EL2512764',NULL,NULL,6317,1,14355,235313,'ETQ2512216.02',20,NULL,NULL,NULL,NULL,NULL,NULL,NULL,2,NULL,'1',8.00,365.00,2,0,2.98,'365',4.00,'pendiente',NULL,'2025-12-10 21:28:20','2025-12-10 21:28:20',NULL),(176180,'EL2512765',NULL,NULL,6317,1,14354,235312,'ETQ2512216.01',17,NULL,NULL,NULL,NULL,NULL,NULL,NULL,3,NULL,'1',8.00,305.00,1,0,1.24,'305',2.00,'pendiente',NULL,'2025-12-10 21:28:20','2025-12-10 21:28:20',NULL),(176181,'EL2512766',NULL,NULL,6318,1,14356,235316,'ETQ2512217.01',20,NULL,NULL,NULL,NULL,NULL,NULL,NULL,1,NULL,'1',10.00,195.00,3,0,3.73,'195',6.00,'pendiente',NULL,'2025-12-10 21:28:20','2025-12-10 21:28:20',NULL),(176182,'EL2512767',NULL,NULL,6318,1,14357,235318,'ETQ2512217.03',17,NULL,NULL,NULL,NULL,NULL,NULL,NULL,2,NULL,'1',10.00,190.00,1,0,1.21,'190',2.00,'pendiente',NULL,'2025-12-10 21:28:20','2025-12-10 21:28:20',NULL),(176183,'EL2512768',NULL,NULL,6318,1,14357,235318,'ETQ2512217.03',17,NULL,NULL,NULL,NULL,NULL,NULL,NULL,3,NULL,'1',10.00,155.00,2,0,1.98,'155',4.00,'pendiente',NULL,'2025-12-10 21:28:20','2025-12-10 21:28:20',NULL),(176184,'EL2512769',NULL,NULL,6318,1,14357,235318,'ETQ2512217.03',17,NULL,NULL,NULL,NULL,NULL,NULL,NULL,4,NULL,'1',10.00,150.00,3,0,2.87,'150',6.00,'pendiente',NULL,'2025-12-10 21:28:20','2025-12-10 21:28:20',NULL),(176185,'EL2512770',NULL,NULL,6318,1,14357,235318,'ETQ2512217.03',17,NULL,NULL,NULL,NULL,NULL,NULL,NULL,5,NULL,'1',10.00,145.00,1,0,0.92,'145',2.00,'pendiente',NULL,'2025-12-10 21:28:20','2025-12-10 21:28:20',NULL),(176186,'EL2512771',NULL,NULL,6318,1,14356,235316,'ETQ2512217.01',20,NULL,NULL,NULL,NULL,NULL,NULL,NULL,6,NULL,'1',10.00,120.00,1,0,0.77,'120',2.00,'pendiente',NULL,'2025-12-10 21:28:20','2025-12-10 21:28:20',NULL),(176187,'EL2512772',NULL,NULL,6318,1,14357,235318,'ETQ2512217.03',17,NULL,NULL,NULL,NULL,NULL,NULL,NULL,7,NULL,'1',12.00,200.00,2,0,3.67,'200',4.00,'pendiente',NULL,'2025-12-10 21:28:20','2025-12-10 21:28:20',NULL),(176188,'EL2512773',NULL,NULL,6318,1,14356,235316,'ETQ2512217.01',20,NULL,NULL,NULL,NULL,NULL,NULL,NULL,8,NULL,'1',12.00,175.00,1,0,1.61,'175',2.00,'pendiente',NULL,'2025-12-10 21:28:20','2025-12-10 21:28:20',NULL),(176189,'EL2512774',NULL,NULL,6318,1,14356,235316,'ETQ2512217.01',20,NULL,NULL,NULL,NULL,NULL,NULL,NULL,9,NULL,'1',8.00,155.00,1,0,0.63,'155',2.00,'pendiente',NULL,'2025-12-10 21:28:20','2025-12-10 21:28:20',NULL),(176190,'EL2512775',NULL,NULL,6318,1,14356,235316,'ETQ2512217.01',20,NULL,NULL,NULL,NULL,NULL,NULL,NULL,10,NULL,'1',8.00,135.00,1,0,0.55,'135',2.00,'pendiente',NULL,'2025-12-10 21:28:20','2025-12-10 21:28:20',NULL),(176191,'EL2512776',NULL,NULL,6318,1,14356,235317,'ETQ2512217.02',20,NULL,NULL,NULL,NULL,NULL,NULL,NULL,11,NULL,'1',8.00,130.00,1,0,0.53,'130',2.00,'pendiente',NULL,'2025-12-10 21:28:20','2025-12-10 21:28:20',NULL),(176192,'EL2512777',NULL,NULL,6318,1,14356,235317,'ETQ2512217.02',20,NULL,NULL,NULL,NULL,NULL,NULL,NULL,12,NULL,'1',8.00,115.00,1,0,0.47,'115',2.00,'pendiente',NULL,'2025-12-10 21:28:20','2025-12-10 21:28:20',NULL),(176193,'EL2512778',NULL,NULL,6318,1,14357,235319,'ETQ2512218.01',17,NULL,NULL,NULL,NULL,NULL,NULL,NULL,13,NULL,'2',10.00,205.00,2,0,2.61,'205',4.00,'pendiente',NULL,'2025-12-10 21:28:20','2025-12-10 21:28:20',NULL),(176194,'EL2512779',NULL,NULL,6318,1,14356,235320,'ETQ2512218.02',20,NULL,NULL,NULL,NULL,NULL,NULL,NULL,14,NULL,'2',12.00,200.00,2,0,3.67,'200',4.00,'pendiente',NULL,'2025-12-10 21:28:20','2025-12-10 21:28:20',NULL),(176195,'EL2512780',NULL,NULL,6318,1,14357,235319,'ETQ2512218.01',17,NULL,NULL,NULL,NULL,NULL,NULL,NULL,15,NULL,'2',8.00,205.00,1,0,0.84,'205',2.00,'pendiente',NULL,'2025-12-10 21:28:20','2025-12-10 21:28:20',NULL),(176196,'EL2512781',NULL,NULL,6318,1,14356,235320,'ETQ2512218.02',20,NULL,NULL,NULL,NULL,NULL,NULL,NULL,16,NULL,'2',8.00,190.00,1,0,0.78,'190',2.00,'pendiente',NULL,'2025-12-10 21:28:20','2025-12-10 21:28:20',NULL),(176197,'EL2512782',NULL,NULL,6319,1,14358,235325,'ETQ2512219.01',17,NULL,NULL,NULL,NULL,NULL,NULL,'1',1,NULL,'1',10.00,240.00,1,1,1.53,'20	90d	220',1.50,'pendiente',NULL,'2025-12-10 21:28:20','2025-12-10 21:28:21',NULL),(176198,'EL2512783',NULL,NULL,6319,1,14359,235326,'ETQ2512219.02',20,NULL,NULL,NULL,NULL,NULL,NULL,'1',2,NULL,'1',8.00,260.00,1,1,1.06,'20	90d	240',1.50,'pendiente',NULL,'2025-12-10 21:28:20','2025-12-10 21:28:21',NULL),(176199,'EL2512784',NULL,NULL,6319,1,14359,235326,'ETQ2512219.02',20,NULL,NULL,NULL,NULL,NULL,NULL,'1',3,NULL,'1',8.00,250.00,1,1,1.02,'20	90d	230',1.50,'pendiente',NULL,'2025-12-10 21:28:20','2025-12-10 21:28:21',NULL),(176200,'EL2512785',NULL,NULL,6319,1,14358,235327,'ETQ2512220.01',17,NULL,NULL,NULL,NULL,NULL,NULL,'1',4,NULL,'2',10.00,530.00,1,1,3.38,'20	90d	510',1.50,'pendiente',NULL,'2025-12-10 21:28:21','2025-12-10 21:28:21',NULL),(176201,'EL2512786',NULL,NULL,6319,1,14359,235328,'ETQ2512220.02',20,NULL,NULL,NULL,NULL,NULL,NULL,NULL,5,NULL,'2',10.00,265.00,1,0,1.69,'265',2.00,'pendiente',NULL,'2025-12-10 21:28:21','2025-12-10 21:28:21',NULL),(176202,'EL2512787',NULL,NULL,6319,1,14358,235329,'ETQ2512221.01',17,NULL,NULL,NULL,NULL,NULL,NULL,NULL,6,NULL,'3',8.00,270.00,1,0,1.10,'270',2.00,'pendiente',NULL,'2025-12-10 21:28:21','2025-12-10 21:28:21',NULL),(176203,'EL2512788',NULL,NULL,6319,1,14359,235330,'ETQ2512222.01',20,NULL,NULL,NULL,NULL,NULL,NULL,'1',7,NULL,'4',10.00,255.00,1,1,1.63,'20	90d	235',1.50,'pendiente',NULL,'2025-12-10 21:28:21','2025-12-10 21:28:21',NULL),(176204,'EL2512789',NULL,NULL,6319,1,14358,235331,'ETQ2512222.02',17,NULL,NULL,NULL,NULL,NULL,NULL,'1',8,NULL,'4',10.00,240.00,1,1,1.53,'20	90d	220',1.50,'pendiente',NULL,'2025-12-10 21:28:21','2025-12-10 21:28:21',NULL),(176205,'EL2512790',NULL,NULL,6319,1,14358,235331,'ETQ2512222.02',17,NULL,NULL,NULL,NULL,NULL,NULL,'1',9,NULL,'4',10.00,230.00,1,1,1.47,'20	90d	210',1.50,'pendiente',NULL,'2025-12-10 21:28:21','2025-12-10 21:28:21',NULL),(176206,'EL2512791',NULL,NULL,6319,1,14359,235330,'ETQ2512222.01',20,NULL,NULL,NULL,NULL,NULL,NULL,'1',10,NULL,'4',12.00,240.00,1,1,2.20,'20	90d	220',1.50,'pendiente',NULL,'2025-12-10 21:28:21','2025-12-10 21:28:21',NULL),(176207,'EL2512792',NULL,NULL,6319,1,14359,235330,'ETQ2512222.01',20,NULL,NULL,NULL,NULL,NULL,NULL,'1',11,NULL,'4',12.00,230.00,1,1,2.11,'20	90d	210',1.50,'pendiente',NULL,'2025-12-10 21:28:21','2025-12-10 21:28:21',NULL),(176208,'EL2512793',NULL,NULL,6319,1,14359,235330,'ETQ2512222.01',20,NULL,NULL,NULL,NULL,NULL,NULL,'1',12,NULL,'4',8.00,200.00,1,1,0.82,'20	90d	180',1.50,'pendiente',NULL,'2025-12-10 21:28:21','2025-12-10 21:28:21',NULL),(176209,'EL2512794',NULL,NULL,6320,1,14360,235339,'ETQ2512223.01',20,NULL,NULL,NULL,NULL,NULL,NULL,'2',1,NULL,'1',12.00,504.00,7,2,32.37,'12	90d	480	90d	12',21.00,'pendiente',NULL,'2025-12-10 21:28:21','2025-12-10 21:28:22',NULL),(176210,'EL2512795',NULL,NULL,6320,1,14361,235340,'ETQ2512224.01',17,NULL,NULL,NULL,NULL,NULL,NULL,'2',2,NULL,'2',12.00,203.00,22,2,40.98,'12	90d	179	90d	12',66.00,'pendiente',NULL,'2025-12-10 21:28:21','2025-12-10 21:28:22',NULL),(176211,'EL2512796',NULL,NULL,6320,1,14361,235341,'ETQ2512225.01',17,NULL,NULL,NULL,NULL,NULL,NULL,'2',3,NULL,'3',10.00,504.00,7,2,22.49,'12	90d	480	90d	12',21.00,'pendiente',NULL,'2025-12-10 21:28:21','2025-12-10 21:28:22',NULL),(176212,'EL2512797',NULL,NULL,6320,1,14360,235342,'ETQ2512226.01',20,NULL,NULL,NULL,NULL,NULL,NULL,'2',4,NULL,'4',10.00,203.00,22,2,28.47,'12	90d	179	90d	12',66.00,'pendiente',NULL,'2025-12-10 21:28:21','2025-12-10 21:28:22',NULL),(176213,'EL2512798',NULL,NULL,6320,1,14361,235343,'ETQ2512227.01',17,NULL,NULL,NULL,NULL,NULL,NULL,'26',5,NULL,'5',10.00,144.00,8,4,7.34,'40	90d	12	-90d	40	-90d	12	90d	40',48.00,'pendiente',NULL,'2025-12-10 21:28:21','2025-12-10 21:28:22',NULL),(176214,'EL2512799',NULL,NULL,6320,1,14361,235344,'ETQ2512228.01',17,NULL,NULL,NULL,NULL,NULL,NULL,NULL,6,NULL,'6',8.00,175.00,6,0,4.29,'175',12.00,'pendiente',NULL,'2025-12-10 21:28:21','2025-12-10 21:28:22',NULL),(176215,'EL2512800',NULL,NULL,6320,1,14360,235345,'ETQ2512229.01',20,NULL,NULL,NULL,NULL,NULL,NULL,'1',7,NULL,'7',12.00,145.00,5,1,6.65,'15	90d	130',7.50,'pendiente',NULL,'2025-12-10 21:28:21','2025-12-10 21:28:22',NULL),(176216,'EL2512801',NULL,NULL,6320,1,14361,235346,'ETQ2512229.02',17,NULL,NULL,NULL,NULL,NULL,NULL,'1',8,NULL,'7',10.00,135.00,4,1,3.44,'15	90d	120',6.00,'pendiente',NULL,'2025-12-10 21:28:21','2025-12-10 21:28:22',NULL),(176217,'EL2512802',NULL,NULL,6320,1,14360,235345,'ETQ2512229.01',20,NULL,NULL,NULL,NULL,NULL,NULL,'1',9,NULL,'7',8.00,130.00,15,1,7.96,'15	90d	115',22.50,'pendiente',NULL,'2025-12-10 21:28:21','2025-12-10 21:28:22',NULL),(176218,'EL2512803',NULL,NULL,6321,1,14362,235353,'ETQ2512230.01',20,NULL,NULL,NULL,NULL,NULL,NULL,'1',1,NULL,'1',12.00,1200.00,17,1,187.19,'12	90d	1188',25.50,'pendiente',NULL,'2025-12-10 21:28:22','2025-12-10 21:28:23',NULL),(176219,'EL2512804',NULL,NULL,6321,1,14362,235354,'ETQ2512231.01',20,NULL,NULL,NULL,NULL,NULL,NULL,'1',2,NULL,'2',12.00,831.00,17,1,129.63,'12	90d	819',25.50,'pendiente',NULL,'2025-12-10 21:28:22','2025-12-10 21:28:23',NULL),(176220,'EL2512805',NULL,NULL,6321,1,14363,235355,'ETQ2512232.01',17,NULL,NULL,NULL,NULL,NULL,NULL,'2',3,NULL,'3',12.00,466.00,19,2,81.24,'12	90d	442	90d	12',57.00,'pendiente',NULL,'2025-12-10 21:28:22','2025-12-10 21:28:23',NULL),(176221,'EL2512806',NULL,NULL,6321,1,14363,235356,'ETQ2512233.01',17,NULL,NULL,NULL,NULL,NULL,NULL,'2',4,NULL,'4',12.00,555.00,10,2,50.93,'12	90d	531	90d	12',30.00,'pendiente',NULL,'2025-12-10 21:28:22','2025-12-10 21:28:23',NULL),(176222,'EL2512807',NULL,NULL,6321,1,14363,235357,'ETQ2512234.01',17,NULL,NULL,NULL,NULL,NULL,NULL,'26',5,NULL,'5',12.00,144.00,70,4,92.49,'40	90d	12	-90d	40	-90d	12	90d	40',420.00,'pendiente',NULL,'2025-12-10 21:28:22','2025-12-10 21:28:23',NULL),(176223,'EL2512808',NULL,NULL,6321,0,14364,235358,'ETQ2512235.01',23,NULL,NULL,NULL,NULL,NULL,NULL,NULL,6,NULL,'6',10.00,600.00,6,0,22.95,'600',12.00,'pendiente',NULL,'2025-12-10 21:28:22','2025-12-10 21:28:23',NULL),(176224,'EL2512809',NULL,NULL,6322,1,14365,235362,'ETQ2512236.01',17,NULL,NULL,NULL,NULL,NULL,NULL,'2',1,NULL,'1',12.00,544.00,26,2,129.78,'12	90d	520	90d	12',78.00,'pendiente',NULL,'2025-12-10 21:28:23','2025-12-10 21:28:23',NULL),(176225,'EL2512810',NULL,NULL,6322,1,14366,235363,'ETQ2512237.01',20,NULL,NULL,NULL,NULL,NULL,NULL,'2',2,NULL,'2',12.00,353.00,49,2,158.72,'12	90d	329	90d	12',147.00,'pendiente',NULL,'2025-12-10 21:28:23','2025-12-10 21:28:23',NULL),(176226,'EL2512811',NULL,NULL,6322,1,14365,235364,'ETQ2512238.01',17,NULL,NULL,NULL,NULL,NULL,NULL,'2',3,NULL,'3',12.00,713.00,23,2,150.48,'12	90d	689	90d	12',69.00,'pendiente',NULL,'2025-12-10 21:28:23','2025-12-10 21:28:23',NULL),(176227,'EL2512812',NULL,NULL,6323,1,14367,235373,'ETQ2512239.01',20,NULL,NULL,NULL,NULL,NULL,NULL,'1',1,NULL,'1',10.00,1200.00,16,1,122.41,'12	90d	1188',24.00,'pendiente',NULL,'2025-12-10 21:28:23','2025-12-10 21:28:24',NULL),(176228,'EL2512813',NULL,NULL,6323,1,14368,235374,'ETQ2512240.01',17,NULL,NULL,NULL,NULL,NULL,NULL,'1',2,NULL,'2',10.00,841.00,16,1,85.79,'12	90d	829',24.00,'pendiente',NULL,'2025-12-10 21:28:23','2025-12-10 21:28:24',NULL),(176229,'EL2512814',NULL,NULL,6323,1,14368,235375,'ETQ2512241.01',17,NULL,NULL,NULL,NULL,NULL,NULL,'2',3,NULL,'3',10.00,466.00,18,2,53.48,'12	90d	442	90d	12',54.00,'pendiente',NULL,'2025-12-10 21:28:23','2025-12-10 21:28:24',NULL),(176230,'EL2512815',NULL,NULL,6323,1,14367,235376,'ETQ2512242.01',20,NULL,NULL,NULL,NULL,NULL,NULL,'2',4,NULL,'4',10.00,555.00,10,2,35.38,'12	90d	531	90d	12',30.00,'pendiente',NULL,'2025-12-10 21:28:23','2025-12-10 21:28:24',NULL),(176231,'EL2512816',NULL,NULL,6323,1,14368,235377,'ETQ2512243.01',17,NULL,NULL,NULL,NULL,NULL,NULL,NULL,5,NULL,'5',10.00,195.00,3,0,3.73,'195',6.00,'pendiente',NULL,'2025-12-10 21:28:23','2025-12-10 21:28:24',NULL),(176232,'EL2512817',NULL,NULL,6323,1,14368,235377,'ETQ2512243.01',17,NULL,NULL,NULL,NULL,NULL,NULL,NULL,6,NULL,'5',10.00,90.00,3,0,1.72,'90',6.00,'pendiente',NULL,'2025-12-10 21:28:23','2025-12-10 21:28:24',NULL),(176233,'EL2512818',NULL,NULL,6323,1,14368,235377,'ETQ2512243.01',17,NULL,NULL,NULL,NULL,NULL,NULL,NULL,7,NULL,'5',8.00,190.00,3,0,2.33,'190',6.00,'pendiente',NULL,'2025-12-10 21:28:23','2025-12-10 21:28:24',NULL),(176234,'EL2512819',NULL,NULL,6323,1,14367,235378,'ETQ2512243.02',20,NULL,NULL,NULL,NULL,NULL,NULL,'1',8,NULL,'5',8.00,190.00,5,1,3.88,'15	90d	175',7.50,'pendiente',NULL,'2025-12-10 21:28:23','2025-12-10 21:28:24',NULL),(176235,'EL2512820',NULL,NULL,6323,1,14368,235377,'ETQ2512243.01',17,NULL,NULL,NULL,NULL,NULL,NULL,NULL,9,NULL,'5',8.00,110.00,3,0,1.35,'110',6.00,'pendiente',NULL,'2025-12-10 21:28:23','2025-12-10 21:28:24',NULL),(176236,'EL2512821',NULL,NULL,6323,1,14367,235379,'ETQ2512244.01',20,NULL,NULL,NULL,NULL,NULL,NULL,NULL,10,NULL,'6',10.00,325.00,3,0,6.22,'325',6.00,'pendiente',NULL,'2025-12-10 21:28:23','2025-12-10 21:28:24',NULL),(176237,'EL2512822',NULL,NULL,6323,1,14368,235380,'ETQ2512244.02',17,NULL,NULL,NULL,NULL,NULL,NULL,NULL,11,NULL,'6',10.00,185.00,4,0,4.72,'185',8.00,'pendiente',NULL,'2025-12-10 21:28:23','2025-12-10 21:28:24',NULL),(176238,'EL2512823',NULL,NULL,6323,1,14368,235380,'ETQ2512244.02',17,NULL,NULL,NULL,NULL,NULL,NULL,NULL,12,NULL,'6',12.00,210.00,4,0,7.71,'210',8.00,'pendiente',NULL,'2025-12-10 21:28:23','2025-12-10 21:28:24',NULL),(176239,'EL2512824',NULL,NULL,6323,1,14368,235380,'ETQ2512244.02',17,NULL,NULL,NULL,NULL,NULL,NULL,NULL,13,NULL,'6',8.00,355.00,5,0,7.24,'355',10.00,'pendiente',NULL,'2025-12-10 21:28:23','2025-12-10 21:28:24',NULL),(176240,'EL2512825',NULL,NULL,6323,1,14368,235380,'ETQ2512244.02',17,NULL,NULL,NULL,NULL,NULL,NULL,NULL,14,NULL,'6',8.00,90.00,3,0,1.10,'90',6.00,'pendiente',NULL,'2025-12-10 21:28:23','2025-12-10 21:28:24',NULL),(176241,'EL2512826',NULL,NULL,6323,1,14368,235381,'ETQ2512245.01',17,NULL,NULL,NULL,NULL,NULL,NULL,NULL,15,NULL,'7',8.00,315.00,5,0,6.43,'315',10.00,'pendiente',NULL,'2025-12-10 21:28:23','2025-12-10 21:28:24',NULL),(176242,'EL2512827',NULL,NULL,6323,1,14368,235382,'ETQ2512246.01',17,NULL,NULL,NULL,NULL,NULL,NULL,NULL,16,NULL,'8',10.00,170.00,3,0,3.25,'170',6.00,'pendiente',NULL,'2025-12-10 21:28:23','2025-12-10 21:28:24',NULL),(176243,'EL2512828',NULL,NULL,6323,1,14368,235382,'ETQ2512246.01',17,NULL,NULL,NULL,NULL,NULL,NULL,NULL,17,NULL,'8',10.00,110.00,3,0,2.10,'110',6.00,'pendiente',NULL,'2025-12-10 21:28:23','2025-12-10 21:28:24',NULL),(176244,'EL2512829',NULL,NULL,6323,1,14368,235382,'ETQ2512246.01',17,NULL,NULL,NULL,NULL,NULL,NULL,NULL,18,NULL,'8',8.00,250.00,4,0,4.08,'250',8.00,'pendiente',NULL,'2025-12-10 21:28:23','2025-12-10 21:28:24',NULL),(176245,'EL2512830',NULL,NULL,6323,1,14368,235382,'ETQ2512246.01',17,NULL,NULL,NULL,NULL,NULL,NULL,NULL,19,NULL,'8',8.00,90.00,3,0,1.10,'90',6.00,'pendiente',NULL,'2025-12-10 21:28:23','2025-12-10 21:28:24',NULL),(176246,'EL2512831',NULL,NULL,6323,1,14368,235382,'ETQ2512246.01',17,NULL,NULL,NULL,NULL,NULL,NULL,NULL,20,NULL,'8',8.00,60.00,3,0,0.73,'60',6.00,'pendiente',NULL,'2025-12-10 21:28:23','2025-12-10 21:28:24',NULL),(176247,'EL2512832',NULL,NULL,6324,1,14369,235390,'ETQ2512247.01',20,NULL,NULL,NULL,NULL,NULL,NULL,'2',1,NULL,'1',10.00,544.00,25,2,86.71,'12	90d	520	90d	12',75.00,'pendiente',NULL,'2025-12-10 21:28:24','2025-12-10 21:28:25',NULL),(176248,'EL2512833',NULL,NULL,6324,1,14370,235391,'ETQ2512248.01',17,NULL,NULL,NULL,NULL,NULL,NULL,'2',2,NULL,'2',10.00,353.00,51,2,114.78,'12	90d	329	90d	12',153.00,'pendiente',NULL,'2025-12-10 21:28:24','2025-12-10 21:28:25',NULL),(176249,'EL2512834',NULL,NULL,6324,1,14369,235392,'ETQ2512249.01',20,NULL,NULL,NULL,NULL,NULL,NULL,'2',3,NULL,'3',10.00,713.00,22,2,100.01,'12	90d	689	90d	12',66.00,'pendiente',NULL,'2025-12-10 21:28:24','2025-12-10 21:28:25',NULL),(176250,'EL2512835',NULL,NULL,6324,1,14369,235393,'ETQ2512250.01',20,NULL,NULL,NULL,NULL,NULL,NULL,NULL,4,NULL,'4',10.00,160.00,5,0,5.10,'160',10.00,'pendiente',NULL,'2025-12-10 21:28:24','2025-12-10 21:28:25',NULL),(176251,'EL2512836',NULL,NULL,6324,1,14369,235394,'ETQ2512251.01',20,NULL,NULL,NULL,NULL,NULL,NULL,NULL,5,NULL,'5',8.00,165.00,6,0,4.04,'165',12.00,'pendiente',NULL,'2025-12-10 21:28:24','2025-12-10 21:28:25',NULL),(176252,'EL2512837',NULL,NULL,6324,1,14369,235394,'ETQ2512251.01',20,NULL,NULL,NULL,NULL,NULL,NULL,NULL,6,NULL,'5',8.00,70.00,4,0,1.14,'70',8.00,'pendiente',NULL,'2025-12-10 21:28:24','2025-12-10 21:28:25',NULL),(176253,'EL2512838',NULL,NULL,6324,1,14369,235395,'ETQ2512252.01',20,NULL,NULL,NULL,NULL,NULL,NULL,NULL,7,NULL,'6',8.00,55.00,8,0,1.80,'55',16.00,'pendiente',NULL,'2025-12-10 21:28:24','2025-12-10 21:28:25',NULL),(176254,'EL2512839',NULL,NULL,6324,1,14369,235396,'ETQ2512253.01',20,NULL,NULL,NULL,NULL,NULL,NULL,NULL,8,NULL,'7',8.00,210.00,5,0,4.29,'210',10.00,'pendiente',NULL,'2025-12-10 21:28:25','2025-12-10 21:28:25',NULL),(176255,'EL2512840',NULL,NULL,6324,1,14369,235396,'ETQ2512253.01',20,NULL,NULL,NULL,NULL,NULL,NULL,NULL,9,NULL,'7',8.00,125.00,4,0,2.04,'125',8.00,'pendiente',NULL,'2025-12-10 21:28:25','2025-12-10 21:28:25',NULL),(176256,'EL2512841',NULL,NULL,6325,1,14371,235416,'ETQ2512254.01',17,NULL,NULL,NULL,NULL,NULL,NULL,'E430',1,NULL,'1',8.00,90.00,416,4,152.82,'15	90d	23	-90d	14	-90d	23	90d	15',2496.00,'pendiente',NULL,'2025-12-10 21:28:25','2025-12-10 21:28:27',NULL),(176257,'EL2512842',NULL,NULL,6325,1,14371,235417,'ETQ2512255.01',17,NULL,NULL,NULL,NULL,NULL,NULL,NULL,2,NULL,'2',8.00,40.00,416,0,67.92,'40',832.00,'pendiente',NULL,'2025-12-10 21:28:25','2025-12-10 21:28:27',NULL),(176258,'EL2512843',NULL,NULL,6325,0,14372,235418,'ETQ2512256.01',23,NULL,NULL,NULL,NULL,NULL,NULL,NULL,3,NULL,'3',10.00,600.00,20,0,76.51,'600',40.00,'pendiente',NULL,'2025-12-10 21:28:25','2025-12-10 21:28:27',NULL),(176259,'EL2512844',NULL,NULL,6325,1,14373,235419,'ETQ2512257.01',20,NULL,NULL,NULL,NULL,NULL,NULL,'100',4,NULL,'4',8.00,130.00,6,1,3.18,'30	30d	100',9.00,'pendiente',NULL,'2025-12-10 21:28:25','2025-12-10 21:28:27',NULL),(176260,'EL2512845',NULL,NULL,6325,1,14373,235419,'ETQ2512257.01',20,NULL,NULL,NULL,NULL,NULL,NULL,'602',5,NULL,'4',8.00,130.00,6,2,3.18,'15	90d	15	30d	100',18.00,'pendiente',NULL,'2025-12-10 21:28:25','2025-12-10 21:28:27',NULL),(176261,'EL2512846',NULL,NULL,6325,1,14373,235420,'ETQ2512258.01',20,NULL,NULL,NULL,NULL,NULL,NULL,'IMPORTED',6,NULL,'5',8.00,134.00,1,6,0.55,'15	90d	22	-90d	19	-90d	22	90d	19	90d	22	-90d	15',9.00,'pendiente',NULL,'2025-12-10 21:28:25','2025-12-10 21:28:27',NULL),(176262,'EL2512847',NULL,NULL,6325,1,14373,235421,'ETQ2512259.01',20,NULL,NULL,NULL,NULL,NULL,NULL,'IMPORTED',7,NULL,'6',10.00,175.00,1,8,1.12,'15	90d	22	-90d	19	-90d	22	90d	19	90d	22	-90d	19	-90d	22	90d	15',12.00,'pendiente',NULL,'2025-12-10 21:28:25','2025-12-10 21:28:27',NULL),(176263,'EL2512848',NULL,NULL,6325,1,14373,235422,'ETQ2512260.01',20,NULL,NULL,NULL,NULL,NULL,NULL,'8',8,NULL,'7',8.00,52.00,2,2,0.42,'15	90d	22	-90d	15',6.00,'pendiente',NULL,'2025-12-10 21:28:25','2025-12-10 21:28:27',NULL),(176264,'EL2512849',NULL,NULL,6325,1,14373,235423,'ETQ2512261.01',20,NULL,NULL,NULL,NULL,NULL,NULL,'8',9,NULL,'8',8.00,52.00,4,2,0.85,'15	90d	22	-90d	15',12.00,'pendiente',NULL,'2025-12-10 21:28:25','2025-12-10 21:28:27',NULL),(176265,'EL2512850',NULL,NULL,6325,1,14373,235423,'ETQ2512261.01',20,NULL,NULL,NULL,NULL,NULL,NULL,'IMPORTED',10,NULL,'8',10.00,134.00,2,6,1.71,'15	90d	22	-90d	19	-90d	22	90d	19	90d	22	-90d	15',18.00,'pendiente',NULL,'2025-12-10 21:28:25','2025-12-10 21:28:27',NULL),(176266,'EL2512851',NULL,NULL,6325,1,14373,235423,'ETQ2512261.01',20,NULL,NULL,NULL,NULL,NULL,NULL,'IMPORTED',11,NULL,'8',8.00,175.00,1,8,0.71,'15	90d	22	-90d	19	-90d	22	90d	19	90d	22	-90d	19	-90d	22	90d	15',12.00,'pendiente',NULL,'2025-12-10 21:28:25','2025-12-10 21:28:27',NULL),(176267,'EL2512852',NULL,NULL,6325,1,14373,235424,'ETQ2512262.01',20,NULL,NULL,NULL,NULL,NULL,NULL,'8',12,NULL,'9',10.00,52.00,1,2,0.33,'15	90d	22	-90d	15',3.00,'pendiente',NULL,'2025-12-10 21:28:25','2025-12-10 21:28:27',NULL),(176268,'EL2512853',NULL,NULL,6325,1,14373,235424,'ETQ2512262.01',20,NULL,NULL,NULL,NULL,NULL,NULL,'8',13,NULL,'9',8.00,52.00,6,2,1.27,'15	90d	22	-90d	15',18.00,'pendiente',NULL,'2025-12-10 21:28:25','2025-12-10 21:28:27',NULL),(176269,'EL2512854',NULL,NULL,6325,1,14373,235424,'ETQ2512262.01',20,NULL,NULL,NULL,NULL,NULL,NULL,'IMPORTED',14,NULL,'9',10.00,93.00,2,4,1.19,'15	90d	22	-90d	19	-90d	22	90d	15',12.00,'pendiente',NULL,'2025-12-10 21:28:25','2025-12-10 21:28:27',NULL),(176270,'EL2512855',NULL,NULL,6325,1,14373,235424,'ETQ2512262.01',20,NULL,NULL,NULL,NULL,NULL,NULL,'IMPORTED',15,NULL,'9',8.00,93.00,1,4,0.38,'15	90d	22	-90d	19	-90d	22	90d	15',6.00,'pendiente',NULL,'2025-12-10 21:28:25','2025-12-10 21:28:27',NULL),(176271,'EL2512856',NULL,NULL,6325,1,14371,235425,'ETQ2512262.02',17,NULL,NULL,NULL,NULL,NULL,NULL,'IMPORTED',16,NULL,'9',10.00,134.00,3,6,2.56,'15	90d	22	-90d	19	-90d	22	90d	19	90d	22	-90d	15',27.00,'pendiente',NULL,'2025-12-10 21:28:25','2025-12-10 21:28:27',NULL),(176272,'EL2512857',NULL,NULL,6325,1,14373,235426,'ETQ2512263.01',20,NULL,NULL,NULL,NULL,NULL,NULL,'8',17,NULL,'10',8.00,52.00,5,2,1.06,'15	90d	22	-90d	15',15.00,'pendiente',NULL,'2025-12-10 21:28:25','2025-12-10 21:28:27',NULL),(176273,'EL2512858',NULL,NULL,6325,1,14373,235426,'ETQ2512263.01',20,NULL,NULL,NULL,NULL,NULL,NULL,'IMPORTED',18,NULL,'10',10.00,93.00,2,4,1.19,'15	90d	22	-90d	19	-90d	22	90d	15',12.00,'pendiente',NULL,'2025-12-10 21:28:25','2025-12-10 21:28:27',NULL),(176274,'EL2512859',NULL,NULL,6325,1,14373,235426,'ETQ2512263.01',20,NULL,NULL,NULL,NULL,NULL,NULL,'IMPORTED',19,NULL,'10',10.00,175.00,2,8,2.23,'15	90d	22	-90d	19	-90d	22	90d	19	90d	22	-90d	19	-90d	22	90d	15',24.00,'pendiente',NULL,'2025-12-10 21:28:25','2025-12-10 21:28:27',NULL),(176275,'EL2512860',NULL,NULL,6325,1,14373,235426,'ETQ2512263.01',20,NULL,NULL,NULL,NULL,NULL,NULL,'IMPORTED',20,NULL,'10',10.00,134.00,3,6,2.56,'15	90d	22	-90d	19	-90d	22	90d	19	90d	22	-90d	15',27.00,'pendiente',NULL,'2025-12-10 21:28:25','2025-12-10 21:28:27',NULL),(176276,'EL2512861',NULL,NULL,6325,1,14373,235427,'ETQ2512264.01',20,NULL,NULL,NULL,NULL,NULL,NULL,'8',21,NULL,'11',8.00,52.00,3,2,0.64,'15	90d	22	-90d	15',9.00,'pendiente',NULL,'2025-12-10 21:28:25','2025-12-10 21:28:27',NULL),(176277,'EL2512862',NULL,NULL,6325,1,14373,235427,'ETQ2512264.01',20,NULL,NULL,NULL,NULL,NULL,NULL,'IMPORTED',22,NULL,'11',8.00,175.00,1,8,0.71,'15	90d	22	-90d	19	-90d	22	90d	19	90d	22	-90d	19	-90d	22	90d	15',12.00,'pendiente',NULL,'2025-12-10 21:28:25','2025-12-10 21:28:27',NULL),(176278,'EL2512863',NULL,NULL,6325,1,14373,235428,'ETQ2512265.01',20,NULL,NULL,NULL,NULL,NULL,NULL,'8',23,NULL,'12',8.00,52.00,3,2,0.64,'15	90d	22	-90d	15',9.00,'pendiente',NULL,'2025-12-10 21:28:25','2025-12-10 21:28:27',NULL),(176279,'EL2512864',NULL,NULL,6325,1,14373,235428,'ETQ2512265.01',20,NULL,NULL,NULL,NULL,NULL,NULL,'IMPORTED',24,NULL,'12',8.00,93.00,2,4,0.76,'15	90d	22	-90d	19	-90d	22	90d	15',12.00,'pendiente',NULL,'2025-12-10 21:28:25','2025-12-10 21:28:27',NULL),(176280,'EL2512865',NULL,NULL,6325,1,14371,235429,'ETQ2512265.02',17,NULL,NULL,NULL,NULL,NULL,NULL,'IMPORTED',25,NULL,'12',10.00,134.00,1,6,0.85,'15	90d	22	-90d	19	-90d	22	90d	19	90d	22	-90d	15',9.00,'pendiente',NULL,'2025-12-10 21:28:25','2025-12-10 21:28:27',NULL),(176281,'EL2512866',NULL,NULL,6325,1,14373,235428,'ETQ2512265.01',20,NULL,NULL,NULL,NULL,NULL,NULL,'IMPORTED',26,NULL,'12',12.00,175.00,1,8,1.61,'15	90d	22	-90d	19	-90d	22	90d	19	90d	22	-90d	19	-90d	22	90d	15',12.00,'pendiente',NULL,'2025-12-10 21:28:25','2025-12-10 21:28:27',NULL),(176282,'EL2512867',NULL,NULL,6325,1,14373,235428,'ETQ2512265.01',20,NULL,NULL,NULL,NULL,NULL,NULL,'IMPORTED',27,NULL,'12',12.00,134.00,2,6,2.46,'15	90d	22	-90d	19	-90d	22	90d	19	90d	22	-90d	15',18.00,'pendiente',NULL,'2025-12-10 21:28:25','2025-12-10 21:28:27',NULL),(176283,'EL2512868',NULL,NULL,6325,1,14373,235430,'ETQ2512266.01',20,NULL,NULL,NULL,NULL,NULL,NULL,'IMPORTED',28,NULL,'13',10.00,175.00,2,8,2.23,'15	90d	22	-90d	19	-90d	22	90d	19	90d	22	-90d	19	-90d	22	90d	15',24.00,'pendiente',NULL,'2025-12-10 21:28:25','2025-12-10 21:28:27',NULL),(176284,'EL2512869',NULL,NULL,6325,1,14373,235430,'ETQ2512266.01',20,NULL,NULL,NULL,NULL,NULL,NULL,'IMPORTED',29,NULL,'13',8.00,93.00,3,4,1.14,'15	90d	22	-90d	19	-90d	22	90d	15',18.00,'pendiente',NULL,'2025-12-10 21:28:25','2025-12-10 21:28:27',NULL),(176285,'EL2512870',NULL,NULL,6325,1,14373,235430,'ETQ2512266.01',20,NULL,NULL,NULL,NULL,NULL,NULL,'IMPORTED',30,NULL,'13',10.00,134.00,1,6,0.85,'15	90d	22	-90d	19	-90d	22	90d	19	90d	22	-90d	15',9.00,'pendiente',NULL,'2025-12-10 21:28:25','2025-12-10 21:28:27',NULL),(176286,'EL2512871',NULL,NULL,6325,1,14371,235431,'ETQ2512266.02',17,NULL,NULL,NULL,NULL,NULL,NULL,'IMPORTED',31,NULL,'13',8.00,134.00,2,6,1.09,'15	90d	22	-90d	19	-90d	22	90d	19	90d	22	-90d	15',18.00,'pendiente',NULL,'2025-12-10 21:28:25','2025-12-10 21:28:27',NULL),(176287,'EL2512872',NULL,NULL,6325,1,14373,235432,'ETQ2512267.01',20,NULL,NULL,NULL,NULL,NULL,NULL,'IMPORTED',32,NULL,'14',10.00,93.00,1,4,0.59,'15	90d	22	-90d	19	-90d	22	90d	15',6.00,'pendiente',NULL,'2025-12-10 21:28:25','2025-12-10 21:28:27',NULL),(176288,'EL2512873',NULL,NULL,6325,1,14373,235433,'ETQ2512268.01',20,NULL,NULL,NULL,NULL,NULL,NULL,'8',33,NULL,'15',8.00,52.00,1,2,0.21,'15	90d	22	-90d	15',3.00,'pendiente',NULL,'2025-12-10 21:28:25','2025-12-10 21:28:27',NULL),(176289,'EL2512874',NULL,NULL,6325,1,14373,235433,'ETQ2512268.01',20,NULL,NULL,NULL,NULL,NULL,NULL,'IMPORTED',34,NULL,'15',10.00,93.00,6,4,3.56,'15	90d	22	-90d	19	-90d	22	90d	15',36.00,'pendiente',NULL,'2025-12-10 21:28:25','2025-12-10 21:28:27',NULL),(176290,'EL2512875',NULL,NULL,6325,1,14373,235433,'ETQ2512268.01',20,NULL,NULL,NULL,NULL,NULL,NULL,'IMPORTED',35,NULL,'15',8.00,93.00,1,4,0.38,'15	90d	22	-90d	19	-90d	22	90d	15',6.00,'pendiente',NULL,'2025-12-10 21:28:25','2025-12-10 21:28:27',NULL),(176291,'EL2512876',NULL,NULL,6325,1,14371,235434,'ETQ2512268.02',17,NULL,NULL,NULL,NULL,NULL,NULL,'IMPORTED',36,NULL,'15',10.00,134.00,3,6,2.56,'15	90d	22	-90d	19	-90d	22	90d	19	90d	22	-90d	15',27.00,'pendiente',NULL,'2025-12-10 21:28:25','2025-12-10 21:28:27',NULL),(176292,'EL2512877',NULL,NULL,6325,1,14373,235433,'ETQ2512268.01',20,NULL,NULL,NULL,NULL,NULL,NULL,'IMPORTED',37,NULL,'15',10.00,175.00,1,8,1.12,'15	90d	22	-90d	19	-90d	22	90d	19	90d	22	-90d	19	-90d	22	90d	15',12.00,'pendiente',NULL,'2025-12-10 21:28:25','2025-12-10 21:28:27',NULL),(176293,'EL2512878',NULL,NULL,6325,1,14373,235435,'ETQ2512269.01',20,NULL,NULL,NULL,NULL,NULL,NULL,'IMPORTED',38,NULL,'16',8.00,93.00,1,4,0.38,'15	90d	22	-90d	19	-90d	22	90d	15',6.00,'pendiente',NULL,'2025-12-10 21:28:25','2025-12-10 21:28:27',NULL),(176294,'EL2512879',NULL,NULL,6325,1,14373,235435,'ETQ2512269.01',20,NULL,NULL,NULL,NULL,NULL,NULL,'IMPORTED',39,NULL,'16',8.00,134.00,1,6,0.55,'15	90d	22	-90d	19	-90d	22	90d	19	90d	22	-90d	15',9.00,'pendiente',NULL,'2025-12-10 21:28:25','2025-12-10 21:28:27',NULL),(176295,'EL2512880',NULL,NULL,6325,1,14373,235435,'ETQ2512269.01',20,NULL,NULL,NULL,NULL,NULL,NULL,'IMPORTED',40,NULL,'16',8.00,93.00,1,4,0.38,'15	90d	22	-90d	19	-90d	22	90d	15',6.00,'pendiente',NULL,'2025-12-10 21:28:25','2025-12-10 21:28:27',NULL),(176296,'EL2512881',NULL,NULL,6325,1,14373,235436,'ETQ2512270.01',20,NULL,NULL,NULL,NULL,NULL,NULL,'8',41,NULL,'17',8.00,52.00,2,2,0.42,'15	90d	22	-90d	15',6.00,'pendiente',NULL,'2025-12-10 21:28:25','2025-12-10 21:28:27',NULL),(176297,'EL2512882',NULL,NULL,6325,1,14373,235436,'ETQ2512270.01',20,NULL,NULL,NULL,NULL,NULL,NULL,'IMPORTED',42,NULL,'17',10.00,93.00,2,4,1.19,'15	90d	22	-90d	19	-90d	22	90d	15',12.00,'pendiente',NULL,'2025-12-10 21:28:25','2025-12-10 21:28:27',NULL),(176298,'EL2512883',NULL,NULL,6325,1,14373,235437,'ETQ2512271.01',20,NULL,NULL,NULL,NULL,NULL,NULL,'IMPORTED',43,NULL,'18',8.00,93.00,2,4,0.76,'15	90d	22	-90d	19	-90d	22	90d	15',12.00,'pendiente',NULL,'2025-12-10 21:28:25','2025-12-10 21:28:27',NULL),(176299,'EL2512884',NULL,NULL,6325,1,14371,235438,'ETQ2512271.02',17,NULL,NULL,NULL,NULL,NULL,NULL,'IMPORTED',44,NULL,'18',10.00,134.00,1,6,0.85,'15	90d	22	-90d	19	-90d	22	90d	19	90d	22	-90d	15',9.00,'pendiente',NULL,'2025-12-10 21:28:25','2025-12-10 21:28:27',NULL),(176300,'EL2512885',NULL,NULL,6325,1,14373,235439,'ETQ2512272.01',20,NULL,NULL,NULL,NULL,NULL,NULL,'8',45,NULL,'19',8.00,52.00,3,2,0.64,'15	90d	22	-90d	15',9.00,'pendiente',NULL,'2025-12-10 21:28:25','2025-12-10 21:28:27',NULL),(176301,'EL2512886',NULL,NULL,6325,1,14373,235439,'ETQ2512272.01',20,NULL,NULL,NULL,NULL,NULL,NULL,'IMPORTED',46,NULL,'19',8.00,93.00,2,4,0.76,'15	90d	22	-90d	19	-90d	22	90d	15',12.00,'pendiente',NULL,'2025-12-10 21:28:25','2025-12-10 21:28:27',NULL),(176302,'EL2512887',NULL,NULL,6325,1,14373,235439,'ETQ2512272.01',20,NULL,NULL,NULL,NULL,NULL,NULL,'IMPORTED',47,NULL,'19',10.00,134.00,2,6,1.71,'15	90d	22	-90d	19	-90d	22	90d	19	90d	22	-90d	15',18.00,'pendiente',NULL,'2025-12-10 21:28:25','2025-12-10 21:28:27',NULL),(176303,'EL2512888',NULL,NULL,6325,1,14371,235440,'ETQ2512272.02',17,NULL,NULL,NULL,NULL,NULL,NULL,'IMPORTED',48,NULL,'19',12.00,134.00,2,6,2.46,'15	90d	22	-90d	19	-90d	22	90d	19	90d	22	-90d	15',18.00,'pendiente',NULL,'2025-12-10 21:28:25','2025-12-10 21:28:27',NULL),(176304,'EL2512889',NULL,NULL,6326,1,14374,235449,'ETQ2512273.01',20,NULL,NULL,NULL,NULL,NULL,NULL,'20A',1,NULL,'1',12.00,101.00,356,2,329.93,'40	90d	21	-90d	40',1068.00,'pendiente',NULL,'2025-12-10 21:28:27','2025-12-10 21:28:28',NULL),(176305,'EL2512890',NULL,NULL,6326,1,14374,235450,'ETQ2512274.01',20,NULL,NULL,NULL,NULL,NULL,NULL,'1',2,NULL,'2',8.00,68.00,296,1,82.16,'15	90d	53',444.00,'pendiente',NULL,'2025-12-10 21:28:27','2025-12-10 21:28:28',NULL),(176306,'EL2512891',NULL,NULL,6326,0,14375,235451,'ETQ2512275.01',23,NULL,NULL,NULL,NULL,NULL,NULL,NULL,3,NULL,'3',8.00,600.00,20,0,48.98,'600',40.00,'pendiente',NULL,'2025-12-10 21:28:27','2025-12-10 21:28:28',NULL),(176307,'EL2512892',NULL,NULL,6326,1,14374,235452,'ETQ2512275.02',20,NULL,NULL,NULL,NULL,NULL,NULL,'S14',4,NULL,'3',8.00,55.00,20,2,4.49,'20	90d	15	90d	20',60.00,'pendiente',NULL,'2025-12-10 21:28:27','2025-12-10 21:28:28',NULL),(176308,'EL2512893',NULL,NULL,6326,1,14374,235453,'ETQ2512276.01',20,NULL,NULL,NULL,NULL,NULL,NULL,'IMPORTED',5,NULL,'4',8.00,98.00,1,6,0.40,'15	90d	12	-90d	16	-90d	12	90d	16	90d	12	-90d	15',9.00,'pendiente',NULL,'2025-12-10 21:28:27','2025-12-10 21:28:28',NULL),(176309,'EL2512894',NULL,NULL,6326,1,14374,235454,'ETQ2512277.01',20,NULL,NULL,NULL,NULL,NULL,NULL,'IMPORTED',6,NULL,'5',8.00,42.00,1,2,0.17,'15	90d	12	-90d	15',3.00,'pendiente',NULL,'2025-12-10 21:28:27','2025-12-10 21:28:28',NULL),(176310,'EL2512895',NULL,NULL,6326,1,14374,235455,'ETQ2512278.01',20,NULL,NULL,NULL,NULL,NULL,NULL,'IMPORTED',7,NULL,'6',8.00,98.00,1,6,0.40,'15	90d	12	-90d	16	-90d	12	90d	16	90d	12	-90d	15',9.00,'pendiente',NULL,'2025-12-10 21:28:27','2025-12-10 21:28:28',NULL),(176311,'EL2512896',NULL,NULL,6326,1,14374,235455,'ETQ2512278.01',20,NULL,NULL,NULL,NULL,NULL,NULL,'IMPORTED',8,NULL,'6',8.00,70.00,1,4,0.29,'15	90d	12	-90d	16	-90d	12	90d	15',6.00,'pendiente',NULL,'2025-12-10 21:28:27','2025-12-10 21:28:28',NULL),(176312,'EL2512897',NULL,NULL,6326,1,14374,235456,'ETQ2512279.01',20,NULL,NULL,NULL,NULL,NULL,NULL,'IMPORTED',9,NULL,'7',8.00,42.00,1,2,0.17,'15	90d	12	-90d	15',3.00,'pendiente',NULL,'2025-12-10 21:28:28','2025-12-10 21:28:28',NULL),(176313,'EL2512898',NULL,NULL,6326,1,14374,235457,'ETQ2512280.01',20,NULL,NULL,NULL,NULL,NULL,NULL,'IMPORTED',10,NULL,'8',8.00,98.00,2,6,0.80,'15	90d	12	-90d	16	-90d	12	90d	16	90d	12	-90d	15',18.00,'pendiente',NULL,'2025-12-10 21:28:28','2025-12-10 21:28:28',NULL),(176314,'EL2512899',NULL,NULL,6326,1,14374,235457,'ETQ2512280.01',20,NULL,NULL,NULL,NULL,NULL,NULL,'IMPORTED',11,NULL,'8',8.00,70.00,2,4,0.57,'15	90d	12	-90d	16	-90d	12	90d	15',12.00,'pendiente',NULL,'2025-12-10 21:28:28','2025-12-10 21:28:28',NULL),(176315,'EL2512900',NULL,NULL,6327,1,14376,235469,'ETQ2512281.01',17,NULL,NULL,NULL,NULL,NULL,NULL,'ESCALERA 4',1,NULL,'1',8.00,315.00,11,1,14.14,'285	30d	30',16.50,'pendiente',NULL,'2025-12-10 21:28:28','2025-12-10 21:28:29',NULL),(176316,'EL2512901',NULL,NULL,6327,1,14376,235470,'ETQ2512282.01',17,NULL,NULL,NULL,NULL,NULL,NULL,'601',2,NULL,'2',8.00,139.00,11,2,6.24,'30	30d	97	-90d	12',33.00,'pendiente',NULL,'2025-12-10 21:28:28','2025-12-10 21:28:29',NULL),(176317,'EL2512902',NULL,NULL,6327,1,14376,235471,'ETQ2512283.01',17,NULL,NULL,NULL,NULL,NULL,NULL,'602',3,NULL,'3',8.00,547.00,11,2,24.56,'12	90d	120	30d	415',33.00,'pendiente',NULL,'2025-12-10 21:28:28','2025-12-10 21:28:29',NULL),(176318,'EL2512903',NULL,NULL,6327,1,14376,235472,'ETQ2512284.01',17,NULL,NULL,NULL,NULL,NULL,NULL,'600',4,NULL,'4',8.00,359.00,6,2,8.79,'260	30d	87	90d	12',18.00,'pendiente',NULL,'2025-12-10 21:28:28','2025-12-10 21:28:29',NULL),(176319,'EL2512904',NULL,NULL,6327,1,14376,235473,'ETQ2512285.01',17,NULL,NULL,NULL,NULL,NULL,NULL,'603',5,NULL,'5',8.00,172.00,6,2,4.21,'12	90d	130	-30d	30',18.00,'pendiente',NULL,'2025-12-10 21:28:28','2025-12-10 21:28:29',NULL),(176320,'EL2512905',NULL,NULL,6327,1,14376,235474,'ETQ2512286.01',17,NULL,NULL,NULL,NULL,NULL,NULL,'602',6,NULL,'6',8.00,445.00,6,1,10.90,'30	30d	415',9.00,'pendiente',NULL,'2025-12-10 21:28:28','2025-12-10 21:28:29',NULL),(176321,'EL2512906',NULL,NULL,6327,1,14376,235475,'ETQ2512287.01',17,NULL,NULL,NULL,NULL,NULL,NULL,'2',7,NULL,'7',8.00,223.00,20,2,18.20,'10	90d	203	90d	10',60.00,'pendiente',NULL,'2025-12-10 21:28:28','2025-12-10 21:28:29',NULL),(176322,'EL2512907',NULL,NULL,6327,1,14376,235476,'ETQ2512288.01',17,NULL,NULL,NULL,NULL,NULL,NULL,'2',8,NULL,'8',8.00,113.00,28,2,12.91,'10	90d	93	90d	10',84.00,'pendiente',NULL,'2025-12-10 21:28:28','2025-12-10 21:28:29',NULL),(176323,'EL2512908',NULL,NULL,6327,1,14376,235477,'ETQ2512289.01',17,NULL,NULL,NULL,NULL,NULL,NULL,'2',9,NULL,'9',8.00,133.00,2,2,1.09,'10	90d	113	90d	10',6.00,'pendiente',NULL,'2025-12-10 21:28:28','2025-12-10 21:28:29',NULL),(176324,'EL2512909',NULL,NULL,6327,1,14376,235478,'ETQ2512290.01',17,NULL,NULL,NULL,NULL,NULL,NULL,'2',10,NULL,'10',8.00,113.00,26,2,11.99,'10	90d	93	90d	10',78.00,'pendiente',NULL,'2025-12-10 21:28:28','2025-12-10 21:28:29',NULL),(176325,'EL2512910',NULL,NULL,6327,1,14376,235479,'ETQ2512291.01',17,NULL,NULL,NULL,NULL,NULL,NULL,'26',11,NULL,'11',8.00,108.00,20,4,8.82,'30	90d	9	-90d	30	-90d	9	90d	30',120.00,'pendiente',NULL,'2025-12-10 21:28:28','2025-12-10 21:28:29',NULL);
/*!40000 ALTER TABLE `elementos` ENABLE KEYS */;
UNLOCK TABLES;

--
-- Table structure for table `empresas`
--

DROP TABLE IF EXISTS `empresas`;
/*!40101 SET @saved_cs_client     = @@character_set_client */;
/*!40101 SET character_set_client = utf8 */;
CREATE TABLE `empresas` (
  `id` bigint(20) unsigned NOT NULL AUTO_INCREMENT,
  `nombre` varchar(255) NOT NULL,
  `direccion` varchar(255) DEFAULT NULL,
  `localidad` varchar(100) DEFAULT NULL,
  `provincia` varchar(100) DEFAULT NULL,
  `codigo_postal` varchar(10) DEFAULT NULL,
  `telefono` varchar(20) DEFAULT NULL,
  `email` varchar(150) DEFAULT NULL,
  `nif` varchar(20) DEFAULT NULL,
  `numero_ss` varchar(50) DEFAULT NULL,
  `created_at` timestamp NULL DEFAULT current_timestamp(),
  `updated_at` timestamp NULL DEFAULT current_timestamp() ON UPDATE current_timestamp(),
  PRIMARY KEY (`id`)
) ENGINE=InnoDB AUTO_INCREMENT=4 DEFAULT CHARSET=utf8mb4 COLLATE=utf8mb4_general_ci;
/*!40101 SET character_set_client = @saved_cs_client */;

--
-- Dumping data for table `empresas`
--

LOCK TABLES `empresas` WRITE;
/*!40000 ALTER TABLE `empresas` DISABLE KEYS */;
INSERT INTO `empresas` VALUES (1,'Hierros Paco Reyes S.L.','Calle Luis de Morales, 11','Los Palacios y Villafranca','Sevilla','41720','648000000','nati.luque@pacoreyes.com','B90467390','41/1418651-38','2025-04-01 11:37:44','2025-04-01 11:37:44'),(2,'HPR Servicios en Obra S.L.','Avenida de la Innovación, 25','Sevilla','Sevilla','41020','954000000','contacto@hprservicios.com','B90567891','41/1456789-29','2025-04-01 11:37:44','2025-04-01 11:37:44'),(3,'G. E. Reyes Tejero','Polígono Industrial El Pino, nave 12','Dos Hermanas','Sevilla','41704','955123456','info@gerejestejero.com','B90987654','41/1472583-41','2025-08-18 09:42:16','2025-08-18 09:42:16');
/*!40000 ALTER TABLE `empresas` ENABLE KEYS */;
UNLOCK TABLES;

--
-- Table structure for table `empresas_transporte`
--

DROP TABLE IF EXISTS `empresas_transporte`;
/*!40101 SET @saved_cs_client     = @@character_set_client */;
/*!40101 SET character_set_client = utf8 */;
CREATE TABLE `empresas_transporte` (
  `id` bigint(20) unsigned NOT NULL AUTO_INCREMENT,
  `nombre` varchar(255) NOT NULL,
  `direccion` varchar(255) DEFAULT NULL,
  `telefono` varchar(50) DEFAULT NULL,
  `email` varchar(100) DEFAULT NULL,
  `created_at` timestamp NULL DEFAULT current_timestamp(),
  `updated_at` timestamp NULL DEFAULT current_timestamp() ON UPDATE current_timestamp(),
  `deleted_at` timestamp NULL DEFAULT NULL,
  PRIMARY KEY (`id`)
) ENGINE=InnoDB AUTO_INCREMENT=6 DEFAULT CHARSET=utf8 COLLATE=utf8_general_ci;
/*!40101 SET character_set_client = @saved_cs_client */;

--
-- Dumping data for table `empresas_transporte`
--

LOCK TABLES `empresas_transporte` WRITE;
/*!40000 ALTER TABLE `empresas_transporte` DISABLE KEYS */;
INSERT INTO `empresas_transporte` VALUES (1,'Paco Reyes Transporte','Calle de la Logística, 123, Valencia','444','contacto@pacoreyes.com','2025-03-04 14:40:34','2025-08-17 20:26:25',NULL),(2,'GONDOSUR','Avenida del Transporte, 456, Madrid','912345678','info@transportesgomez.com','2025-03-04 14:40:34','2025-05-01 22:09:46',NULL),(3,'Barragán','Calle Industrial, 789, Barcelona','934567890','contacto@camioneslopez.com','2025-03-04 14:40:34','2025-03-17 22:44:53',NULL),(4,'Empresa nueva','Calle calle','685244','hola@hotmail.com','2025-03-05 00:18:07','2025-03-05 00:18:07',NULL),(5,'prueba','98767986','6895244133','hola@hotmail.com','2025-05-01 20:53:01','2025-05-01 22:09:31',NULL);
/*!40000 ALTER TABLE `empresas_transporte` ENABLE KEYS */;
UNLOCK TABLES;

--
-- Table structure for table `entrada_producto`
--

DROP TABLE IF EXISTS `entrada_producto`;
/*!40101 SET @saved_cs_client     = @@character_set_client */;
/*!40101 SET character_set_client = utf8 */;
CREATE TABLE `entrada_producto` (
  `id` bigint(20) unsigned NOT NULL AUTO_INCREMENT,
  `entrada_id` bigint(20) unsigned NOT NULL,
  `producto_id` bigint(20) unsigned NOT NULL,
  `ubicacion_id` bigint(20) unsigned DEFAULT NULL,
  `users_id` bigint(20) unsigned NOT NULL,
  `created_at` timestamp NULL DEFAULT current_timestamp(),
  `updated_at` timestamp NULL DEFAULT current_timestamp() ON UPDATE current_timestamp(),
  PRIMARY KEY (`id`),
  KEY `entrada_id` (`entrada_id`),
  KEY `producto_id` (`producto_id`),
  KEY `ubicacion_id` (`ubicacion_id`),
  KEY `users_id` (`users_id`),
  CONSTRAINT `entrada_producto_ibfk_1` FOREIGN KEY (`entrada_id`) REFERENCES `entradas` (`id`) ON DELETE CASCADE,
  CONSTRAINT `entrada_producto_ibfk_2` FOREIGN KEY (`producto_id`) REFERENCES `productos` (`id`) ON DELETE CASCADE,
  CONSTRAINT `entrada_producto_ibfk_3` FOREIGN KEY (`ubicacion_id`) REFERENCES `ubicaciones` (`id`) ON DELETE CASCADE,
  CONSTRAINT `entrada_producto_ibfk_4` FOREIGN KEY (`users_id`) REFERENCES `users` (`id`) ON DELETE CASCADE
) ENGINE=InnoDB AUTO_INCREMENT=35 DEFAULT CHARSET=utf8 COLLATE=utf8_general_ci;
/*!40101 SET character_set_client = @saved_cs_client */;

--
-- Dumping data for table `entrada_producto`
--

LOCK TABLES `entrada_producto` WRITE;
/*!40000 ALTER TABLE `entrada_producto` DISABLE KEYS */;
/*!40000 ALTER TABLE `entrada_producto` ENABLE KEYS */;
UNLOCK TABLES;

--
-- Table structure for table `entradas`
--

DROP TABLE IF EXISTS `entradas`;
/*!40101 SET @saved_cs_client     = @@character_set_client */;
/*!40101 SET character_set_client = utf8 */;
CREATE TABLE `entradas` (
  `id` bigint(20) unsigned NOT NULL AUTO_INCREMENT,
  `albaran` varchar(255) NOT NULL,
  `codigo_sage` varchar(50) DEFAULT NULL,
  `nave_id` bigint(20) unsigned DEFAULT NULL,
  `pedido_id` bigint(20) unsigned DEFAULT NULL,
  `pedido_producto_id` bigint(20) unsigned DEFAULT NULL,
  `usuario_id` bigint(20) unsigned DEFAULT NULL,
  `peso_total` decimal(10,2) NOT NULL DEFAULT 0.00,
  `estado` varchar(20) NOT NULL DEFAULT 'abierto',
  `pdf_albaran` varchar(255) DEFAULT NULL,
  `otros` text DEFAULT NULL,
  `created_at` timestamp NULL DEFAULT current_timestamp(),
  `updated_at` timestamp NULL DEFAULT current_timestamp() ON UPDATE current_timestamp(),
  `deleted_at` timestamp NULL DEFAULT NULL,
  PRIMARY KEY (`id`),
  KEY `fk_entradas_usuario` (`usuario_id`),
  KEY `entradas_pedido_id_foreign` (`pedido_id`),
  KEY `fk_entrada_linea` (`pedido_producto_id`),
  KEY `fk_entradas_nave` (`nave_id`),
  CONSTRAINT `fk_entrada_linea` FOREIGN KEY (`pedido_producto_id`) REFERENCES `pedido_productos` (`id`) ON DELETE SET NULL,
  CONSTRAINT `fk_entradas_nave` FOREIGN KEY (`nave_id`) REFERENCES `obras` (`id`) ON DELETE SET NULL ON UPDATE CASCADE,
  CONSTRAINT `fk_entradas_usuario` FOREIGN KEY (`usuario_id`) REFERENCES `users` (`id`) ON DELETE SET NULL
) ENGINE=InnoDB AUTO_INCREMENT=493 DEFAULT CHARSET=utf8 COLLATE=utf8_general_ci;
/*!40101 SET character_set_client = @saved_cs_client */;

--
-- Dumping data for table `entradas`
--

LOCK TABLES `entradas` WRITE;
/*!40000 ALTER TABLE `entradas` DISABLE KEYS */;
INSERT INTO `entradas` VALUES (77,'Entrada manual',NULL,1,NULL,NULL,1,2276.00,'cerrado',NULL,NULL,'2025-06-13 11:51:13','2025-09-23 17:51:59',NULL),(78,'Entrada manual',NULL,1,NULL,NULL,1,2270.00,'cerrado',NULL,NULL,'2025-06-13 11:52:40','2025-09-23 17:51:59',NULL),(79,'Entrada manual',NULL,1,NULL,NULL,1,2272.00,'cerrado',NULL,NULL,'2025-06-13 11:54:02','2025-09-23 17:51:59',NULL),(80,'Entrada manual',NULL,1,NULL,NULL,1,2274.00,'cerrado',NULL,NULL,'2025-06-13 11:56:41','2025-09-23 17:51:59',NULL),(81,'Entrada manual',NULL,1,NULL,NULL,1,2322.00,'cerrado',NULL,NULL,'2025-06-13 11:57:34','2025-09-23 17:51:59',NULL),(82,'Entrada manual',NULL,1,NULL,NULL,1,2270.00,'cerrado',NULL,NULL,'2025-06-16 06:41:55','2025-09-23 17:51:59',NULL),(83,'Entrada manual',NULL,1,NULL,NULL,1,2276.00,'cerrado',NULL,NULL,'2025-06-16 06:43:27','2025-09-23 17:51:59',NULL),(84,'Entrada manual',NULL,1,NULL,NULL,1,2112.00,'cerrado',NULL,NULL,'2025-06-16 06:44:10','2025-09-23 17:51:59',NULL),(85,'Entrada manual',NULL,1,NULL,NULL,1,2272.00,'cerrado',NULL,NULL,'2025-06-16 06:44:39','2025-09-23 17:51:59',NULL),(86,'Entrada manual',NULL,1,NULL,NULL,1,2432.00,'cerrado',NULL,NULL,'2025-06-16 06:45:11','2025-09-23 17:51:59',NULL),(87,'Entrada manual',NULL,1,NULL,NULL,1,2274.00,'cerrado',NULL,NULL,'2025-06-16 06:45:41','2025-09-23 17:51:59',NULL),(88,'Entrada manual',NULL,1,NULL,NULL,1,2432.00,'cerrado',NULL,NULL,'2025-06-16 06:46:13','2025-09-23 17:51:59',NULL),(89,'Entrada manual',NULL,1,NULL,NULL,1,2200.00,'cerrado',NULL,NULL,'2025-06-16 06:47:25','2025-09-23 17:51:59',NULL),(90,'Entrada manual',NULL,1,NULL,NULL,1,2082.00,'cerrado',NULL,NULL,'2025-06-16 06:49:29','2025-09-23 17:51:59',NULL),(91,'Entrada manual',NULL,1,NULL,NULL,1,2272.00,'cerrado',NULL,NULL,'2025-06-16 06:53:34','2025-09-23 17:51:59',NULL),(92,'Entrada manual',NULL,1,NULL,NULL,1,2376.00,'cerrado',NULL,NULL,'2025-06-16 06:53:35','2025-09-23 17:51:59',NULL),(93,'Entrada manual',NULL,1,NULL,NULL,1,2434.00,'cerrado',NULL,NULL,'2025-06-16 06:54:33','2025-09-23 17:51:59',NULL),(94,'Entrada manual',NULL,1,NULL,NULL,1,2322.00,'cerrado',NULL,NULL,'2025-06-16 06:54:56','2025-09-23 17:51:59',NULL),(95,'Entrada manual',NULL,1,NULL,NULL,1,2282.00,'cerrado',NULL,NULL,'2025-06-16 06:56:57','2025-09-23 17:51:59',NULL),(96,'Entrada manual',NULL,1,NULL,NULL,1,2278.00,'cerrado',NULL,NULL,'2025-06-16 06:58:02','2025-09-23 17:51:59',NULL),(97,'Entrada manual',NULL,1,NULL,NULL,1,2446.00,'cerrado',NULL,NULL,'2025-06-16 06:58:42','2025-09-23 17:51:59',NULL),(98,'Entrada manual',NULL,1,NULL,NULL,1,2284.00,'cerrado',NULL,NULL,'2025-06-16 06:59:14','2025-09-23 17:51:59',NULL),(99,'Entrada manual',NULL,1,NULL,NULL,1,2440.00,'cerrado',NULL,NULL,'2025-06-16 07:00:57','2025-09-23 17:51:59',NULL),(100,'Entrada manual',NULL,1,NULL,NULL,1,2172.00,'cerrado',NULL,NULL,'2025-06-16 07:01:51','2025-09-23 17:51:59',NULL),(101,'Entrada manual',NULL,1,NULL,NULL,1,2425.00,'cerrado',NULL,NULL,'2025-06-16 07:02:32','2025-09-23 17:51:59',NULL),(102,'Entrada manual',NULL,1,NULL,NULL,1,2374.00,'cerrado',NULL,NULL,'2025-06-16 07:03:00','2025-09-23 17:51:59',NULL),(103,'Entrada manual',NULL,1,NULL,NULL,1,2415.00,'cerrado',NULL,NULL,'2025-06-16 07:03:36','2025-09-23 17:51:59',NULL),(104,'Entrada manual',NULL,1,NULL,NULL,1,2432.00,'cerrado',NULL,NULL,'2025-06-16 07:04:27','2025-09-23 17:51:59',NULL),(105,'Entrada manual',NULL,1,NULL,NULL,1,2550.00,'cerrado',NULL,NULL,'2025-06-16 07:04:30','2025-09-23 17:51:59',NULL),(106,'Entrada manual',NULL,1,NULL,NULL,1,2436.00,'cerrado',NULL,NULL,'2025-06-16 07:05:25','2025-09-23 17:51:59',NULL),(107,'Entrada manual',NULL,1,NULL,NULL,1,2410.00,'cerrado',NULL,NULL,'2025-06-16 07:05:50','2025-09-23 17:51:59',NULL),(108,'Entrada manual',NULL,1,NULL,NULL,1,2400.00,'cerrado',NULL,NULL,'2025-06-16 07:06:59','2025-09-23 17:51:59',NULL),(109,'Entrada manual',NULL,1,NULL,NULL,1,2232.00,'cerrado',NULL,NULL,'2025-06-16 07:07:28','2025-09-23 17:51:59',NULL),(110,'Entrada manual',NULL,1,NULL,NULL,1,2550.00,'cerrado',NULL,NULL,'2025-06-16 07:08:25','2025-09-23 17:51:59',NULL),(111,'Entrada manual',NULL,1,NULL,NULL,1,2232.00,'cerrado',NULL,NULL,'2025-06-16 07:09:13','2025-09-23 17:51:59',NULL),(112,'Entrada manual',NULL,1,NULL,NULL,1,2274.00,'cerrado',NULL,NULL,'2025-06-16 07:10:11','2025-09-23 17:51:59',NULL),(113,'Entrada manual',NULL,1,NULL,NULL,1,2274.00,'cerrado',NULL,NULL,'2025-06-16 07:11:09','2025-09-23 17:51:59',NULL),(114,'Entrada manual',NULL,1,NULL,NULL,1,2230.00,'cerrado',NULL,NULL,'2025-06-16 07:11:19','2025-09-23 17:51:59',NULL),(115,'Entrada manual',NULL,1,NULL,NULL,1,2320.00,'cerrado',NULL,NULL,'2025-06-16 07:12:33','2025-09-23 17:51:59',NULL),(116,'Entrada manual',NULL,1,NULL,NULL,1,2278.00,'cerrado',NULL,NULL,'2025-06-16 07:13:36','2025-09-23 17:51:59',NULL),(117,'Entrada manual',NULL,1,NULL,NULL,1,2278.00,'cerrado',NULL,NULL,'2025-06-16 07:13:47','2025-09-23 17:51:59',NULL),(118,'Entrada manual',NULL,1,NULL,NULL,1,2236.00,'cerrado',NULL,NULL,'2025-06-16 07:14:54','2025-09-23 17:51:59',NULL),(119,'Entrada manual',NULL,1,NULL,NULL,1,2366.00,'cerrado',NULL,NULL,'2025-06-16 07:16:41','2025-09-23 17:51:59',NULL),(120,'Entrada manual',NULL,1,NULL,NULL,1,2618.00,'cerrado',NULL,NULL,'2025-06-16 07:16:45','2025-09-23 17:51:59',NULL),(121,'Entrada manual',NULL,1,NULL,NULL,1,2236.00,'cerrado',NULL,NULL,'2025-06-16 07:18:22','2025-09-23 17:51:59',NULL),(122,'Entrada manual',NULL,1,NULL,NULL,1,2360.00,'cerrado',NULL,NULL,'2025-06-16 07:18:29','2025-09-23 17:51:59',NULL),(123,'Entrada manual',NULL,1,NULL,NULL,1,2260.00,'cerrado',NULL,NULL,'2025-06-16 07:19:08','2025-09-23 17:51:59',NULL),(124,'Entrada manual',NULL,1,NULL,NULL,1,2330.00,'cerrado',NULL,NULL,'2025-06-16 07:19:26','2025-09-23 17:51:59',NULL),(125,'Entrada manual',NULL,1,NULL,NULL,1,2232.00,'cerrado',NULL,NULL,'2025-06-16 07:20:24','2025-09-23 17:51:59',NULL),(126,'Entrada manual',NULL,1,NULL,NULL,1,2364.00,'cerrado',NULL,NULL,'2025-06-16 07:21:03','2025-09-23 17:51:59',NULL),(127,'Entrada manual',NULL,1,NULL,NULL,1,2334.00,'cerrado',NULL,NULL,'2025-06-16 07:23:05','2025-09-23 17:51:59',NULL),(128,'Entrada manual',NULL,1,NULL,NULL,1,2325.00,'cerrado',NULL,NULL,'2025-06-16 07:24:11','2025-09-23 17:51:59',NULL),(129,'Entrada manual',NULL,1,NULL,NULL,1,2331.00,'cerrado',NULL,NULL,'2025-06-16 07:26:39','2025-09-23 17:51:59',NULL),(130,'Entrada manual',NULL,1,NULL,NULL,1,2440.00,'cerrado',NULL,NULL,'2025-06-16 07:27:27','2025-09-23 17:51:59',NULL),(131,'Entrada manual',NULL,1,NULL,NULL,1,2280.00,'cerrado',NULL,NULL,'2025-06-16 07:28:57','2025-09-23 17:51:59',NULL),(132,'Entrada manual',NULL,1,NULL,NULL,1,2472.00,'cerrado',NULL,NULL,'2025-06-16 07:29:27','2025-09-23 17:51:59',NULL),(133,'Entrada manual',NULL,1,NULL,NULL,1,2420.00,'cerrado',NULL,NULL,'2025-06-16 07:30:43','2025-09-23 17:51:59',NULL),(134,'Entrada manual',NULL,1,NULL,NULL,1,2470.00,'cerrado',NULL,NULL,'2025-06-16 07:31:43','2025-09-23 17:51:59',NULL),(135,'Entrada manual',NULL,1,NULL,NULL,1,2420.00,'cerrado',NULL,NULL,'2025-06-16 07:33:01','2025-09-23 17:51:59',NULL),(136,'Entrada manual',NULL,1,NULL,NULL,1,2274.00,'cerrado',NULL,NULL,'2025-06-16 07:35:13','2025-09-23 17:51:59',NULL),(137,'Entrada manual',NULL,1,NULL,NULL,1,2490.00,'cerrado',NULL,NULL,'2025-06-16 07:35:59','2025-09-23 17:51:59',NULL),(138,'Entrada manual',NULL,1,NULL,NULL,1,2276.00,'cerrado',NULL,NULL,'2025-06-16 07:37:47','2025-09-23 17:51:59',NULL),(139,'Entrada manual',NULL,1,NULL,NULL,1,2532.00,'cerrado',NULL,NULL,'2025-06-16 07:37:52','2025-09-23 17:51:59',NULL),(140,'Entrada manual',NULL,1,NULL,NULL,1,2512.00,'cerrado',NULL,NULL,'2025-06-16 07:38:55','2025-09-23 17:51:59',NULL),(141,'Entrada manual',NULL,1,NULL,NULL,1,2493.00,'cerrado',NULL,NULL,'2025-06-16 07:39:58','2025-09-23 17:51:59',NULL),(142,'Entrada manual',NULL,1,NULL,NULL,1,2276.00,'cerrado',NULL,NULL,'2025-06-16 07:40:19','2025-09-23 17:51:59',NULL),(143,'Entrada manual',NULL,1,NULL,NULL,1,2612.00,'cerrado',NULL,NULL,'2025-06-16 07:41:02','2025-09-23 17:51:59',NULL),(144,'Entrada manual',NULL,1,NULL,NULL,1,2632.00,'cerrado',NULL,NULL,'2025-06-16 07:43:57','2025-09-23 17:51:59',NULL),(145,'Entrada manual',NULL,1,NULL,NULL,1,2570.00,'cerrado',NULL,NULL,'2025-06-16 07:44:59','2025-09-23 17:51:59',NULL),(146,'Entrada manual',NULL,1,NULL,NULL,1,2270.00,'cerrado',NULL,NULL,'2025-06-16 07:45:38','2025-09-23 17:51:59',NULL),(147,'Entrada manual',NULL,1,NULL,NULL,1,2580.00,'cerrado',NULL,NULL,'2025-06-16 07:45:49','2025-09-23 17:51:59',NULL),(148,'Entrada manual',NULL,1,NULL,NULL,1,2570.00,'cerrado',NULL,NULL,'2025-06-16 07:46:42','2025-09-23 17:51:59',NULL),(149,'Entrada manual',NULL,1,NULL,NULL,1,2585.00,'cerrado',NULL,NULL,'2025-06-16 07:47:38','2025-09-23 17:51:59',NULL),(150,'Entrada manual',NULL,1,NULL,NULL,1,2278.00,'cerrado',NULL,NULL,'2025-06-16 07:47:50','2025-09-23 17:51:59',NULL),(151,'Entrada manual',NULL,1,NULL,NULL,1,2585.00,'cerrado',NULL,NULL,'2025-06-16 07:49:54','2025-09-23 17:51:59',NULL),(152,'Entrada manual',NULL,1,NULL,NULL,1,2276.00,'cerrado',NULL,NULL,'2025-06-16 07:50:33','2025-09-23 17:51:59',NULL),(153,'Entrada manual',NULL,1,NULL,NULL,1,2580.00,'cerrado',NULL,NULL,'2025-06-16 07:50:36','2025-09-23 17:51:59',NULL),(154,'Entrada manual',NULL,1,NULL,NULL,1,2580.00,'cerrado',NULL,NULL,'2025-06-16 07:51:23','2025-09-23 17:51:59',NULL),(155,'Entrada manual',NULL,1,NULL,NULL,1,2575.00,'cerrado',NULL,NULL,'2025-06-16 07:52:00','2025-09-23 17:51:59',NULL),(156,'Entrada manual',NULL,1,NULL,NULL,1,2585.00,'cerrado',NULL,NULL,'2025-06-16 07:52:44','2025-09-23 17:51:59',NULL),(157,'Entrada manual',NULL,1,NULL,NULL,1,2276.00,'cerrado',NULL,NULL,'2025-06-16 07:52:57','2025-09-23 17:51:59',NULL),(158,'Entrada manual',NULL,1,NULL,NULL,1,2570.00,'cerrado',NULL,NULL,'2025-06-16 07:53:23','2025-09-23 17:51:59',NULL),(159,'Entrada manual',NULL,1,NULL,NULL,1,2274.00,'cerrado',NULL,NULL,'2025-06-16 07:55:34','2025-09-23 17:51:59',NULL),(160,'Entrada manual',NULL,1,NULL,NULL,1,2200.00,'cerrado',NULL,NULL,'2025-06-16 07:56:26','2025-09-23 17:51:59',NULL),(161,'Entrada manual',NULL,1,NULL,NULL,1,2278.00,'cerrado',NULL,NULL,'2025-06-16 07:57:19','2025-09-23 17:51:59',NULL),(162,'Entrada manual',NULL,1,NULL,NULL,1,2274.00,'cerrado',NULL,NULL,'2025-06-16 07:57:54','2025-09-23 17:51:59',NULL),(163,'Entrada manual',NULL,1,NULL,NULL,1,2274.00,'cerrado',NULL,NULL,'2025-06-16 07:59:10','2025-09-23 17:51:59',NULL),(164,'Entrada manual',NULL,1,NULL,NULL,1,2276.00,'cerrado',NULL,NULL,'2025-06-16 08:00:36','2025-09-23 17:51:59',NULL),(165,'Entrada manual',NULL,1,NULL,NULL,1,2280.00,'cerrado',NULL,NULL,'2025-06-16 08:29:40','2025-09-23 17:51:59',NULL),(166,'Entrada manual',NULL,1,NULL,NULL,1,2326.00,'cerrado',NULL,NULL,'2025-06-16 08:31:01','2025-09-23 17:51:59',NULL),(167,'Entrada manual',NULL,1,NULL,NULL,1,2284.00,'cerrado',NULL,NULL,'2025-06-16 08:32:27','2025-09-23 17:51:59',NULL),(168,'Entrada manual',NULL,1,NULL,NULL,1,2286.00,'cerrado',NULL,NULL,'2025-06-16 08:33:45','2025-09-23 17:51:59',NULL),(169,'Entrada manual',NULL,1,NULL,NULL,1,2276.00,'cerrado',NULL,NULL,'2025-06-16 08:34:54','2025-09-23 17:51:59',NULL),(170,'Entrada manual',NULL,1,NULL,NULL,1,2284.00,'cerrado',NULL,NULL,'2025-06-16 08:35:46','2025-09-23 17:51:59',NULL),(171,'Entrada manual',NULL,1,NULL,NULL,1,2286.00,'cerrado',NULL,NULL,'2025-06-16 08:36:51','2025-09-23 17:51:59',NULL),(172,'Entrada manual',NULL,1,NULL,NULL,1,2280.00,'cerrado',NULL,NULL,'2025-06-16 08:38:13','2025-09-23 17:51:59',NULL),(173,'Entrada manual',NULL,1,NULL,NULL,1,2460.00,'cerrado',NULL,NULL,'2025-06-16 08:38:47','2025-09-23 17:51:59',NULL),(174,'Entrada manual',NULL,1,NULL,NULL,1,2280.00,'cerrado',NULL,NULL,'2025-06-16 08:39:08','2025-09-23 17:51:59',NULL),(175,'Entrada manual',NULL,1,NULL,NULL,1,2468.00,'cerrado',NULL,NULL,'2025-06-16 08:41:15','2025-09-23 17:51:59',NULL),(176,'Entrada manual',NULL,1,NULL,NULL,1,2350.00,'cerrado',NULL,NULL,'2025-06-16 08:43:32','2025-09-23 17:51:59',NULL),(177,'Entrada manual',NULL,1,NULL,NULL,1,2375.00,'cerrado',NULL,NULL,'2025-06-16 08:47:45','2025-09-23 17:51:59',NULL),(178,'Entrada manual',NULL,1,NULL,NULL,1,2365.00,'cerrado',NULL,NULL,'2025-06-16 08:50:13','2025-09-23 17:51:59',NULL),(179,'Entrada manual',NULL,1,NULL,NULL,1,2365.00,'cerrado',NULL,NULL,'2025-06-16 08:52:49','2025-09-23 17:51:59',NULL),(180,'Entrada manual',NULL,1,NULL,NULL,1,2436.00,'cerrado',NULL,NULL,'2025-06-16 08:54:53','2025-09-23 17:51:59',NULL),(181,'Entrada manual',NULL,1,NULL,NULL,1,2441.00,'cerrado',NULL,NULL,'2025-06-16 08:56:38','2025-09-23 17:51:59',NULL),(182,'Entrada manual',NULL,1,NULL,NULL,1,2438.00,'cerrado',NULL,NULL,'2025-06-16 08:58:15','2025-09-23 17:51:59',NULL),(183,'Entrada manual',NULL,1,NULL,NULL,1,2399.00,'cerrado',NULL,NULL,'2025-06-16 09:00:07','2025-09-23 17:51:59',NULL),(184,'Entrada manual',NULL,1,NULL,NULL,1,2404.00,'cerrado',NULL,NULL,'2025-06-16 09:01:43','2025-09-23 17:51:59',NULL),(185,'Entrada manual',NULL,1,NULL,NULL,1,2402.00,'cerrado',NULL,NULL,'2025-06-16 09:07:42','2025-09-23 17:51:59',NULL),(186,'Entrada manual',NULL,1,NULL,NULL,1,2406.00,'cerrado',NULL,NULL,'2025-06-16 09:09:21','2025-09-23 17:51:59',NULL),(187,'Entrada manual',NULL,1,NULL,NULL,1,2401.00,'cerrado',NULL,NULL,'2025-06-16 09:10:52','2025-09-23 17:51:59',NULL),(188,'Entrada manual',NULL,1,NULL,NULL,1,2345.00,'cerrado',NULL,NULL,'2025-06-16 09:12:12','2025-09-23 17:51:59',NULL),(189,'Entrada manual',NULL,1,NULL,NULL,1,2386.00,'cerrado',NULL,NULL,'2025-06-16 09:14:02','2025-09-23 17:51:59',NULL),(190,'Entrada manual',NULL,1,NULL,NULL,1,2404.00,'cerrado',NULL,NULL,'2025-06-16 09:15:22','2025-09-23 17:51:59',NULL),(191,'Entrada manual',NULL,1,NULL,NULL,1,2138.00,'cerrado',NULL,NULL,'2025-06-16 09:18:44','2025-09-23 17:51:59',NULL),(192,'Entrada manual',NULL,1,NULL,NULL,1,2135.00,'cerrado',NULL,NULL,'2025-06-16 09:20:16','2025-09-23 17:51:59',NULL),(193,'Entrada manual',NULL,1,NULL,NULL,1,2543.00,'cerrado',NULL,NULL,'2025-06-16 09:21:54','2025-09-23 17:51:59',NULL),(194,'Entrada manual',NULL,1,NULL,NULL,1,2550.00,'cerrado',NULL,NULL,'2025-06-16 09:23:18','2025-09-23 17:51:59',NULL),(195,'Entrada manual',NULL,1,NULL,NULL,1,2546.00,'cerrado',NULL,NULL,'2025-06-16 09:27:40','2025-09-23 17:51:59',NULL),(196,'Entrada manual',NULL,1,NULL,NULL,1,2540.00,'cerrado',NULL,NULL,'2025-06-16 09:29:55','2025-09-23 17:51:59',NULL),(197,'Entrada manual',NULL,1,NULL,NULL,1,2381.00,'cerrado',NULL,NULL,'2025-06-16 09:41:28','2025-09-23 17:51:59',NULL),(198,'Entrada manual',NULL,1,NULL,NULL,1,2406.00,'cerrado',NULL,NULL,'2025-06-16 09:44:02','2025-09-23 17:51:59',NULL),(199,'Entrada manual',NULL,1,NULL,NULL,1,2381.00,'cerrado',NULL,NULL,'2025-06-16 09:45:46','2025-09-23 17:51:59',NULL),(200,'Entrada manual',NULL,1,NULL,NULL,1,2402.00,'cerrado',NULL,NULL,'2025-06-16 09:47:07','2025-09-23 17:51:59',NULL),(201,'Entrada manual',NULL,1,NULL,NULL,1,2439.00,'cerrado',NULL,NULL,'2025-06-16 09:49:53','2025-09-23 17:51:59',NULL),(202,'Entrada manual',NULL,1,NULL,NULL,1,2441.00,'cerrado',NULL,NULL,'2025-06-16 09:51:22','2025-09-23 17:51:59',NULL),(203,'Entrada manual',NULL,1,NULL,NULL,1,2399.00,'cerrado',NULL,NULL,'2025-06-16 09:54:45','2025-09-23 17:51:59',NULL),(204,'Entrada manual',NULL,1,NULL,NULL,1,2383.00,'cerrado',NULL,NULL,'2025-06-16 09:59:10','2025-09-23 17:51:59',NULL),(205,'Entrada manual',NULL,1,NULL,NULL,1,2405.00,'cerrado',NULL,NULL,'2025-06-16 10:02:35','2025-09-23 17:51:59',NULL),(206,'Entrada manual',NULL,1,NULL,NULL,1,2402.00,'cerrado',NULL,NULL,'2025-06-16 10:04:13','2025-09-23 17:51:59',NULL),(207,'Entrada manual',NULL,1,NULL,NULL,1,2258.00,'cerrado',NULL,NULL,'2025-06-16 10:22:53','2025-09-23 17:51:59',NULL),(208,'Entrada manual',NULL,1,NULL,NULL,1,2264.00,'cerrado',NULL,NULL,'2025-06-16 10:24:44','2025-09-23 17:51:59',NULL),(209,'Entrada manual',NULL,1,NULL,NULL,1,2320.00,'cerrado',NULL,NULL,'2025-06-16 10:26:09','2025-09-23 17:51:59',NULL),(210,'Entrada manual',NULL,1,NULL,NULL,1,2248.00,'cerrado',NULL,NULL,'2025-06-16 10:26:50','2025-09-23 17:51:59',NULL),(211,'Entrada manual',NULL,1,NULL,NULL,1,2262.00,'cerrado',NULL,NULL,'2025-06-16 10:27:56','2025-09-23 17:51:59',NULL),(212,'Entrada manual',NULL,1,NULL,NULL,1,2254.00,'cerrado',NULL,NULL,'2025-06-16 10:29:00','2025-09-23 17:51:59',NULL),(213,'Entrada manual',NULL,1,NULL,NULL,1,2274.00,'cerrado',NULL,NULL,'2025-06-16 10:30:08','2025-09-23 17:51:59',NULL),(214,'Entrada manual',NULL,1,NULL,NULL,1,2266.00,'cerrado',NULL,NULL,'2025-06-16 10:31:48','2025-09-23 17:51:59',NULL),(215,'Entrada manual',NULL,1,NULL,NULL,1,2260.00,'cerrado',NULL,NULL,'2025-06-16 10:35:03','2025-09-23 17:51:59',NULL),(216,'Entrada manual',NULL,1,NULL,NULL,1,2248.00,'cerrado',NULL,NULL,'2025-06-16 10:36:57','2025-09-23 17:51:59',NULL),(217,'Entrada manual',NULL,1,NULL,NULL,1,2254.00,'cerrado',NULL,NULL,'2025-06-16 10:39:21','2025-09-23 17:51:59',NULL),(218,'Entrada manual',NULL,1,NULL,NULL,1,2294.00,'cerrado',NULL,NULL,'2025-06-16 10:41:10','2025-09-23 17:51:59',NULL),(219,'Entrada manual',NULL,1,NULL,NULL,1,2252.00,'cerrado',NULL,NULL,'2025-06-16 10:42:11','2025-09-23 17:51:59',NULL),(220,'Entrada manual',NULL,1,NULL,NULL,1,2236.00,'cerrado',NULL,NULL,'2025-06-16 10:43:38','2025-09-23 17:51:59',NULL),(221,'Entrada manual',NULL,1,NULL,NULL,1,2244.00,'cerrado',NULL,NULL,'2025-06-16 10:44:58','2025-09-23 17:51:59',NULL),(222,'Entrada manual',NULL,1,NULL,NULL,1,2248.00,'cerrado',NULL,NULL,'2025-06-16 10:45:53','2025-09-23 17:51:59',NULL),(223,'Entrada manual',NULL,1,NULL,NULL,1,2252.00,'cerrado',NULL,NULL,'2025-06-16 10:47:03','2025-09-23 17:51:59',NULL),(224,'Entrada manual',NULL,1,NULL,NULL,1,2545.00,'cerrado',NULL,NULL,'2025-06-16 10:49:01','2025-09-23 17:51:59',NULL),(225,'AC25/0001',NULL,1,NULL,NULL,72,23222.00,'cerrado',NULL,'Entrada generada desde recepción de pedido','2025-06-16 11:10:49','2025-09-23 17:51:59',NULL),(226,'Entrada manual',NULL,1,NULL,NULL,1,2306.00,'cerrado',NULL,NULL,'2025-06-16 11:25:34','2025-09-23 17:51:59',NULL),(227,'Entrada manual',NULL,1,NULL,NULL,1,2338.00,'cerrado',NULL,NULL,'2025-06-16 11:26:38','2025-09-23 17:51:59',NULL),(228,'Entrada manual',NULL,1,NULL,NULL,1,2379.00,'cerrado',NULL,NULL,'2025-06-16 11:28:06','2025-09-23 17:51:59',NULL),(229,'Entrada manual',NULL,1,NULL,NULL,1,2236.00,'cerrado',NULL,NULL,'2025-06-16 11:29:31','2025-09-23 17:51:59',NULL),(230,'Entrada manual',NULL,1,NULL,NULL,1,2320.00,'cerrado',NULL,NULL,'2025-06-16 11:35:44','2025-09-23 17:51:59',NULL),(231,'Entrada manual',NULL,1,NULL,NULL,1,2254.00,'cerrado',NULL,NULL,'2025-06-16 11:36:27','2025-09-23 17:51:59',NULL),(232,'Entrada manual',NULL,1,NULL,NULL,1,2418.00,'cerrado',NULL,NULL,'2025-06-16 11:37:32','2025-09-23 17:51:59',NULL),(233,'Entrada manual',NULL,1,NULL,NULL,1,2305.00,'cerrado',NULL,NULL,'2025-06-16 11:38:41','2025-09-23 17:51:59',NULL),(234,'Entrada manual',NULL,1,NULL,NULL,1,2309.00,'cerrado',NULL,NULL,'2025-06-16 11:40:15','2025-09-23 17:51:59',NULL),(235,'AC25/0002',NULL,1,NULL,NULL,72,25379.00,'cerrado',NULL,'Entrada generada desde recepción de pedido','2025-06-16 11:42:45','2025-09-23 17:51:59',NULL),(236,'Entrada manual',NULL,1,NULL,NULL,1,2375.00,'cerrado',NULL,NULL,'2025-06-16 11:48:22','2025-09-23 17:51:59',NULL),(237,'Entrada manual',NULL,1,NULL,NULL,66,2278.00,'cerrado',NULL,NULL,'2025-06-16 18:29:13','2025-09-23 17:51:59',NULL),(238,'Entrada manual',NULL,1,NULL,NULL,66,2358.00,'cerrado',NULL,NULL,'2025-06-16 18:30:29','2025-09-23 17:51:59',NULL),(239,'Entrada manual',NULL,1,NULL,NULL,66,2280.00,'cerrado',NULL,NULL,'2025-06-16 18:31:55','2025-09-23 17:51:59',NULL),(240,'Entrada manual',NULL,1,NULL,NULL,66,2626.00,'cerrado',NULL,NULL,'2025-06-16 18:47:51','2025-09-23 17:51:59',NULL),(241,'Entrada manual',NULL,1,NULL,NULL,66,2274.00,'cerrado',NULL,NULL,'2025-06-16 18:49:03','2025-09-23 17:51:59',NULL),(242,'Entrada manual',NULL,1,NULL,NULL,66,2278.00,'cerrado',NULL,NULL,'2025-06-16 18:49:55','2025-09-23 17:51:59',NULL),(243,'Entrada manual',NULL,1,NULL,NULL,66,2515.00,'cerrado',NULL,NULL,'2025-06-16 18:50:47','2025-09-23 17:51:59',NULL),(244,'Entrada manual',NULL,1,NULL,NULL,66,2580.00,'cerrado',NULL,NULL,'2025-06-16 18:51:44','2025-09-23 17:51:59',NULL),(245,'Entrada manual',NULL,1,NULL,NULL,66,2510.00,'cerrado',NULL,NULL,'2025-06-16 18:52:38','2025-09-23 17:51:59',NULL),(246,'Entrada manual',NULL,1,NULL,NULL,66,2510.00,'cerrado',NULL,NULL,'2025-06-16 18:53:27','2025-09-23 17:51:59',NULL),(247,'Entrada manual',NULL,1,NULL,NULL,66,2520.00,'cerrado',NULL,NULL,'2025-06-16 18:54:17','2025-09-23 17:51:59',NULL),(248,'Entrada manual',NULL,1,NULL,NULL,66,2515.00,'cerrado',NULL,NULL,'2025-06-16 18:55:02','2025-09-23 17:51:59',NULL),(249,'Entrada manual',NULL,1,NULL,NULL,66,2740.00,'cerrado',NULL,NULL,'2025-06-16 18:58:19','2025-09-23 17:51:59',NULL),(250,'Entrada manual',NULL,1,NULL,NULL,66,2508.00,'cerrado',NULL,NULL,'2025-06-16 19:01:40','2025-09-23 17:51:59',NULL),(251,'Entrada manual',NULL,1,NULL,NULL,66,2510.00,'cerrado',NULL,NULL,'2025-06-16 19:03:46','2025-09-23 17:51:59',NULL),(252,'Entrada manual',NULL,1,NULL,NULL,66,2610.00,'cerrado',NULL,NULL,'2025-06-16 19:05:07','2025-09-23 17:51:59',NULL),(253,'Entrada manual',NULL,1,NULL,NULL,66,2622.00,'cerrado',NULL,NULL,'2025-06-16 19:05:53','2025-09-23 17:51:59',NULL),(254,'Entrada manual',NULL,1,NULL,NULL,66,2600.00,'cerrado',NULL,NULL,'2025-06-16 19:06:40','2025-09-23 17:51:59',NULL),(255,'Entrada manual',NULL,1,NULL,NULL,66,2620.00,'cerrado',NULL,NULL,'2025-06-16 19:07:28','2025-09-23 17:51:59',NULL),(256,'Entrada manual',NULL,1,NULL,NULL,66,2465.00,'cerrado',NULL,NULL,'2025-06-16 19:24:46','2025-09-23 17:51:59',NULL),(257,'Entrada manual',NULL,1,NULL,NULL,66,2400.00,'cerrado',NULL,NULL,'2025-06-16 19:25:41','2025-09-23 17:51:59',NULL),(258,'Entrada manual',NULL,1,NULL,NULL,66,2470.00,'cerrado',NULL,NULL,'2025-06-16 19:26:44','2025-09-23 17:51:59',NULL),(259,'Entrada manual',NULL,1,NULL,NULL,66,2400.00,'cerrado',NULL,NULL,'2025-06-16 19:27:28','2025-09-23 17:51:59',NULL),(260,'Entrada manual',NULL,1,NULL,NULL,66,2535.00,'cerrado',NULL,NULL,'2025-06-16 19:28:58','2025-09-23 17:51:59',NULL),(261,'Entrada manual',NULL,1,NULL,NULL,66,2505.00,'cerrado',NULL,NULL,'2025-06-16 19:30:14','2025-09-23 17:51:59',NULL),(262,'Entrada manual',NULL,1,NULL,NULL,66,2560.00,'cerrado',NULL,NULL,'2025-06-16 19:31:39','2025-09-23 17:51:59',NULL),(263,'Entrada manual',NULL,1,NULL,NULL,66,2535.00,'cerrado',NULL,NULL,'2025-06-16 19:33:00','2025-09-23 17:51:59',NULL),(264,'Entrada manual',NULL,1,NULL,NULL,66,2486.00,'cerrado',NULL,NULL,'2025-06-16 19:34:01','2025-09-23 17:51:59',NULL),(265,'Entrada manual',NULL,1,NULL,NULL,66,2525.00,'cerrado',NULL,NULL,'2025-06-16 19:37:41','2025-09-23 17:51:59',NULL),(266,'Entrada manual',NULL,1,NULL,NULL,66,2620.00,'cerrado',NULL,NULL,'2025-06-16 19:39:18','2025-09-23 17:51:59',NULL),(267,'Entrada manual',NULL,1,NULL,NULL,66,2480.00,'cerrado',NULL,NULL,'2025-06-16 19:40:57','2025-09-23 17:51:59',NULL),(268,'Entrada manual',NULL,1,NULL,NULL,66,2460.00,'cerrado',NULL,NULL,'2025-06-16 19:41:54','2025-09-23 17:51:59',NULL),(269,'Entrada manual',NULL,1,NULL,NULL,66,2500.00,'cerrado',NULL,NULL,'2025-06-16 19:43:05','2025-09-23 17:51:59',NULL),(270,'Entrada manual',NULL,1,NULL,NULL,66,2470.00,'cerrado',NULL,NULL,'2025-06-16 19:44:13','2025-09-23 17:51:59',NULL),(271,'Entrada manual',NULL,1,NULL,NULL,66,2470.00,'cerrado',NULL,NULL,'2025-06-16 19:45:13','2025-09-23 17:51:59',NULL),(272,'Entrada manual',NULL,1,NULL,NULL,66,2500.00,'cerrado',NULL,NULL,'2025-06-16 19:46:32','2025-09-23 17:51:59',NULL),(273,'Entrada manual',NULL,1,NULL,NULL,66,2500.00,'cerrado',NULL,NULL,'2025-06-16 19:48:01','2025-09-23 17:51:59',NULL),(274,'Entrada manual',NULL,1,NULL,NULL,38,3220.00,'cerrado',NULL,NULL,'2025-06-16 22:40:08','2025-09-23 17:51:59',NULL),(275,'Entrada manual',NULL,1,NULL,NULL,38,2439.00,'cerrado',NULL,NULL,'2025-06-17 03:59:40','2025-09-23 17:51:59',NULL),(276,'AC25/0003',NULL,1,NULL,NULL,72,25910.00,'cerrado',NULL,'Entrada generada desde recepción de pedido','2025-06-17 10:03:04','2025-09-23 17:51:59',NULL),(277,'AC25/0004',NULL,1,NULL,NULL,72,22758.00,'cerrado',NULL,'Entrada generada desde recepción de pedido','2025-06-17 11:13:14','2025-09-23 17:51:59',NULL),(278,'Entrada manual',NULL,1,NULL,NULL,1,3110.00,'cerrado',NULL,NULL,'2025-06-18 07:43:35','2025-09-23 17:51:59',NULL),(279,'Entrada manual',NULL,1,NULL,NULL,1,3150.00,'cerrado',NULL,NULL,'2025-06-18 07:44:32','2025-09-23 17:51:59',NULL),(280,'Entrada manual',NULL,1,NULL,NULL,1,3080.00,'cerrado',NULL,NULL,'2025-06-18 07:45:16','2025-09-23 17:51:59',NULL),(281,'Entrada manual',NULL,1,NULL,NULL,1,2978.00,'cerrado',NULL,NULL,'2025-06-18 07:49:00','2025-09-23 17:51:59',NULL),(282,'Entrada manual',NULL,1,NULL,NULL,1,3020.00,'cerrado',NULL,NULL,'2025-06-18 07:51:06','2025-09-23 17:51:59',NULL),(283,'Entrada manual',NULL,1,NULL,NULL,1,3960.00,'cerrado',NULL,NULL,'2025-06-18 07:52:24','2025-09-23 17:51:59',NULL),(284,'Entrada manual',NULL,1,NULL,NULL,1,2880.00,'cerrado',NULL,NULL,'2025-06-18 07:54:09','2025-09-23 17:51:59',NULL),(285,'Entrada manual',NULL,1,NULL,NULL,1,2816.00,'cerrado',NULL,NULL,'2025-06-18 07:54:11','2025-09-23 17:51:59',NULL),(286,'Entrada manual',NULL,1,NULL,NULL,1,2861.00,'cerrado',NULL,NULL,'2025-06-18 07:56:42','2025-09-23 17:51:59',NULL),(287,'Entrada manual',NULL,1,NULL,NULL,7,3020.00,'cerrado',NULL,NULL,'2025-06-18 07:57:24','2025-09-23 17:51:59',NULL),(288,'Entrada manual',NULL,1,NULL,NULL,1,2816.00,'cerrado',NULL,NULL,'2025-06-18 07:57:55','2025-09-23 17:51:59',NULL),(289,'Entrada manual',NULL,1,NULL,NULL,1,2818.00,'cerrado',NULL,NULL,'2025-06-18 07:58:36','2025-09-23 17:51:59',NULL),(290,'Entrada manual',NULL,1,NULL,NULL,7,2994.00,'cerrado',NULL,NULL,'2025-06-18 07:59:24','2025-09-23 17:51:59',NULL),(291,'Entrada manual',NULL,1,NULL,NULL,7,3012.00,'cerrado',NULL,NULL,'2025-06-18 08:00:46','2025-09-23 17:51:59',NULL),(292,'Entrada manual',NULL,1,NULL,NULL,1,3020.00,'cerrado',NULL,NULL,'2025-06-18 08:01:12','2025-09-23 17:51:59',NULL),(293,'Entrada manual',NULL,1,NULL,NULL,7,3020.00,'cerrado',NULL,NULL,'2025-06-18 08:36:09','2025-09-23 17:51:59',NULL),(294,'Entrada manual',NULL,1,NULL,NULL,7,3020.00,'cerrado',NULL,NULL,'2025-06-18 08:39:19','2025-09-23 17:51:59',NULL),(295,'AC25/0005',NULL,1,NULL,NULL,72,24389.00,'cerrado',NULL,'Entrada generada desde recepción de pedido','2025-06-18 08:40:12','2025-09-23 17:51:59',NULL),(296,'Entrada manual',NULL,1,NULL,NULL,7,3025.00,'cerrado',NULL,NULL,'2025-06-18 08:41:13','2025-09-23 17:51:59',NULL),(297,'Entrada manual',NULL,1,NULL,NULL,7,3020.00,'cerrado',NULL,NULL,'2025-06-18 08:42:29','2025-09-23 17:51:59',NULL),(298,'Entrada manual',NULL,1,NULL,NULL,1,3420.00,'cerrado',NULL,NULL,'2025-06-18 08:43:44','2025-09-23 17:51:59',NULL),(299,'Entrada manual',NULL,1,NULL,NULL,1,3396.00,'cerrado',NULL,NULL,'2025-06-18 08:44:07','2025-09-23 17:51:59',NULL),(300,'Entrada manual',NULL,1,NULL,NULL,1,2770.00,'cerrado',NULL,NULL,'2025-06-18 08:51:03','2025-09-23 17:51:59',NULL),(301,'Entrada manual',NULL,1,NULL,NULL,7,2960.00,'cerrado',NULL,NULL,'2025-06-18 08:51:36','2025-09-23 17:51:59',NULL),(302,'Entrada manual',NULL,1,NULL,NULL,1,3864.00,'cerrado',NULL,NULL,'2025-06-18 08:51:39','2025-09-23 17:51:59',NULL),(303,'Entrada manual',NULL,1,NULL,NULL,1,3008.00,'cerrado',NULL,NULL,'2025-06-18 08:53:22','2025-09-23 17:51:59',NULL),(304,'Entrada manual',NULL,1,NULL,NULL,7,3220.00,'cerrado',NULL,NULL,'2025-06-18 08:53:50','2025-09-23 17:51:59',NULL),(305,'Entrada manual',NULL,1,NULL,NULL,1,3028.00,'cerrado',NULL,NULL,'2025-06-18 08:54:40','2025-09-23 17:51:59',NULL),(306,'Entrada manual',NULL,1,NULL,NULL,1,2998.00,'cerrado',NULL,NULL,'2025-06-18 08:55:35','2025-09-23 17:51:59',NULL),(307,'Entrada manual',NULL,1,NULL,NULL,7,3132.00,'cerrado',NULL,NULL,'2025-06-18 08:55:41','2025-09-23 17:51:59',NULL),(308,'Entrada manual',NULL,1,NULL,NULL,1,3026.00,'cerrado',NULL,NULL,'2025-06-18 08:56:12','2025-09-23 17:51:59',NULL),(309,'Entrada manual',NULL,1,NULL,NULL,7,2955.00,'cerrado',NULL,NULL,'2025-06-18 08:57:28','2025-09-23 17:51:59',NULL),(310,'Entrada manual',NULL,1,NULL,NULL,7,3220.00,'cerrado',NULL,NULL,'2025-06-18 08:58:55','2025-09-23 17:51:59',NULL),(311,'Entrada manual',NULL,1,NULL,NULL,1,3350.00,'cerrado',NULL,NULL,'2025-06-18 08:59:49','2025-09-23 17:51:59',NULL),(312,'Entrada manual',NULL,1,NULL,NULL,1,3008.00,'cerrado',NULL,NULL,'2025-06-18 09:01:58','2025-09-23 17:51:59',NULL),(313,'Entrada manual',NULL,1,NULL,NULL,7,3196.00,'cerrado',NULL,NULL,'2025-06-18 09:02:35','2025-09-23 17:51:59',NULL),(314,'Entrada manual',NULL,1,NULL,NULL,1,3026.00,'cerrado',NULL,NULL,'2025-06-18 09:03:20','2025-09-23 17:51:59',NULL),(315,'Entrada manual',NULL,1,NULL,NULL,7,3210.00,'cerrado',NULL,NULL,'2025-06-18 09:04:12','2025-09-23 17:51:59',NULL),(316,'Entrada manual',NULL,1,NULL,NULL,1,3776.00,'cerrado',NULL,NULL,'2025-06-18 09:04:18','2025-09-23 17:51:59',NULL),(317,'Entrada manual',NULL,1,NULL,NULL,1,3722.00,'cerrado',NULL,NULL,'2025-06-18 10:23:53','2025-09-23 17:51:59',NULL),(318,'Entrada manual',NULL,1,NULL,NULL,1,4090.00,'cerrado',NULL,NULL,'2025-06-18 10:24:38','2025-09-23 17:51:59',NULL),(319,'Entrada manual',NULL,1,NULL,NULL,1,4090.00,'cerrado',NULL,NULL,'2025-06-18 10:25:13','2025-09-23 17:51:59',NULL),(320,'Entrada manual',NULL,1,NULL,NULL,1,5090.00,'cerrado',NULL,NULL,'2025-06-18 10:26:17','2025-09-23 17:51:59',NULL),(321,'Entrada manual',NULL,1,NULL,NULL,1,2800.00,'cerrado',NULL,NULL,'2025-06-18 10:28:34','2025-09-23 17:51:59',NULL),(322,'Entrada manual',NULL,1,NULL,NULL,1,3248.00,'cerrado',NULL,NULL,'2025-06-18 10:31:59','2025-09-23 17:51:59',NULL),(323,'Entrada manual',NULL,1,NULL,NULL,7,3010.00,'cerrado',NULL,NULL,'2025-06-18 10:33:38','2025-09-23 17:51:59',NULL),(324,'Entrada manual',NULL,1,NULL,NULL,1,2800.00,'cerrado',NULL,NULL,'2025-06-18 10:35:09','2025-09-23 17:51:59',NULL),(325,'Entrada manual',NULL,1,NULL,NULL,7,4780.00,'cerrado',NULL,NULL,'2025-06-18 10:35:29','2025-09-23 17:51:59',NULL),(326,'Entrada manual',NULL,1,NULL,NULL,7,4978.00,'cerrado',NULL,NULL,'2025-06-18 10:37:24','2025-09-23 17:51:59',NULL),(327,'Entrada manual',NULL,1,NULL,NULL,1,3006.00,'cerrado',NULL,NULL,'2025-06-18 10:37:41','2025-09-23 17:51:59',NULL),(328,'Entrada manual',NULL,1,NULL,NULL,1,3400.00,'cerrado',NULL,NULL,'2025-06-18 10:38:22','2025-09-23 17:51:59',NULL),(329,'Entrada manual',NULL,1,NULL,NULL,7,3004.00,'cerrado',NULL,NULL,'2025-06-18 10:38:47','2025-09-23 17:51:59',NULL),(330,'Entrada manual',NULL,1,NULL,NULL,1,3400.00,'cerrado',NULL,NULL,'2025-06-18 10:39:02','2025-09-23 17:51:59',NULL),(331,'Entrada manual',NULL,1,NULL,NULL,1,3126.00,'cerrado',NULL,NULL,'2025-06-18 10:39:37','2025-09-23 17:51:59',NULL),(332,'Entrada manual',NULL,1,NULL,NULL,7,4160.00,'cerrado',NULL,NULL,'2025-06-18 10:40:16','2025-09-23 17:51:59',NULL),(333,'Entrada manual',NULL,1,NULL,NULL,1,3000.00,'cerrado',NULL,NULL,'2025-06-18 10:41:56','2025-09-23 17:51:59',NULL),(334,'Entrada manual',NULL,1,NULL,NULL,7,2986.00,'cerrado',NULL,NULL,'2025-06-18 10:42:14','2025-09-23 17:51:59',NULL),(335,'Entrada manual',NULL,1,NULL,NULL,7,2767.00,'cerrado',NULL,NULL,'2025-06-18 10:46:41','2025-09-23 17:51:59',NULL),(336,'Entrada manual',NULL,1,NULL,NULL,1,3012.00,'cerrado',NULL,NULL,'2025-06-18 10:47:36','2025-09-23 17:51:59',NULL),(337,'Entrada manual',NULL,1,NULL,NULL,7,2773.00,'cerrado',NULL,NULL,'2025-06-18 10:48:16','2025-09-23 17:51:59',NULL),(338,'Entrada manual',NULL,1,NULL,NULL,1,2938.00,'cerrado',NULL,NULL,'2025-06-18 10:49:26','2025-09-23 17:51:59',NULL),(339,'Entrada manual',NULL,1,NULL,NULL,7,4830.00,'cerrado',NULL,NULL,'2025-06-18 10:50:58','2025-09-23 17:51:59',NULL),(340,'Entrada manual',NULL,1,NULL,NULL,7,4588.00,'cerrado',NULL,NULL,'2025-06-18 10:55:09','2025-09-23 17:51:59',NULL),(341,'Entrada manual',NULL,1,NULL,NULL,7,2821.00,'cerrado',NULL,NULL,'2025-06-18 10:56:44','2025-09-23 17:51:59',NULL),(342,'Entrada manual',NULL,1,NULL,NULL,7,2773.00,'cerrado',NULL,NULL,'2025-06-18 10:58:19','2025-09-23 17:51:59',NULL),(343,'Entrada manual',NULL,1,NULL,NULL,7,3180.00,'cerrado',NULL,NULL,'2025-06-18 11:00:14','2025-09-23 17:51:59',NULL),(344,'Entrada manual',NULL,1,NULL,NULL,1,3060.00,'cerrado',NULL,NULL,'2025-06-18 11:20:19','2025-09-23 17:51:59',NULL),(345,'Entrada manual',NULL,1,NULL,NULL,1,2990.00,'cerrado',NULL,NULL,'2025-06-18 11:21:56','2025-09-23 17:51:59',NULL),(346,'Entrada manual',NULL,1,NULL,NULL,1,4406.00,'cerrado',NULL,NULL,'2025-06-18 11:23:49','2025-09-23 17:51:59',NULL),(347,'Entrada manual',NULL,1,NULL,NULL,1,2778.00,'cerrado',NULL,NULL,'2025-06-18 11:24:58','2025-09-23 17:51:59',NULL),(348,'Entrada manual',NULL,1,NULL,NULL,1,3012.00,'cerrado',NULL,NULL,'2025-06-18 11:27:04','2025-09-23 17:51:59',NULL),(349,'Entrada manual',NULL,1,NULL,NULL,1,2800.00,'cerrado',NULL,NULL,'2025-06-18 11:29:00','2025-09-23 17:51:59',NULL),(350,'Entrada manual',NULL,1,NULL,NULL,1,2779.00,'cerrado',NULL,NULL,'2025-06-18 11:30:04','2025-09-23 17:51:59',NULL),(351,'Entrada manual',NULL,1,NULL,NULL,1,4694.00,'cerrado',NULL,NULL,'2025-06-18 11:36:31','2025-09-23 17:51:59',NULL),(352,'Entrada manual',NULL,1,NULL,NULL,1,2500.00,'cerrado',NULL,NULL,'2025-06-18 11:40:54','2025-09-23 17:51:59',NULL),(353,'Entrada manual',NULL,1,NULL,NULL,1,3065.00,'cerrado',NULL,NULL,'2025-06-18 11:43:12','2025-09-23 17:51:59',NULL),(354,'Entrada manual',NULL,1,NULL,NULL,1,3038.00,'cerrado',NULL,NULL,'2025-06-18 11:47:18','2025-09-23 17:51:59',NULL),(355,'Entrada manual',NULL,1,NULL,NULL,1,2994.00,'cerrado',NULL,NULL,'2025-06-18 11:48:34','2025-09-23 17:51:59',NULL),(356,'Entrada manual',NULL,1,NULL,NULL,1,2988.00,'cerrado',NULL,NULL,'2025-06-18 11:49:23','2025-09-23 17:51:59',NULL),(357,'Entrada manual',NULL,1,NULL,NULL,1,3000.00,'cerrado',NULL,NULL,'2025-06-18 11:50:30','2025-09-23 17:51:59',NULL),(358,'Entrada manual',NULL,1,NULL,NULL,1,3006.00,'cerrado',NULL,NULL,'2025-06-18 11:55:29','2025-09-23 17:51:59',NULL),(359,'Entrada manual',NULL,1,NULL,NULL,1,3020.00,'cerrado',NULL,NULL,'2025-06-18 11:56:53','2025-09-23 17:51:59',NULL),(360,'Entrada manual',NULL,1,NULL,NULL,1,3050.00,'cerrado',NULL,NULL,'2025-06-18 11:59:35','2025-09-23 17:51:59',NULL),(361,'Entrada manual',NULL,1,NULL,NULL,1,3010.00,'cerrado',NULL,NULL,'2025-06-18 12:01:15','2025-09-23 17:51:59',NULL),(362,'Entrada manual',NULL,1,NULL,NULL,1,3008.00,'cerrado',NULL,NULL,'2025-06-18 12:01:55','2025-09-23 17:51:59',NULL),(363,'Entrada manual',NULL,1,NULL,NULL,7,3012.00,'cerrado',NULL,NULL,'2025-06-18 12:02:20','2025-09-23 17:51:59',NULL),(364,'Entrada manual',NULL,1,NULL,NULL,1,3040.00,'cerrado',NULL,NULL,'2025-06-18 12:03:26','2025-09-23 17:51:59',NULL),(365,'Entrada manual',NULL,1,NULL,NULL,7,3000.00,'cerrado',NULL,NULL,'2025-06-18 12:03:42','2025-09-23 17:51:59',NULL),(366,'Entrada manual',NULL,1,NULL,NULL,1,3008.00,'cerrado',NULL,NULL,'2025-06-18 12:05:35','2025-09-23 17:51:59',NULL),(367,'Entrada manual',NULL,1,NULL,NULL,7,3016.00,'cerrado',NULL,NULL,'2025-06-18 12:05:42','2025-09-23 17:51:59',NULL),(368,'Entrada manual',NULL,1,NULL,NULL,7,3026.00,'cerrado',NULL,NULL,'2025-06-18 12:07:14','2025-09-23 17:51:59',NULL),(369,'Entrada manual',NULL,1,NULL,NULL,1,3180.00,'cerrado',NULL,NULL,'2025-06-18 12:07:36','2025-09-23 17:51:59',NULL),(370,'Entrada manual',NULL,1,NULL,NULL,1,4890.00,'cerrado',NULL,NULL,'2025-06-18 12:09:11','2025-09-23 17:51:59',NULL),(371,'Entrada manual',NULL,1,NULL,NULL,7,3130.00,'cerrado',NULL,NULL,'2025-06-18 12:09:13','2025-09-23 17:51:59',NULL),(372,'Entrada manual',NULL,1,NULL,NULL,1,5020.00,'cerrado',NULL,NULL,'2025-06-18 12:10:10','2025-09-23 17:51:59',NULL),(373,'Entrada manual',NULL,1,NULL,NULL,7,2880.00,'cerrado',NULL,NULL,'2025-06-18 12:11:22','2025-09-23 17:51:59',NULL),(374,'Entrada manual',NULL,1,NULL,NULL,1,3230.00,'cerrado',NULL,NULL,'2025-06-18 12:11:44','2025-09-23 17:51:59',NULL),(375,'Entrada manual',NULL,1,NULL,NULL,7,2800.00,'cerrado',NULL,NULL,'2025-06-18 12:13:16','2025-09-23 17:51:59',NULL),(376,'Entrada manual',NULL,1,NULL,NULL,1,3006.00,'cerrado',NULL,NULL,'2025-06-18 12:13:31','2025-09-23 17:51:59',NULL),(377,'Entrada manual',NULL,1,NULL,NULL,1,3006.00,'cerrado',NULL,NULL,'2025-06-18 12:14:23','2025-09-23 17:51:59',NULL),(378,'Entrada manual',NULL,1,NULL,NULL,7,4585.00,'cerrado',NULL,NULL,'2025-06-18 12:14:53','2025-09-23 17:51:59',NULL),(379,'Entrada manual',NULL,1,NULL,NULL,1,2003.00,'cerrado',NULL,NULL,'2025-06-18 12:15:21','2025-09-23 17:51:59',NULL),(380,'Entrada manual',NULL,1,NULL,NULL,7,3000.00,'cerrado',NULL,NULL,'2025-06-18 12:16:52','2025-09-23 17:51:59',NULL),(381,'Entrada manual',NULL,1,NULL,NULL,1,3112.00,'cerrado',NULL,NULL,'2025-06-18 12:17:44','2025-09-23 17:51:59',NULL),(382,'Entrada manual',NULL,1,NULL,NULL,1,4560.00,'cerrado',NULL,NULL,'2025-06-18 12:18:49','2025-09-23 17:51:59',NULL),(383,'Entrada manual',NULL,1,NULL,NULL,1,3012.00,'cerrado',NULL,NULL,'2025-06-18 12:20:39','2025-09-23 17:51:59',NULL),(384,'Entrada manual',NULL,1,NULL,NULL,7,4840.00,'cerrado',NULL,NULL,'2025-06-18 12:20:50','2025-09-23 17:51:59',NULL),(385,'Entrada manual',NULL,1,NULL,NULL,7,4690.00,'cerrado',NULL,NULL,'2025-06-18 12:22:15','2025-09-23 17:51:59',NULL),(386,'Entrada manual',NULL,1,NULL,NULL,1,2990.00,'cerrado',NULL,NULL,'2025-06-18 12:22:23','2025-09-23 17:51:59',NULL),(387,'Entrada manual',NULL,1,NULL,NULL,7,5198.00,'cerrado',NULL,NULL,'2025-06-18 12:23:37','2025-09-23 17:51:59',NULL),(388,'Entrada manual',NULL,1,NULL,NULL,1,4060.00,'cerrado',NULL,NULL,'2025-06-18 12:24:13','2025-09-23 17:51:59',NULL),(389,'Entrada manual',NULL,1,NULL,NULL,7,4882.00,'cerrado',NULL,NULL,'2025-06-18 12:24:56','2025-09-23 17:51:59',NULL),(390,'Entrada manual',NULL,1,NULL,NULL,1,3020.00,'cerrado',NULL,NULL,'2025-06-18 12:26:20','2025-09-23 17:51:59',NULL),(391,'Entrada manual',NULL,1,NULL,NULL,1,4000.00,'cerrado',NULL,NULL,'2025-06-18 14:47:45','2025-09-23 17:51:59',NULL),(392,'Entrada manual',NULL,1,NULL,NULL,1,4780.00,'cerrado',NULL,NULL,'2025-06-18 15:05:13','2025-09-23 17:51:59',NULL),(393,'Entrada manual',NULL,1,NULL,NULL,1,4708.00,'cerrado',NULL,NULL,'2025-06-18 15:47:26','2025-09-23 17:51:59',NULL),(394,'Entrada manual',NULL,1,NULL,NULL,1,3094.00,'cerrado',NULL,NULL,'2025-06-18 15:57:02','2025-09-23 17:51:59',NULL),(395,'Entrada manual',NULL,1,NULL,NULL,1,2990.00,'cerrado',NULL,NULL,'2025-06-18 15:58:27','2025-09-23 17:51:59',NULL),(396,'Entrada manual',NULL,1,NULL,NULL,72,2252.00,'cerrado',NULL,NULL,'2025-06-19 09:07:40','2025-09-23 17:51:59',NULL),(397,'Entrada manual',NULL,1,NULL,NULL,72,2284.00,'cerrado',NULL,NULL,'2025-06-19 09:09:14','2025-09-23 17:51:59',NULL),(398,'Entrada manual',NULL,1,NULL,NULL,72,2256.00,'cerrado',NULL,NULL,'2025-06-19 09:09:58','2025-09-23 17:51:59',NULL),(399,'Entrada manual',NULL,1,NULL,NULL,72,2256.00,'cerrado',NULL,NULL,'2025-06-19 09:11:02','2025-09-23 17:51:59',NULL),(400,'Entrada manual',NULL,1,NULL,NULL,72,2254.00,'cerrado',NULL,NULL,'2025-06-19 09:11:54','2025-09-23 17:51:59',NULL),(401,'Entrada manual',NULL,1,NULL,NULL,72,2252.00,'cerrado',NULL,NULL,'2025-06-19 09:13:13','2025-09-23 17:51:59',NULL),(402,'Entrada manual',NULL,1,NULL,NULL,72,2284.00,'cerrado',NULL,NULL,'2025-06-19 09:14:01','2025-09-23 17:51:59',NULL),(403,'Entrada manual',NULL,1,NULL,NULL,72,2254.00,'cerrado',NULL,NULL,'2025-06-19 09:23:57','2025-09-23 17:51:59',NULL),(404,'Entrada manual',NULL,1,NULL,NULL,72,2256.00,'cerrado',NULL,NULL,'2025-06-19 09:24:54','2025-09-23 17:51:59',NULL),(405,'Entrada manual',NULL,1,NULL,NULL,72,2252.00,'cerrado',NULL,NULL,'2025-06-19 09:25:39','2025-09-23 17:51:59',NULL),(406,'Entrada manual',NULL,1,NULL,NULL,72,2254.00,'cerrado',NULL,NULL,'2025-06-19 09:26:12','2025-09-23 17:51:59',NULL),(407,'AC25/0006',NULL,1,NULL,NULL,72,24022.00,'cerrado',NULL,'Entrada generada desde recepción de pedido','2025-06-20 08:46:41','2025-09-23 17:51:59',NULL),(408,'AC25/0007',NULL,1,NULL,NULL,72,27628.00,'cerrado',NULL,'Entrada generada desde recepción de pedido','2025-06-20 11:12:05','2025-09-23 17:51:59',NULL),(409,'AC25/0008',NULL,1,NULL,NULL,72,25680.00,'cerrado',NULL,'Entrada generada desde recepción de pedido','2025-06-20 11:35:47','2025-09-23 17:51:59',NULL),(410,'AC25/0009',NULL,1,NULL,NULL,74,25640.00,'cerrado',NULL,'Entrada generada desde recepción de pedido','2025-06-20 12:43:06','2025-09-23 17:51:59',NULL),(411,'AC25/0010',NULL,1,NULL,NULL,74,26000.00,'cerrado',NULL,'Entrada generada desde recepción de pedido','2025-06-20 13:38:11','2025-09-23 17:51:59',NULL),(412,'AC25/0011',NULL,1,NULL,NULL,1,22500.00,'cerrado',NULL,'Entrada generada desde recepción de pedido','2025-06-22 18:14:30','2025-09-23 17:51:59',NULL),(413,'AC25/0012',NULL,1,NULL,NULL,1,24000.00,'cerrado',NULL,'Entrada generada desde recepción de pedido','2025-06-26 05:58:38','2025-09-23 17:51:59',NULL),(414,'AC25/0013',NULL,1,NULL,NULL,1,24000.00,'cerrado',NULL,'Entrada generada desde recepción de pedido','2025-06-26 06:14:33','2025-09-23 17:51:59',NULL),(415,'AC25/0014',NULL,1,NULL,NULL,1,24000.00,'cerrado',NULL,'Entrada generada desde recepción de pedido','2025-06-26 06:48:41','2025-09-23 17:51:59',NULL),(416,'AC25/0015',NULL,1,NULL,NULL,1,24000.00,'cerrado',NULL,'Entrada generada desde recepción de pedido','2025-07-14 14:49:44','2025-09-23 17:51:59',NULL),(417,'AC25/0016',NULL,1,NULL,NULL,1,24000.00,'cerrado',NULL,'Entrada generada desde recepción de pedido','2025-07-14 14:51:20','2025-09-23 17:51:59',NULL),(418,'AC25/0017',NULL,1,NULL,NULL,1,24000.00,'cerrado',NULL,'Entrada generada desde recepción de pedido','2025-07-14 14:56:47','2025-09-23 17:51:59',NULL),(419,'AC25/0018',NULL,1,NULL,NULL,1,24000.00,'cerrado',NULL,'Entrada generada desde recepción de pedido','2025-07-14 15:19:21','2025-09-23 17:51:59',NULL),(420,'AC25/0019',NULL,1,NULL,NULL,1,24000.00,'cerrado',NULL,'Entrada generada desde recepción de pedido','2025-07-14 15:24:09','2025-09-23 17:51:59',NULL),(426,'AC25/0020',NULL,1,NULL,NULL,1,48000.00,'cerrado',NULL,'Entrada generada desde recepción de pedido','2025-07-14 16:24:28','2025-09-23 17:51:59',NULL),(427,'AC25/0021',NULL,1,NULL,NULL,1,24000.00,'cerrado',NULL,'Entrada generada desde recepción de pedido','2025-07-14 16:54:48','2025-09-23 17:51:59',NULL),(428,'AC25/0022',NULL,1,NULL,NULL,1,24000.00,'cerrado',NULL,'Entrada generada desde recepción de pedido','2025-07-14 16:58:09','2025-09-23 17:51:59',NULL),(429,'AC25/0023',NULL,1,NULL,NULL,1,24000.00,'cerrado',NULL,'Entrada generada desde recepción de pedido','2025-07-14 17:00:49','2025-09-23 17:51:59',NULL),(430,'AC25/0024',NULL,1,NULL,NULL,1,24000.00,'cerrado',NULL,'Entrada generada desde recepción de pedido','2025-07-14 17:02:22','2025-09-23 17:51:59',NULL),(431,'AC25/0025',NULL,1,NULL,NULL,1,24000.00,'cerrado',NULL,'Entrada generada desde recepción de pedido','2025-07-14 17:08:15','2025-09-23 17:51:59',NULL),(432,'AC25/0026',NULL,1,NULL,NULL,1,24000.00,'cerrado',NULL,'Entrada generada desde recepción de pedido','2025-07-14 17:09:03','2025-09-23 17:51:59',NULL),(433,'AC25/0027',NULL,1,NULL,NULL,1,24000.00,'cerrado',NULL,'Entrada generada desde recepción de pedido','2025-07-14 17:09:37','2025-09-23 17:51:59',NULL),(434,'AC25/0028',NULL,1,NULL,NULL,1,24000.00,'cerrado',NULL,'Entrada generada desde recepción de pedido','2025-07-14 17:10:06','2025-09-23 17:51:59',NULL),(435,'Entrada manual',NULL,1,NULL,NULL,1,2500.00,'cerrado',NULL,NULL,'2025-07-15 08:59:00','2025-09-23 17:51:59',NULL),(436,'AC25/0029',NULL,1,NULL,NULL,1,10588.00,'cerrado',NULL,'Entrada generada desde recepción de pedido','2025-07-15 09:24:50','2025-09-23 17:51:59',NULL),(437,'AC25/0030','FASDF',1,NULL,NULL,1,124317.00,'cerrado',NULL,'Entrada generada desde recepción de pedido','2025-07-31 07:09:45','2025-09-23 17:51:59',NULL),(438,'Entrada manual',NULL,1,NULL,NULL,89,50000.00,'cerrado',NULL,NULL,'2025-08-17 23:33:58','2025-09-23 17:51:59',NULL),(439,'AC25/0031',NULL,1,NULL,NULL,1,48000.00,'cerrado',NULL,'Entrada generada desde recepción de pedido','2025-08-18 14:04:25','2025-09-23 17:51:59',NULL),(440,'AC25/0032',NULL,1,NULL,NULL,1,45000.00,'cerrado',NULL,'Entrada generada desde recepción de pedido','2025-08-18 14:12:17','2025-09-23 17:51:59',NULL),(441,'Entrada manual',NULL,1,NULL,NULL,1,15000.00,'cerrado',NULL,NULL,'2025-08-20 16:03:19','2025-09-23 17:51:59',NULL),(442,'Entrada manual',NULL,1,NULL,NULL,1,15000.00,'cerrado',NULL,NULL,'2025-08-20 16:04:11','2025-09-23 17:51:59',NULL),(443,'AC25/0033',NULL,1,NULL,NULL,1,50000.00,'cerrado',NULL,'Entrada generada desde recepción de pedido','2025-08-21 09:17:33','2025-09-23 17:51:59',NULL),(444,'AC25/0034',NULL,1,NULL,NULL,1,5000.00,'cerrado',NULL,'Entrada generada desde recepción de pedido','2025-08-21 09:19:47','2025-09-23 17:51:59',NULL),(445,'AC25/0035',NULL,1,NULL,NULL,1,5000.00,'cerrado',NULL,'Entrada generada desde recepción de pedido','2025-08-21 09:25:33','2025-09-23 17:51:59',NULL),(446,'AC25/0036',NULL,1,NULL,NULL,1,50000.00,'cerrado',NULL,'Entrada generada desde recepción de pedido','2025-08-21 09:28:23','2025-09-23 17:51:59',NULL),(447,'AC25/0037',NULL,1,NULL,NULL,1,11000.00,'cerrado',NULL,'Entrada generada desde recepción de pedido','2025-08-21 09:29:45','2025-09-23 17:51:59',NULL),(448,'AC25/0038',NULL,1,NULL,NULL,1,6000.00,'cerrado',NULL,'Entrada generada desde recepción de pedido','2025-08-21 09:34:22','2025-09-23 17:51:59',NULL),(449,'AC25/0039',NULL,1,NULL,NULL,1,687684.00,'cerrado',NULL,'Entrada generada desde recepción de pedido','2025-08-21 09:35:43','2025-09-23 17:51:59',NULL),(450,'AC25/0040',NULL,1,NULL,NULL,1,353545.00,'cerrado',NULL,'Entrada generada desde recepción de pedido','2025-08-21 09:37:15','2025-09-23 17:51:59',NULL),(451,'AC25/0041',NULL,1,NULL,NULL,1,8774845.00,'cerrado',NULL,'Entrada generada desde recepción de pedido','2025-08-21 09:38:44','2025-09-23 17:51:59',NULL),(452,'AC25/0042',NULL,1,NULL,NULL,1,6000.00,'cerrado',NULL,'Entrada generada desde recepción de pedido','2025-08-21 09:50:34','2025-09-23 17:51:59',NULL),(453,'AC25/0043',NULL,1,NULL,NULL,1,5000.00,'cerrado','albaran_453_1755773159.pdf','Entrada generada desde recepción de pedido','2025-08-21 10:12:30','2025-09-23 17:51:59',NULL),(454,'AC25/0044',NULL,1,NULL,NULL,1,25000.00,'cerrado',NULL,'Entrada generada desde recepción de pedido','2025-08-25 09:17:23','2025-09-23 17:51:59',NULL),(455,'AC25/0045',NULL,1,NULL,NULL,1,23000.00,'cerrado',NULL,'Entrada generada desde recepción de pedido','2025-09-10 13:03:03','2025-09-23 17:51:59',NULL),(456,'AC25/0046',NULL,1,NULL,NULL,1,23000.00,'cerrado',NULL,'Entrada generada desde recepción de pedido','2025-09-10 13:03:51','2025-09-23 17:51:59',NULL),(457,'AC25/0047',NULL,1,NULL,NULL,1,25000.00,'cerrado',NULL,'Entrada generada desde recepción de pedido','2025-09-10 13:23:13','2025-09-23 17:51:59',NULL),(458,'AC25/0048',NULL,1,NULL,NULL,1,25000.00,'cerrado',NULL,'Entrada generada desde recepción de pedido','2025-09-10 14:04:11','2025-09-23 17:51:59',NULL),(459,'AC25/0049',NULL,1,NULL,NULL,1,2500.00,'cerrado',NULL,'Entrada generada desde recepción de pedido','2025-09-11 08:14:00','2025-09-23 17:51:59',NULL),(460,'AC25/0050',NULL,1,NULL,NULL,1,24000.00,'cerrado',NULL,'Entrada generada desde recepción de pedido','2025-09-11 12:09:56','2025-09-23 17:51:59',NULL),(461,'AC25/0051',NULL,1,NULL,NULL,89,5000.00,'cerrado',NULL,'Entrada generada desde recepción de pedido','2025-09-16 07:46:03','2025-09-23 17:51:59',NULL),(462,'AC25/0052',NULL,1,NULL,NULL,89,5000.00,'cerrado',NULL,'Entrada generada desde recepción de pedido','2025-09-16 10:40:54','2025-09-23 17:51:59',NULL),(463,'AC25/0053',NULL,1,NULL,NULL,89,3500.00,'cerrado',NULL,'Entrada generada desde recepción de pedido','2025-09-16 10:41:34','2025-09-23 17:51:59',NULL),(464,'Entrada manual',NULL,1,NULL,NULL,1,3500.00,'cerrado',NULL,NULL,'2025-09-16 12:09:04','2025-09-23 17:51:59',NULL),(465,'Entrada manual',NULL,1,NULL,NULL,1,8000.00,'cerrado',NULL,NULL,'2025-09-18 21:03:37','2025-09-23 17:51:59',NULL),(466,'AC25/0054',NULL,NULL,NULL,NULL,1,22000.00,'cerrado',NULL,'Entrada generada desde recepción de pedido','2025-10-02 15:28:17','2025-10-02 15:28:21',NULL),(467,'AC25/0055',NULL,NULL,NULL,NULL,1,6000.00,'cerrado',NULL,'Entrada generada desde recepción de pedido','2025-10-02 15:32:21','2025-10-02 15:54:35',NULL),(468,'AC25/0056',NULL,NULL,NULL,NULL,1,65656.00,'cerrado',NULL,'Entrada generada desde recepción de pedido','2025-10-02 15:58:19','2025-10-02 15:58:31',NULL),(469,'AC25/0057',NULL,NULL,NULL,NULL,1,50000.00,'cerrado',NULL,'Entrada generada desde recepción de pedido','2025-10-02 16:02:53','2025-10-03 09:41:32',NULL),(470,'AC25/0058',NULL,NULL,NULL,NULL,1,70000.00,'abierto',NULL,'Entrada generada desde recepción de pedido','2025-10-08 05:46:05','2025-10-08 05:46:46',NULL),(471,'Entrada manual',NULL,NULL,NULL,NULL,1,25000.00,'cerrado',NULL,NULL,'2025-10-20 15:40:07','2025-10-20 15:40:07',NULL),(472,'Entrada manual',NULL,NULL,NULL,NULL,1,18000.00,'cerrado',NULL,NULL,'2025-10-20 17:41:35','2025-10-20 17:41:35',NULL),(473,'Entrada manual',NULL,NULL,NULL,NULL,1,25000.00,'cerrado',NULL,NULL,'2025-10-20 18:34:14','2025-10-20 18:34:14',NULL),(474,'Entrada manual',NULL,NULL,NULL,NULL,1,25000.00,'cerrado',NULL,NULL,'2025-10-21 07:10:57','2025-10-21 07:10:57',NULL),(475,'Entrada manual',NULL,NULL,NULL,NULL,1,25000.00,'cerrado',NULL,NULL,'2025-10-21 10:49:22','2025-10-21 10:49:22',NULL),(476,'Entrada manual',NULL,NULL,NULL,NULL,1,25000.00,'cerrado',NULL,NULL,'2025-10-21 10:50:26','2025-10-21 10:50:26',NULL),(477,'Entrada manual',NULL,NULL,NULL,NULL,1,25000.00,'cerrado',NULL,NULL,'2025-10-23 06:29:03','2025-10-23 06:29:03',NULL),(478,'AC25/0059',NULL,NULL,13,NULL,1,10000.00,'cerrado',NULL,'Entrada generada desde recepción de pedido','2025-11-05 08:34:10','2025-11-05 09:33:26',NULL),(479,'AC25/0060',NULL,NULL,13,NULL,1,35000.00,'cerrado',NULL,'Entrada generada desde recepción de pedido','2025-11-05 10:18:28','2025-11-05 10:53:26',NULL),(480,'AC25/0061',NULL,NULL,13,NULL,1,10000.00,'abierto',NULL,'Entrada generada desde recepción de pedido','2025-11-05 12:34:08','2025-11-05 12:34:08',NULL),(481,'AC25/0062',NULL,NULL,16,NULL,1,35435.00,'cerrado','albaran_481_1763246191.pdf','Entrada generada desde recepción de pedido','2025-11-06 12:38:03','2025-11-15 22:36:31',NULL),(482,'AC25/0063',NULL,NULL,16,NULL,1,5000.00,'cerrado',NULL,'Entrada generada desde recepción de pedido','2025-11-06 12:53:16','2025-11-06 12:53:19',NULL),(484,'AC25/0064',NULL,1,17,NULL,1,5000.00,'abierto',NULL,'Entrada generada desde recepción de pedido','2025-11-06 16:10:08','2025-11-06 16:10:08',NULL),(485,'AC25/0065',NULL,1,26,NULL,1,5000.00,'cerrado','albaran_485_1763245309.pdf','Entrada generada desde recepción de pedido','2025-11-07 17:59:03','2025-11-15 22:21:49',NULL),(486,'AC25/0066',NULL,1,25,NULL,1,5000.00,'cerrado',NULL,'Entrada generada desde recepción de pedido','2025-11-07 18:12:54','2025-11-07 18:12:57',NULL),(487,'Entrada manual',NULL,NULL,NULL,NULL,1,5000.00,'cerrado',NULL,NULL,'2025-11-16 15:14:43','2025-11-16 15:14:43',NULL),(488,'AC25/0067',NULL,2,26,NULL,1,5000.00,'cerrado',NULL,'Entrada generada desde recepción de pedido','2025-11-17 01:46:11','2025-11-17 01:46:16',NULL),(489,'AC25/0068',NULL,1,27,NULL,1,15000.00,'abierto',NULL,'Entrada generada desde recepción de pedido','2025-11-20 11:31:47','2025-11-20 11:36:23',NULL),(490,'AC25/0069',NULL,1,24,NULL,1,11000.00,'cerrado',NULL,'Entrada generada desde recepción de pedido','2025-11-20 12:23:20','2025-11-20 12:23:56',NULL),(491,'AC25/0070',NULL,1,24,NULL,1,5000.00,'cerrado',NULL,'Entrada generada desde recepción de pedido','2025-11-20 12:25:51','2025-11-20 12:36:57',NULL),(492,'AC25/0071',NULL,1,23,NULL,1,5000.00,'cerrado',NULL,'Entrada generada desde recepción de pedido','2025-11-20 12:48:42','2025-11-20 12:51:27',NULL);
/*!40000 ALTER TABLE `entradas` ENABLE KEYS */;
UNLOCK TABLES;

--
-- Table structure for table `etiqueta_historial`
--

DROP TABLE IF EXISTS `etiqueta_historial`;
/*!40101 SET @saved_cs_client     = @@character_set_client */;
/*!40101 SET character_set_client = utf8 */;
CREATE TABLE `etiqueta_historial` (
  `id` bigint(20) unsigned NOT NULL AUTO_INCREMENT,
  `etiqueta_id` bigint(20) unsigned NOT NULL,
  `etiqueta_sub_id` varchar(50) NOT NULL,
  `maquina_id` bigint(20) unsigned DEFAULT NULL,
  `usuario_id` bigint(20) unsigned DEFAULT NULL,
  `accion` varchar(50) NOT NULL,
  `estado_anterior` varchar(50) DEFAULT NULL,
  `estado_nuevo` varchar(50) NOT NULL,
  `snapshot_etiqueta` longtext CHARACTER SET utf8mb4 COLLATE utf8mb4_bin NOT NULL CHECK (json_valid(`snapshot_etiqueta`)),
  `snapshot_elementos` longtext CHARACTER SET utf8mb4 COLLATE utf8mb4_bin DEFAULT NULL CHECK (json_valid(`snapshot_elementos`)),
  `snapshot_productos` longtext CHARACTER SET utf8mb4 COLLATE utf8mb4_bin DEFAULT NULL CHECK (json_valid(`snapshot_productos`)),
  `snapshot_planilla` longtext CHARACTER SET utf8mb4 COLLATE utf8mb4_bin DEFAULT NULL CHECK (json_valid(`snapshot_planilla`)),
  `paquete_id_anterior` bigint(20) unsigned DEFAULT NULL,
  `revertido` tinyint(1) NOT NULL DEFAULT 0,
  `revertido_at` timestamp NULL DEFAULT NULL,
  `revertido_por` bigint(20) unsigned DEFAULT NULL,
  `created_at` timestamp NOT NULL DEFAULT current_timestamp(),
  `updated_at` timestamp NOT NULL DEFAULT current_timestamp() ON UPDATE current_timestamp(),
  PRIMARY KEY (`id`),
  KEY `idx_etiqueta_historial_etiqueta` (`etiqueta_id`),
  KEY `idx_etiqueta_historial_sub_id` (`etiqueta_sub_id`),
  KEY `idx_etiqueta_historial_maquina` (`maquina_id`),
  KEY `idx_etiqueta_historial_created` (`created_at`),
  KEY `idx_etiqueta_historial_revertido` (`revertido`)
) ENGINE=InnoDB AUTO_INCREMENT=41 DEFAULT CHARSET=utf8mb4 COLLATE=utf8mb4_unicode_ci;
/*!40101 SET character_set_client = @saved_cs_client */;

--
-- Dumping data for table `etiqueta_historial`
--

LOCK TABLES `etiqueta_historial` WRITE;
/*!40000 ALTER TABLE `etiqueta_historial` DISABLE KEYS */;
INSERT INTO `etiqueta_historial` VALUES (1,234654,'ETQ2512001.02',5,1,'fabricar','fabricando','completada','{\"id\":234654,\"estado\":\"fabricando\",\"paquete_id\":null,\"fecha_inicio\":\"2025-12-09 11:14:45\",\"fecha_finalizacion\":null,\"fecha_inicio_ensamblado\":null,\"fecha_finalizacion_ensamblado\":null,\"fecha_inicio_soldadura\":null,\"fecha_finalizacion_soldadura\":null,\"operario1_id\":1,\"operario2_id\":null,\"peso\":\"23.71\"}','[{\"id\":175397,\"estado\":\"fabricando\",\"producto_id\":null,\"producto_id_2\":null,\"producto_id_3\":null}]','[{\"id\":309,\"codigo\":\"MP25060236\",\"peso_consumido\":0,\"peso_stock_anterior\":\"2727.66\",\"estado_anterior\":\"consumiendo\"}]','{\"id\":6296,\"estado\":\"fabricando\",\"fecha_inicio\":\"2025-12-09 11:14:45\",\"fecha_finalizacion\":null}',NULL,1,'2025-12-09 10:19:54',1,'2025-12-09 10:19:49','2025-12-09 10:19:54'),(2,234654,'ETQ2512001.02',5,1,'fabricar','fabricando','completada','{\"id\":234654,\"estado\":\"fabricando\",\"paquete_id\":null,\"fecha_inicio\":\"2025-12-09 11:14:45\",\"fecha_finalizacion\":null,\"fecha_inicio_ensamblado\":null,\"fecha_finalizacion_ensamblado\":null,\"fecha_inicio_soldadura\":null,\"fecha_finalizacion_soldadura\":null,\"operario1_id\":1,\"operario2_id\":null,\"peso\":\"23.71\"}','[{\"id\":175397,\"estado\":\"fabricando\",\"producto_id\":null,\"producto_id_2\":null,\"producto_id_3\":null}]','[{\"id\":309,\"codigo\":\"MP25060236\",\"peso_consumido\":0,\"peso_stock_anterior\":\"2703.95\",\"estado_anterior\":\"consumiendo\"}]','{\"id\":6296,\"estado\":\"fabricando\",\"fecha_inicio\":\"2025-12-09 11:14:45\",\"fecha_finalizacion\":null}',NULL,1,'2025-12-09 10:20:11',1,'2025-12-09 10:20:02','2025-12-09 10:20:11'),(3,234654,'ETQ2512001.02',5,1,'fabricar','fabricando','completada','{\"id\":234654,\"estado\":\"fabricando\",\"paquete_id\":null,\"fecha_inicio\":\"2025-12-09 11:14:45\",\"fecha_finalizacion\":null,\"fecha_inicio_ensamblado\":null,\"fecha_finalizacion_ensamblado\":null,\"fecha_inicio_soldadura\":null,\"fecha_finalizacion_soldadura\":null,\"operario1_id\":1,\"operario2_id\":null,\"peso\":\"23.71\"}','[{\"id\":175397,\"estado\":\"fabricando\",\"producto_id\":null,\"producto_id_2\":null,\"producto_id_3\":null}]','[{\"id\":309,\"codigo\":\"MP25060236\",\"peso_consumido\":0,\"peso_stock_anterior\":\"2680.24\",\"estado_anterior\":\"consumiendo\"}]','{\"id\":6296,\"estado\":\"fabricando\",\"fecha_inicio\":\"2025-12-09 11:14:45\",\"fecha_finalizacion\":null}',NULL,1,'2025-12-09 10:21:34',1,'2025-12-09 10:21:26','2025-12-09 10:21:34'),(4,234656,'ETQ2512002.02',5,1,'fabricar','fabricando','completada','{\"id\":234656,\"estado\":\"fabricando\",\"paquete_id\":null,\"fecha_inicio\":\"2025-12-09 11:22:03\",\"fecha_finalizacion\":null,\"fecha_inicio_ensamblado\":null,\"fecha_finalizacion_ensamblado\":null,\"fecha_inicio_soldadura\":null,\"fecha_finalizacion_soldadura\":null,\"operario1_id\":1,\"operario2_id\":null,\"peso\":\"25.86\"}','[{\"id\":175399,\"estado\":\"fabricando\",\"producto_id\":null,\"producto_id_2\":null,\"producto_id_3\":null}]','[{\"id\":309,\"codigo\":\"MP25060236\",\"peso_consumido\":0,\"peso_stock_anterior\":\"2656.53\",\"estado_anterior\":\"consumiendo\"}]','{\"id\":6296,\"estado\":\"fabricando\",\"fecha_inicio\":\"2025-12-09 11:14:45\",\"fecha_finalizacion\":null}',NULL,1,'2025-12-09 10:22:31',1,'2025-12-09 10:22:28','2025-12-09 10:22:31'),(5,234656,'ETQ2512002.02',5,1,'fabricar','fabricando','completada','{\"id\":234656,\"estado\":\"fabricando\",\"paquete_id\":null,\"fecha_inicio\":\"2025-12-09 11:22:03\",\"fecha_finalizacion\":null,\"fecha_inicio_ensamblado\":null,\"fecha_finalizacion_ensamblado\":null,\"fecha_inicio_soldadura\":null,\"fecha_finalizacion_soldadura\":null,\"operario1_id\":1,\"operario2_id\":null,\"peso\":\"25.86\"}','[{\"id\":175399,\"estado\":\"fabricando\",\"producto_id\":null,\"producto_id_2\":null,\"producto_id_3\":null}]','[{\"id\":309,\"codigo\":\"MP25060236\",\"peso_consumido\":0,\"peso_stock_anterior\":\"2630.67\",\"estado_anterior\":\"consumiendo\"}]','{\"id\":6296,\"estado\":\"fabricando\",\"fecha_inicio\":\"2025-12-09 11:14:45\",\"fecha_finalizacion\":null}',NULL,1,'2025-12-09 10:23:11',1,'2025-12-09 10:23:04','2025-12-09 10:23:11'),(6,234654,'ETQ2512001.02',5,1,'fabricar','fabricando','completada','{\"id\":234654,\"estado\":\"fabricando\",\"paquete_id\":null,\"fecha_inicio\":\"2025-12-09T10:14:45.000000Z\",\"fecha_finalizacion\":null,\"fecha_inicio_ensamblado\":null,\"fecha_finalizacion_ensamblado\":null,\"fecha_inicio_soldadura\":null,\"fecha_finalizacion_soldadura\":null,\"operario1_id\":1,\"operario2_id\":null,\"peso\":\"23.71\"}','[{\"id\":175397,\"estado\":\"fabricando\",\"producto_id\":null,\"producto_id_2\":null,\"producto_id_3\":null}]','[{\"id\":309,\"codigo\":\"MP25060236\",\"peso_consumido\":0,\"peso_stock_anterior\":\"2604.81\",\"estado_anterior\":\"consumiendo\"}]','{\"id\":6296,\"estado\":\"fabricando\",\"fecha_inicio\":\"2025-12-09 11:14:45\",\"fecha_finalizacion\":null}',NULL,1,'2025-12-09 10:30:42',1,'2025-12-09 10:25:47','2025-12-09 10:30:42'),(7,234654,'ETQ2512001.02',5,1,'fabricar','fabricando','completada','{\"id\":234654,\"estado\":\"fabricando\",\"paquete_id\":null,\"fecha_inicio\":\"2025-12-09 10:14:45\",\"fecha_finalizacion\":null,\"fecha_inicio_ensamblado\":null,\"fecha_finalizacion_ensamblado\":null,\"fecha_inicio_soldadura\":null,\"fecha_finalizacion_soldadura\":null,\"operario1_id\":1,\"operario2_id\":null,\"peso\":\"23.71\"}','[{\"id\":175397,\"estado\":\"fabricando\",\"producto_id\":null,\"producto_id_2\":null,\"producto_id_3\":null,\"users_id\":null,\"users_id_2\":null}]','[{\"id\":309,\"codigo\":\"MP25060236\",\"peso_consumido\":0,\"peso_stock_anterior\":\"2581.10\",\"estado_anterior\":\"consumiendo\"}]','{\"id\":6296,\"estado\":\"fabricando\",\"fecha_inicio\":\"2025-12-09 11:14:45\",\"fecha_finalizacion\":null}',NULL,1,'2025-12-09 10:31:02',1,'2025-12-09 10:30:53','2025-12-09 10:31:02'),(8,234654,'ETQ2512001.02',5,1,'fabricar','fabricando','completada','{\"id\":234654,\"estado\":\"fabricando\",\"paquete_id\":null,\"fecha_inicio\":\"2025-12-09 10:14:45\",\"fecha_finalizacion\":null,\"fecha_inicio_ensamblado\":null,\"fecha_finalizacion_ensamblado\":null,\"fecha_inicio_soldadura\":null,\"fecha_finalizacion_soldadura\":null,\"operario1_id\":1,\"operario2_id\":null,\"peso\":\"23.71\"}','[{\"id\":175397,\"estado\":\"fabricando\",\"producto_id\":null,\"producto_id_2\":null,\"producto_id_3\":null,\"users_id\":null,\"users_id_2\":null}]','[{\"id\":309,\"codigo\":\"MP25060236\",\"peso_consumido\":0,\"peso_stock_anterior\":\"2557.39\",\"estado_anterior\":\"consumiendo\"}]','{\"id\":6296,\"estado\":\"fabricando\",\"fecha_inicio\":\"2025-12-09 11:14:45\",\"fecha_finalizacion\":null}',NULL,1,'2025-12-09 10:32:28',1,'2025-12-09 10:31:13','2025-12-09 10:32:28'),(9,234654,'ETQ2512001.02',5,1,'fabricar','fabricando','completada','{\"id\":234654,\"estado\":\"fabricando\",\"paquete_id\":null,\"fecha_inicio\":\"2025-12-09 10:14:45\",\"fecha_finalizacion\":null,\"fecha_inicio_ensamblado\":null,\"fecha_finalizacion_ensamblado\":null,\"fecha_inicio_soldadura\":null,\"fecha_finalizacion_soldadura\":null,\"operario1_id\":1,\"operario2_id\":null,\"peso\":\"23.71\"}','[{\"id\":175397,\"estado\":\"fabricando\",\"producto_id\":null,\"producto_id_2\":null,\"producto_id_3\":null,\"users_id\":null,\"users_id_2\":null}]','[{\"id\":309,\"codigo\":\"MP25060236\",\"peso_consumido\":0,\"peso_stock_anterior\":\"2533.68\",\"estado_anterior\":\"consumiendo\"}]','{\"id\":6296,\"estado\":\"fabricando\",\"fecha_inicio\":\"2025-12-09 11:14:45\",\"fecha_finalizacion\":null}',NULL,0,NULL,NULL,'2025-12-09 10:35:06','2025-12-09 10:35:06'),(10,234654,'ETQ2512001.02',NULL,1,'empaquetar','completada','en-paquete','{\"id\":234654,\"estado\":\"completada\",\"paquete_id\":null,\"fecha_inicio\":\"2025-12-09 10:14:45\",\"fecha_finalizacion\":\"2025-12-09 11:35:06\",\"fecha_inicio_ensamblado\":null,\"fecha_finalizacion_ensamblado\":null,\"fecha_inicio_soldadura\":null,\"fecha_finalizacion_soldadura\":null,\"operario1_id\":1,\"operario2_id\":null,\"peso\":\"23.71\"}','[{\"id\":175397,\"estado\":\"fabricado\",\"producto_id\":309,\"producto_id_2\":null,\"producto_id_3\":null,\"users_id\":null,\"users_id_2\":null}]','[]','{\"id\":6296,\"estado\":\"fabricando\",\"fecha_inicio\":\"2025-12-09 11:14:45\",\"fecha_finalizacion\":null}',NULL,1,'2025-12-09 10:36:53',1,'2025-12-09 10:36:46','2025-12-09 10:36:53'),(11,234654,'ETQ2512001.02',NULL,1,'empaquetar','completada','en-paquete','{\"id\":234654,\"estado\":\"completada\",\"paquete_id\":null,\"fecha_inicio\":\"2025-12-09 10:14:45\",\"fecha_finalizacion\":\"2025-12-09 11:35:06\",\"fecha_inicio_ensamblado\":null,\"fecha_finalizacion_ensamblado\":null,\"fecha_inicio_soldadura\":null,\"fecha_finalizacion_soldadura\":null,\"operario1_id\":1,\"operario2_id\":null,\"peso\":\"23.71\"}','[{\"id\":175397,\"estado\":\"fabricado\",\"producto_id\":309,\"producto_id_2\":null,\"producto_id_3\":null,\"users_id\":null,\"users_id_2\":null}]','[]','{\"id\":6296,\"estado\":\"fabricando\",\"fecha_inicio\":\"2025-12-09 11:14:45\",\"fecha_finalizacion\":null}',NULL,1,'2025-12-09 10:37:46',1,'2025-12-09 10:37:27','2025-12-09 10:37:46'),(12,234654,'ETQ2512001.02',NULL,1,'empaquetar','completada','en-paquete','{\"id\":234654,\"estado\":\"completada\",\"paquete_id\":null,\"fecha_inicio\":\"2025-12-09 10:14:45\",\"fecha_finalizacion\":\"2025-12-09 11:35:06\",\"fecha_inicio_ensamblado\":null,\"fecha_finalizacion_ensamblado\":null,\"fecha_inicio_soldadura\":null,\"fecha_finalizacion_soldadura\":null,\"operario1_id\":1,\"operario2_id\":null,\"peso\":\"23.71\"}','[{\"id\":175397,\"estado\":\"fabricado\",\"producto_id\":309,\"producto_id_2\":null,\"producto_id_3\":null,\"users_id\":null,\"users_id_2\":null}]','[]','{\"id\":6296,\"estado\":\"fabricando\",\"fecha_inicio\":\"2025-12-09 11:14:45\",\"fecha_finalizacion\":null}',NULL,1,'2025-12-09 10:43:10',1,'2025-12-09 10:43:01','2025-12-09 10:43:10'),(13,234654,'ETQ2512001.02',NULL,1,'empaquetar','completada','en-paquete','{\"id\":234654,\"estado\":\"completada\",\"paquete_id\":null,\"fecha_inicio\":\"2025-12-09 10:14:45\",\"fecha_finalizacion\":\"2025-12-09 11:35:06\",\"fecha_inicio_ensamblado\":null,\"fecha_finalizacion_ensamblado\":null,\"fecha_inicio_soldadura\":null,\"fecha_finalizacion_soldadura\":null,\"operario1_id\":1,\"operario2_id\":null,\"peso\":\"23.71\"}','[{\"id\":175397,\"estado\":\"fabricado\",\"producto_id\":309,\"producto_id_2\":null,\"producto_id_3\":null,\"users_id\":null,\"users_id_2\":null}]','[]','{\"id\":6296,\"estado\":\"fabricando\",\"fecha_inicio\":\"2025-12-09 11:14:45\",\"fecha_finalizacion\":null}',NULL,1,'2025-12-09 10:43:51',1,'2025-12-09 10:43:39','2025-12-09 10:43:51'),(14,234654,'ETQ2512001.02',NULL,1,'empaquetar','completada','en-paquete','{\"id\":234654,\"estado\":\"completada\",\"paquete_id\":null,\"fecha_inicio\":\"2025-12-09 10:14:45\",\"fecha_finalizacion\":\"2025-12-09 11:35:06\",\"fecha_inicio_ensamblado\":null,\"fecha_finalizacion_ensamblado\":null,\"fecha_inicio_soldadura\":null,\"fecha_finalizacion_soldadura\":null,\"operario1_id\":1,\"operario2_id\":null,\"peso\":\"23.71\"}','[{\"id\":175397,\"estado\":\"fabricado\",\"producto_id\":309,\"producto_id_2\":null,\"producto_id_3\":null,\"users_id\":null,\"users_id_2\":null}]','[]','{\"id\":6296,\"estado\":\"fabricando\",\"fecha_inicio\":\"2025-12-09 11:14:45\",\"fecha_finalizacion\":null}',NULL,1,'2025-12-09 10:44:04',1,'2025-12-09 10:43:58','2025-12-09 10:44:04'),(15,234656,'ETQ2512002.02',5,1,'fabricar','fabricando','completada','{\"id\":234656,\"estado\":\"fabricando\",\"paquete_id\":null,\"fecha_inicio\":\"2025-12-09 11:22:03\",\"fecha_finalizacion\":null,\"fecha_inicio_ensamblado\":null,\"fecha_finalizacion_ensamblado\":null,\"fecha_inicio_soldadura\":null,\"fecha_finalizacion_soldadura\":null,\"operario1_id\":1,\"operario2_id\":null,\"peso\":\"25.86\"}','[{\"id\":175399,\"estado\":\"fabricando\",\"producto_id\":null,\"producto_id_2\":null,\"producto_id_3\":null,\"users_id\":null,\"users_id_2\":null}]','[{\"id\":309,\"codigo\":\"MP25060236\",\"peso_consumido\":0,\"peso_stock_anterior\":\"2509.97\",\"estado_anterior\":\"consumiendo\"}]','{\"id\":6296,\"estado\":\"fabricando\",\"fecha_inicio\":\"2025-12-09 11:14:45\",\"fecha_finalizacion\":null}',NULL,0,NULL,NULL,'2025-12-09 10:44:58','2025-12-09 10:44:58'),(16,234654,'ETQ2512001.02',NULL,1,'empaquetar','completada','en-paquete','{\"id\":234654,\"estado\":\"completada\",\"paquete_id\":null,\"fecha_inicio\":\"2025-12-09 10:14:45\",\"fecha_finalizacion\":\"2025-12-09 11:35:06\",\"fecha_inicio_ensamblado\":null,\"fecha_finalizacion_ensamblado\":null,\"fecha_inicio_soldadura\":null,\"fecha_finalizacion_soldadura\":null,\"operario1_id\":1,\"operario2_id\":null,\"peso\":\"23.71\"}','[{\"id\":175397,\"estado\":\"fabricado\",\"producto_id\":309,\"producto_id_2\":null,\"producto_id_3\":null,\"users_id\":null,\"users_id_2\":null}]','[]','{\"id\":6296,\"estado\":\"fabricando\",\"fecha_inicio\":\"2025-12-09 11:14:45\",\"fecha_finalizacion\":null}',NULL,1,'2025-12-09 10:45:10',1,'2025-12-09 10:45:04','2025-12-09 10:45:10'),(17,234656,'ETQ2512002.02',NULL,1,'empaquetar','completada','en-paquete','{\"id\":234656,\"estado\":\"completada\",\"paquete_id\":null,\"fecha_inicio\":\"2025-12-09 11:22:03\",\"fecha_finalizacion\":\"2025-12-09 11:44:58\",\"fecha_inicio_ensamblado\":null,\"fecha_finalizacion_ensamblado\":null,\"fecha_inicio_soldadura\":null,\"fecha_finalizacion_soldadura\":null,\"operario1_id\":1,\"operario2_id\":null,\"peso\":\"25.86\"}','[{\"id\":175399,\"estado\":\"fabricado\",\"producto_id\":309,\"producto_id_2\":null,\"producto_id_3\":null,\"users_id\":null,\"users_id_2\":null}]','[]','{\"id\":6296,\"estado\":\"fabricando\",\"fecha_inicio\":\"2025-12-09 11:14:45\",\"fecha_finalizacion\":null}',NULL,1,'2025-12-09 10:45:22',1,'2025-12-09 10:45:04','2025-12-09 10:45:22'),(18,234658,'ETQ2512003.02',5,1,'fabricar','fabricando','completada','{\"id\":234658,\"estado\":\"fabricando\",\"paquete_id\":null,\"fecha_inicio\":\"2025-12-09 12:26:23\",\"fecha_finalizacion\":null,\"fecha_inicio_ensamblado\":null,\"fecha_finalizacion_ensamblado\":null,\"fecha_inicio_soldadura\":null,\"fecha_finalizacion_soldadura\":null,\"operario1_id\":1,\"operario2_id\":null,\"peso\":\"23.12\"}','[{\"id\":175401,\"estado\":\"pendiente\",\"producto_id\":null,\"producto_id_2\":null,\"producto_id_3\":null,\"users_id\":null,\"users_id_2\":null},{\"id\":175402,\"estado\":\"fabricando\",\"producto_id\":null,\"producto_id_2\":null,\"producto_id_3\":null,\"users_id\":null,\"users_id_2\":null}]','[{\"id\":309,\"codigo\":\"MP25060236\",\"peso_consumido\":0,\"peso_stock_anterior\":2484.11,\"estado_anterior\":\"consumiendo\"}]','{\"id\":6296,\"estado\":\"fabricando\",\"fecha_inicio\":\"2025-12-09 11:14:45\",\"fecha_finalizacion\":null}',NULL,1,'2025-12-09 11:59:50',1,'2025-12-09 11:41:14','2025-12-09 11:59:50'),(19,234654,'ETQ2512001.02',NULL,1,'empaquetar','completada','completada','{\"id\":234654,\"estado\":\"completada\",\"paquete_id\":null,\"fecha_inicio\":\"2025-12-09 10:14:45\",\"fecha_finalizacion\":\"2025-12-09 11:35:06\",\"fecha_inicio_ensamblado\":null,\"fecha_finalizacion_ensamblado\":null,\"fecha_inicio_soldadura\":null,\"fecha_finalizacion_soldadura\":null,\"operario1_id\":1,\"operario2_id\":null,\"peso\":\"23.71\"}','[{\"id\":175397,\"estado\":\"fabricado\",\"producto_id\":309,\"producto_id_2\":null,\"producto_id_3\":null,\"users_id\":null,\"users_id_2\":null}]','[]','{\"id\":6296,\"estado\":\"fabricando\",\"fecha_inicio\":\"2025-12-09 11:14:45\",\"fecha_finalizacion\":null}',NULL,0,NULL,NULL,'2025-12-09 11:58:05','2025-12-09 11:58:05'),(20,234660,'ETQ2512004.02',5,1,'fabricar','fabricando','completada','{\"id\":234660,\"estado\":\"fabricando\",\"paquete_id\":null,\"fecha_inicio\":\"2025-12-09 12:59:54\",\"fecha_finalizacion\":null,\"fecha_inicio_ensamblado\":null,\"fecha_finalizacion_ensamblado\":null,\"fecha_inicio_soldadura\":null,\"fecha_finalizacion_soldadura\":null,\"operario1_id\":1,\"operario2_id\":null,\"peso\":\"29.18\"}','[{\"id\":175404,\"estado\":\"fabricando\",\"producto_id\":null,\"producto_id_2\":null,\"producto_id_3\":null,\"users_id\":null,\"users_id_2\":null}]','[{\"id\":455,\"codigo\":\"MP25060523\",\"peso_consumido\":0,\"peso_stock_anterior\":2828.8,\"estado_anterior\":\"consumiendo\"}]','{\"id\":6296,\"estado\":\"fabricando\",\"fecha_inicio\":\"2025-12-09 11:14:45\",\"fecha_finalizacion\":null}',NULL,0,NULL,NULL,'2025-12-09 11:59:55','2025-12-09 11:59:55'),(21,234658,'ETQ2512003.02',5,1,'fabricar','fabricando','completada','{\"id\":234658,\"estado\":\"fabricando\",\"paquete_id\":null,\"fecha_inicio\":\"2025-12-09 12:26:23\",\"fecha_finalizacion\":null,\"fecha_inicio_ensamblado\":null,\"fecha_finalizacion_ensamblado\":null,\"fecha_inicio_soldadura\":null,\"fecha_finalizacion_soldadura\":null,\"operario1_id\":1,\"operario2_id\":null,\"peso\":\"63.16\"}','[{\"id\":175401,\"estado\":\"pendiente\",\"producto_id\":null,\"producto_id_2\":null,\"producto_id_3\":null,\"users_id\":null,\"users_id_2\":null},{\"id\":175402,\"estado\":\"fabricando\",\"producto_id\":null,\"producto_id_2\":null,\"producto_id_3\":null,\"users_id\":null,\"users_id_2\":null}]','[{\"id\":309,\"codigo\":\"MP25060236\",\"peso_consumido\":0,\"peso_stock_anterior\":2444.07,\"estado_anterior\":\"consumiendo\"}]','{\"id\":6296,\"estado\":\"fabricando\",\"fecha_inicio\":\"2025-12-09 11:14:45\",\"fecha_finalizacion\":null}',NULL,1,'2025-12-09 12:00:04',1,'2025-12-09 11:59:58','2025-12-09 12:00:04'),(22,234658,'ETQ2512003.02',5,1,'fabricar','fabricando','completada','{\"id\":234658,\"estado\":\"fabricando\",\"paquete_id\":null,\"fecha_inicio\":\"2025-12-09 13:00:13\",\"fecha_finalizacion\":null,\"fecha_inicio_ensamblado\":null,\"fecha_finalizacion_ensamblado\":null,\"fecha_inicio_soldadura\":null,\"fecha_finalizacion_soldadura\":null,\"operario1_id\":1,\"operario2_id\":null,\"peso\":\"63.16\"}','[{\"id\":175401,\"estado\":\"pendiente\",\"producto_id\":null,\"producto_id_2\":null,\"producto_id_3\":null,\"users_id\":null,\"users_id_2\":null},{\"id\":175402,\"estado\":\"fabricando\",\"producto_id\":null,\"producto_id_2\":null,\"producto_id_3\":null,\"users_id\":null,\"users_id_2\":null}]','[{\"id\":309,\"codigo\":\"MP25060236\",\"peso_consumido\":0,\"peso_stock_anterior\":2404.03,\"estado_anterior\":\"consumiendo\"}]','{\"id\":6296,\"estado\":\"fabricando\",\"fecha_inicio\":\"2025-12-09 11:14:45\",\"fecha_finalizacion\":null}',NULL,0,NULL,NULL,'2025-12-09 12:00:15','2025-12-09 12:00:15'),(23,234659,'ETQ2512004.01',5,1,'fabricar','fabricando','completada','{\"id\":234659,\"estado\":\"fabricando\",\"paquete_id\":null,\"fecha_inicio\":\"2025-12-09 13:01:01\",\"fecha_finalizacion\":null,\"fecha_inicio_ensamblado\":null,\"fecha_finalizacion_ensamblado\":null,\"fecha_inicio_soldadura\":null,\"fecha_finalizacion_soldadura\":null,\"operario1_id\":1,\"operario2_id\":null,\"peso\":\"20.27\"}','[{\"id\":175403,\"estado\":\"pendiente\",\"producto_id\":null,\"producto_id_2\":null,\"producto_id_3\":null,\"users_id\":null,\"users_id_2\":null},{\"id\":175405,\"estado\":\"fabricando\",\"producto_id\":null,\"producto_id_2\":null,\"producto_id_3\":null,\"users_id\":null,\"users_id_2\":null}]','[{\"id\":309,\"codigo\":\"MP25060236\",\"peso_consumido\":0,\"peso_stock_anterior\":2363.99,\"estado_anterior\":\"consumiendo\"}]','{\"id\":6296,\"estado\":\"fabricando\",\"fecha_inicio\":\"2025-12-09 11:14:45\",\"fecha_finalizacion\":null}',NULL,1,'2025-12-09 12:11:54',1,'2025-12-09 12:01:03','2025-12-09 12:11:54'),(24,234674,'ETQ2512004.03',5,1,'fabricar','fabricando','completada','{\"id\":234674,\"estado\":\"fabricando\",\"paquete_id\":null,\"fecha_inicio\":\"2025-12-09 13:25:58\",\"fecha_finalizacion\":null,\"fecha_inicio_ensamblado\":null,\"fecha_finalizacion_ensamblado\":null,\"fecha_inicio_soldadura\":null,\"fecha_finalizacion_soldadura\":null,\"operario1_id\":1,\"operario2_id\":null,\"peso\":\"40.93\"}','[{\"id\":175405,\"estado\":\"fabricando\",\"producto_id\":null,\"producto_id_2\":null,\"producto_id_3\":null,\"users_id\":null,\"users_id_2\":null}]','[{\"id\":309,\"codigo\":\"MP25060236\",\"peso_consumido\":0,\"peso_stock_anterior\":2323.06,\"estado_anterior\":\"consumiendo\"}]','{\"id\":6296,\"estado\":\"fabricando\",\"fecha_inicio\":\"2025-12-09 11:14:45\",\"fecha_finalizacion\":null}',NULL,1,'2025-12-09 12:26:05',1,'2025-12-09 12:26:01','2025-12-09 12:26:05'),(25,234674,'ETQ2512004.03',5,1,'fabricar','fabricando','completada','{\"id\":234674,\"estado\":\"fabricando\",\"paquete_id\":null,\"fecha_inicio\":\"2025-12-09 13:25:58\",\"fecha_finalizacion\":null,\"fecha_inicio_ensamblado\":null,\"fecha_finalizacion_ensamblado\":null,\"fecha_inicio_soldadura\":null,\"fecha_finalizacion_soldadura\":null,\"operario1_id\":1,\"operario2_id\":null,\"peso\":\"40.93\"}','[{\"id\":175405,\"estado\":\"fabricando\",\"producto_id\":null,\"producto_id_2\":null,\"producto_id_3\":null,\"users_id\":null,\"users_id_2\":null}]','[{\"id\":309,\"codigo\":\"MP25060236\",\"peso_consumido\":0,\"peso_stock_anterior\":2282.13,\"estado_anterior\":\"consumiendo\"}]','{\"id\":6296,\"estado\":\"fabricando\",\"fecha_inicio\":\"2025-12-09 11:14:45\",\"fecha_finalizacion\":null}',NULL,0,NULL,NULL,'2025-12-09 12:26:12','2025-12-09 12:26:12'),(26,234656,'ETQ2512002.02',NULL,1,'empaquetar','completada','en-paquete','{\"id\":234656,\"estado\":\"completada\",\"paquete_id\":null,\"fecha_inicio\":\"2025-12-09 11:22:03\",\"fecha_finalizacion\":\"2025-12-09 11:44:58\",\"fecha_inicio_ensamblado\":null,\"fecha_finalizacion_ensamblado\":null,\"fecha_inicio_soldadura\":null,\"fecha_finalizacion_soldadura\":null,\"operario1_id\":1,\"operario2_id\":null,\"peso\":\"25.86\"}','[{\"id\":175399,\"estado\":\"fabricado\",\"producto_id\":309,\"producto_id_2\":null,\"producto_id_3\":null,\"users_id\":null,\"users_id_2\":null}]','[]','{\"id\":6296,\"estado\":\"fabricando\",\"fecha_inicio\":\"2025-12-09 11:14:45\",\"fecha_finalizacion\":null}',NULL,0,NULL,NULL,'2025-12-09 12:30:24','2025-12-09 12:30:24'),(27,234653,'ETQ2512001.01',2,1,'fabricar','fabricando','completada','{\"id\":234653,\"estado\":\"fabricando\",\"paquete_id\":null,\"fecha_inicio\":\"2025-12-09 21:53:18\",\"fecha_finalizacion\":null,\"fecha_inicio_ensamblado\":null,\"fecha_finalizacion_ensamblado\":null,\"fecha_inicio_soldadura\":null,\"fecha_finalizacion_soldadura\":null,\"operario1_id\":1,\"operario2_id\":null,\"peso\":\"51.75\"}','[{\"id\":175396,\"estado\":\"fabricando\",\"producto_id\":null,\"producto_id_2\":null,\"producto_id_3\":null,\"users_id\":null,\"users_id_2\":null}]','[{\"id\":381,\"codigo\":\"MP25060485\",\"peso_consumido\":0,\"peso_stock_anterior\":4222.28,\"estado_anterior\":\"consumiendo\"}]','{\"id\":6296,\"estado\":\"fabricando\",\"fecha_inicio\":\"2025-12-09 11:14:45\",\"fecha_finalizacion\":null}',NULL,0,NULL,NULL,'2025-12-09 20:53:20','2025-12-09 20:53:20'),(28,234657,'ETQ2512003.01',2,1,'fabricar','fabricando','completada','{\"id\":234657,\"estado\":\"fabricando\",\"paquete_id\":null,\"fecha_inicio\":\"2025-12-09 21:53:21\",\"fecha_finalizacion\":null,\"fecha_inicio_ensamblado\":null,\"fecha_finalizacion_ensamblado\":null,\"fecha_inicio_soldadura\":null,\"fecha_finalizacion_soldadura\":null,\"operario1_id\":1,\"operario2_id\":null,\"peso\":\"19.89\"}','[{\"id\":175400,\"estado\":\"fabricando\",\"producto_id\":null,\"producto_id_2\":null,\"producto_id_3\":null,\"users_id\":null,\"users_id_2\":null}]','[{\"id\":490,\"codigo\":\"MP25060396\",\"peso_consumido\":0,\"peso_stock_anterior\":23727.4,\"estado_anterior\":\"consumiendo\"}]','{\"id\":6296,\"estado\":\"fabricando\",\"fecha_inicio\":\"2025-12-09 11:14:45\",\"fecha_finalizacion\":null}',NULL,0,NULL,NULL,'2025-12-09 20:53:23','2025-12-09 20:53:23'),(29,234659,'ETQ2512004.01',2,1,'fabricar','fabricando','completada','{\"id\":234659,\"estado\":\"fabricando\",\"paquete_id\":null,\"fecha_inicio\":\"2025-12-09 21:53:24\",\"fecha_finalizacion\":null,\"fecha_inicio_ensamblado\":null,\"fecha_finalizacion_ensamblado\":null,\"fecha_inicio_soldadura\":null,\"fecha_finalizacion_soldadura\":null,\"operario1_id\":1,\"operario2_id\":null,\"peso\":\"61.20\"}','[{\"id\":175403,\"estado\":\"fabricando\",\"producto_id\":null,\"producto_id_2\":null,\"producto_id_3\":null,\"users_id\":null,\"users_id_2\":null}]','[{\"id\":490,\"codigo\":\"MP25060396\",\"peso_consumido\":0,\"peso_stock_anterior\":23707.51,\"estado_anterior\":\"consumiendo\"}]','{\"id\":6296,\"estado\":\"fabricando\",\"fecha_inicio\":\"2025-12-09 11:14:45\",\"fecha_finalizacion\":null}',NULL,0,NULL,NULL,'2025-12-09 20:53:26','2025-12-09 20:53:26'),(30,234653,'ETQ2512001.01',NULL,1,'empaquetar','completada','en-paquete','{\"id\":234653,\"estado\":\"completada\",\"paquete_id\":null,\"fecha_inicio\":\"2025-12-09 21:53:18\",\"fecha_finalizacion\":\"2025-12-09 21:53:20\",\"fecha_inicio_ensamblado\":null,\"fecha_finalizacion_ensamblado\":null,\"fecha_inicio_soldadura\":null,\"fecha_finalizacion_soldadura\":null,\"operario1_id\":1,\"operario2_id\":null,\"peso\":\"51.75\"}','[{\"id\":175396,\"estado\":\"fabricado\",\"producto_id\":381,\"producto_id_2\":null,\"producto_id_3\":null,\"users_id\":null,\"users_id_2\":null}]','[]','{\"id\":6296,\"estado\":\"fabricando\",\"fecha_inicio\":\"2025-12-09 11:14:45\",\"fecha_finalizacion\":null}',NULL,0,NULL,NULL,'2025-12-09 20:53:29','2025-12-09 20:53:29'),(31,234657,'ETQ2512003.01',NULL,1,'empaquetar','completada','en-paquete','{\"id\":234657,\"estado\":\"completada\",\"paquete_id\":null,\"fecha_inicio\":\"2025-12-09 21:53:21\",\"fecha_finalizacion\":\"2025-12-09 21:53:23\",\"fecha_inicio_ensamblado\":null,\"fecha_finalizacion_ensamblado\":null,\"fecha_inicio_soldadura\":null,\"fecha_finalizacion_soldadura\":null,\"operario1_id\":1,\"operario2_id\":null,\"peso\":\"19.89\"}','[{\"id\":175400,\"estado\":\"fabricado\",\"producto_id\":490,\"producto_id_2\":null,\"producto_id_3\":null,\"users_id\":null,\"users_id_2\":null}]','[]','{\"id\":6296,\"estado\":\"fabricando\",\"fecha_inicio\":\"2025-12-09 11:14:45\",\"fecha_finalizacion\":null}',NULL,0,NULL,NULL,'2025-12-09 20:53:29','2025-12-09 20:53:29'),(32,234659,'ETQ2512004.01',NULL,1,'empaquetar','completada','en-paquete','{\"id\":234659,\"estado\":\"completada\",\"paquete_id\":null,\"fecha_inicio\":\"2025-12-09 21:53:24\",\"fecha_finalizacion\":\"2025-12-09 21:53:26\",\"fecha_inicio_ensamblado\":null,\"fecha_finalizacion_ensamblado\":null,\"fecha_inicio_soldadura\":null,\"fecha_finalizacion_soldadura\":null,\"operario1_id\":1,\"operario2_id\":null,\"peso\":\"20.27\"}','[{\"id\":175403,\"estado\":\"fabricado\",\"producto_id\":490,\"producto_id_2\":null,\"producto_id_3\":null,\"users_id\":null,\"users_id_2\":null}]','[]','{\"id\":6296,\"estado\":\"fabricando\",\"fecha_inicio\":\"2025-12-09 11:14:45\",\"fecha_finalizacion\":null}',NULL,0,NULL,NULL,'2025-12-09 20:53:29','2025-12-09 20:53:29'),(33,234665,'ETQ2512005.01',2,1,'fabricar','fabricando','completada','{\"id\":234665,\"estado\":\"fabricando\",\"paquete_id\":null,\"fecha_inicio\":\"2025-12-09 23:48:07\",\"fecha_finalizacion\":null,\"fecha_inicio_ensamblado\":null,\"fecha_finalizacion_ensamblado\":null,\"fecha_inicio_soldadura\":null,\"fecha_finalizacion_soldadura\":null,\"operario1_id\":1,\"operario2_id\":null,\"peso\":\"51.75\"}','[{\"id\":175406,\"estado\":\"fabricando\",\"producto_id\":null,\"producto_id_2\":null,\"producto_id_3\":null,\"users_id\":null,\"users_id_2\":null}]','[{\"id\":381,\"codigo\":\"MP25060485\",\"peso_consumido\":0,\"peso_stock_anterior\":4170.53,\"estado_anterior\":\"consumiendo\"}]','{\"id\":6297,\"estado\":\"fabricando\",\"fecha_inicio\":\"2025-12-09 23:48:07\",\"fecha_finalizacion\":null}',NULL,1,'2025-12-09 23:34:08',1,'2025-12-09 22:48:09','2025-12-09 23:34:08'),(34,234667,'ETQ2512006.01',2,1,'fabricar','fabricando','completada','{\"id\":234667,\"estado\":\"fabricando\",\"paquete_id\":null,\"fecha_inicio\":\"2025-12-09 23:48:11\",\"fecha_finalizacion\":null,\"fecha_inicio_ensamblado\":null,\"fecha_finalizacion_ensamblado\":null,\"fecha_inicio_soldadura\":null,\"fecha_finalizacion_soldadura\":null,\"operario1_id\":1,\"operario2_id\":null,\"peso\":\"56.16\"}','[{\"id\":175408,\"estado\":\"fabricando\",\"producto_id\":null,\"producto_id_2\":null,\"producto_id_3\":null,\"users_id\":null,\"users_id_2\":null}]','[{\"id\":381,\"codigo\":\"MP25060485\",\"peso_consumido\":0,\"peso_stock_anterior\":4118.78,\"estado_anterior\":\"consumiendo\"}]','{\"id\":6297,\"estado\":\"fabricando\",\"fecha_inicio\":\"2025-12-09 23:48:07\",\"fecha_finalizacion\":null}',NULL,0,NULL,NULL,'2025-12-09 22:48:13','2025-12-09 22:48:13'),(35,234669,'ETQ2512007.01',2,1,'fabricar','fabricando','completada','{\"id\":234669,\"estado\":\"fabricando\",\"paquete_id\":null,\"fecha_inicio\":\"2025-12-09 23:48:15\",\"fecha_finalizacion\":null,\"fecha_inicio_ensamblado\":null,\"fecha_finalizacion_ensamblado\":null,\"fecha_inicio_soldadura\":null,\"fecha_finalizacion_soldadura\":null,\"operario1_id\":1,\"operario2_id\":null,\"peso\":\"19.89\"}','[{\"id\":175410,\"estado\":\"fabricando\",\"producto_id\":null,\"producto_id_2\":null,\"producto_id_3\":null,\"users_id\":null,\"users_id_2\":null}]','[{\"id\":490,\"codigo\":\"MP25060396\",\"peso_consumido\":0,\"peso_stock_anterior\":23687.24,\"estado_anterior\":\"consumiendo\"}]','{\"id\":6297,\"estado\":\"fabricando\",\"fecha_inicio\":\"2025-12-09 23:48:07\",\"fecha_finalizacion\":null}',NULL,0,NULL,NULL,'2025-12-09 22:48:16','2025-12-09 22:48:16'),(36,234665,'ETQ2512005.01',NULL,1,'empaquetar','completada','en-paquete','{\"id\":234665,\"estado\":\"completada\",\"paquete_id\":null,\"fecha_inicio\":\"2025-12-09 23:48:07\",\"fecha_finalizacion\":\"2025-12-09 23:48:09\",\"fecha_inicio_ensamblado\":null,\"fecha_finalizacion_ensamblado\":null,\"fecha_inicio_soldadura\":null,\"fecha_finalizacion_soldadura\":null,\"operario1_id\":1,\"operario2_id\":null,\"peso\":\"51.75\"}','[{\"id\":175406,\"estado\":\"fabricado\",\"producto_id\":381,\"producto_id_2\":null,\"producto_id_3\":null,\"users_id\":null,\"users_id_2\":null}]','[]','{\"id\":6297,\"estado\":\"fabricando\",\"fecha_inicio\":\"2025-12-09 23:48:07\",\"fecha_finalizacion\":null}',NULL,1,'2025-12-09 23:34:02',1,'2025-12-09 22:48:18','2025-12-09 23:34:02'),(37,234667,'ETQ2512006.01',NULL,1,'empaquetar','completada','en-paquete','{\"id\":234667,\"estado\":\"completada\",\"paquete_id\":null,\"fecha_inicio\":\"2025-12-09 23:48:11\",\"fecha_finalizacion\":\"2025-12-09 23:48:13\",\"fecha_inicio_ensamblado\":null,\"fecha_finalizacion_ensamblado\":null,\"fecha_inicio_soldadura\":null,\"fecha_finalizacion_soldadura\":null,\"operario1_id\":1,\"operario2_id\":null,\"peso\":\"56.16\"}','[{\"id\":175408,\"estado\":\"fabricado\",\"producto_id\":381,\"producto_id_2\":null,\"producto_id_3\":null,\"users_id\":null,\"users_id_2\":null}]','[]','{\"id\":6297,\"estado\":\"fabricando\",\"fecha_inicio\":\"2025-12-09 23:48:07\",\"fecha_finalizacion\":null}',NULL,0,NULL,NULL,'2025-12-09 22:48:18','2025-12-09 22:48:18'),(38,234669,'ETQ2512007.01',NULL,1,'empaquetar','completada','en-paquete','{\"id\":234669,\"estado\":\"completada\",\"paquete_id\":null,\"fecha_inicio\":\"2025-12-09 23:48:15\",\"fecha_finalizacion\":\"2025-12-09 23:48:16\",\"fecha_inicio_ensamblado\":null,\"fecha_finalizacion_ensamblado\":null,\"fecha_inicio_soldadura\":null,\"fecha_finalizacion_soldadura\":null,\"operario1_id\":1,\"operario2_id\":null,\"peso\":\"19.89\"}','[{\"id\":175410,\"estado\":\"fabricado\",\"producto_id\":490,\"producto_id_2\":null,\"producto_id_3\":null,\"users_id\":null,\"users_id_2\":null}]','[]','{\"id\":6297,\"estado\":\"fabricando\",\"fecha_inicio\":\"2025-12-09 23:48:07\",\"fecha_finalizacion\":null}',NULL,0,NULL,NULL,'2025-12-09 22:48:18','2025-12-09 22:48:18'),(39,234670,'ETQ2512007.02',2,1,'fabricar','fabricando','completada','{\"id\":234670,\"estado\":\"fabricando\",\"paquete_id\":null,\"fecha_inicio\":\"2025-12-09 23:48:44\",\"fecha_finalizacion\":null,\"fecha_inicio_ensamblado\":null,\"fecha_finalizacion_ensamblado\":null,\"fecha_inicio_soldadura\":null,\"fecha_finalizacion_soldadura\":null,\"operario1_id\":1,\"operario2_id\":null,\"peso\":\"23.12\"}','[{\"id\":175411,\"estado\":\"fabricando\",\"producto_id\":null,\"producto_id_2\":null,\"producto_id_3\":null,\"users_id\":null,\"users_id_2\":null},{\"id\":175412,\"estado\":\"pendiente\",\"producto_id\":null,\"producto_id_2\":null,\"producto_id_3\":null,\"users_id\":null,\"users_id_2\":null}]','[{\"id\":381,\"codigo\":\"MP25060485\",\"peso_consumido\":0,\"peso_stock_anterior\":4062.62,\"estado_anterior\":\"consumiendo\"}]','{\"id\":6297,\"estado\":\"fabricando\",\"fecha_inicio\":\"2025-12-09 23:48:07\",\"fecha_finalizacion\":null}',NULL,0,NULL,NULL,'2025-12-09 22:48:46','2025-12-09 22:48:46'),(40,234670,'ETQ2512007.02',2,1,'fabricar','fabricando','completada','{\"id\":234670,\"estado\":\"fabricando\",\"paquete_id\":null,\"fecha_inicio\":\"2025-12-09 23:48:44\",\"fecha_finalizacion\":null,\"fecha_inicio_ensamblado\":null,\"fecha_finalizacion_ensamblado\":null,\"fecha_inicio_soldadura\":null,\"fecha_finalizacion_soldadura\":null,\"operario1_id\":1,\"operario2_id\":null,\"peso\":\"63.16\"}','[{\"id\":175411,\"estado\":\"fabricado\",\"producto_id\":381,\"producto_id_2\":null,\"producto_id_3\":null,\"users_id\":null,\"users_id_2\":null},{\"id\":175412,\"estado\":\"pendiente\",\"producto_id\":null,\"producto_id_2\":null,\"producto_id_3\":null,\"users_id\":null,\"users_id_2\":null}]','[{\"id\":381,\"codigo\":\"MP25060485\",\"peso_consumido\":0,\"peso_stock_anterior\":4039.5,\"estado_anterior\":\"consumiendo\"},{\"id\":449,\"codigo\":\"MP25060524\",\"peso_consumido\":0,\"peso_stock_anterior\":3090.92,\"estado_anterior\":\"consumiendo\"}]','{\"id\":6297,\"estado\":\"fabricando\",\"fecha_inicio\":\"2025-12-09 23:48:07\",\"fecha_finalizacion\":null}',NULL,0,NULL,NULL,'2025-12-09 22:49:27','2025-12-09 22:49:27');
/*!40000 ALTER TABLE `etiqueta_historial` ENABLE KEYS */;
UNLOCK TABLES;

--
-- Table structure for table `etiquetas`
--

DROP TABLE IF EXISTS `etiquetas`;
/*!40101 SET @saved_cs_client     = @@character_set_client */;
/*!40101 SET character_set_client = utf8 */;
CREATE TABLE `etiquetas` (
  `id` bigint(20) NOT NULL AUTO_INCREMENT,
  `codigo` varchar(255) DEFAULT NULL,
  `etiqueta_sub_id` varchar(64) DEFAULT NULL,
  `planilla_id` bigint(20) NOT NULL,
  `paquete_id` bigint(20) unsigned DEFAULT NULL,
  `producto_id` bigint(20) unsigned DEFAULT NULL,
  `producto_id_2` bigint(20) unsigned DEFAULT NULL,
  `ubicacion_id` bigint(20) unsigned DEFAULT NULL,
  `operario1_id` bigint(20) unsigned DEFAULT NULL,
  `operario2_id` bigint(20) unsigned DEFAULT NULL,
  `soldador1_id` bigint(20) unsigned DEFAULT NULL,
  `soldador2_id` bigint(20) unsigned DEFAULT NULL,
  `ensamblador1_id` bigint(20) unsigned DEFAULT NULL,
  `ensamblador2_id` bigint(20) unsigned DEFAULT NULL,
  `nombre` varchar(255) NOT NULL,
  `marca` varchar(255) DEFAULT NULL,
  `numero_etiqueta` int(11) DEFAULT NULL,
  `peso` decimal(10,2) NOT NULL DEFAULT 0.00,
  `fecha_inicio` datetime DEFAULT NULL,
  `fecha_finalizacion` datetime DEFAULT NULL,
  `fecha_inicio_ensamblado` datetime DEFAULT NULL,
  `fecha_finalizacion_ensamblado` datetime DEFAULT NULL,
  `fecha_inicio_soldadura` datetime DEFAULT NULL,
  `fecha_finalizacion_soldadura` datetime DEFAULT NULL,
  `estado` varchar(255) DEFAULT 'pendiente',
  `created_at` timestamp NULL DEFAULT NULL,
  `updated_at` timestamp NULL DEFAULT NULL,
  `deleted_at` timestamp NULL DEFAULT NULL,
  `subido` tinyint(1) DEFAULT 0,
  PRIMARY KEY (`id`),
  UNIQUE KEY `etiquetas_etiqueta_sub_id_unique` (`etiqueta_sub_id`),
  KEY `planilla_id` (`planilla_id`),
  KEY `fk_etiquetas_producto_id` (`producto_id`),
  KEY `fk_etiquetas_producto_id_2` (`producto_id_2`),
  KEY `etiquetas_ubicacion_id_foreign` (`ubicacion_id`),
  KEY `etiquetas_soldador1_foreign` (`soldador1_id`),
  KEY `etiquetas_soldador2_foreign` (`soldador2_id`),
  KEY `etiquetas_ensamblador1_foreign` (`ensamblador1_id`),
  KEY `etiquetas_ensamblador2_foreign` (`ensamblador2_id`),
  KEY `fk_etiquetas_operario1` (`operario1_id`),
  KEY `fk_etiquetas_operario2` (`operario2_id`),
  KEY `etiquetas_paquete_id_foreign` (`paquete_id`),
  CONSTRAINT `etiquetas_ensamblador1_foreign` FOREIGN KEY (`ensamblador1_id`) REFERENCES `users` (`id`) ON DELETE SET NULL,
  CONSTRAINT `etiquetas_ensamblador2_foreign` FOREIGN KEY (`ensamblador2_id`) REFERENCES `users` (`id`) ON DELETE SET NULL,
  CONSTRAINT `etiquetas_ibfk_1` FOREIGN KEY (`planilla_id`) REFERENCES `planillas` (`id`) ON DELETE CASCADE,
  CONSTRAINT `etiquetas_paquete_id_foreign` FOREIGN KEY (`paquete_id`) REFERENCES `paquetes` (`id`) ON DELETE SET NULL,
  CONSTRAINT `etiquetas_soldador1_foreign` FOREIGN KEY (`soldador1_id`) REFERENCES `users` (`id`) ON DELETE SET NULL,
  CONSTRAINT `etiquetas_soldador2_foreign` FOREIGN KEY (`soldador2_id`) REFERENCES `users` (`id`) ON DELETE SET NULL,
  CONSTRAINT `etiquetas_ubicacion_id_foreign` FOREIGN KEY (`ubicacion_id`) REFERENCES `ubicaciones` (`id`) ON DELETE SET NULL,
  CONSTRAINT `fk_etiquetas_operario1` FOREIGN KEY (`operario1_id`) REFERENCES `users` (`id`) ON DELETE SET NULL ON UPDATE CASCADE,
  CONSTRAINT `fk_etiquetas_operario2` FOREIGN KEY (`operario2_id`) REFERENCES `users` (`id`) ON DELETE SET NULL ON UPDATE CASCADE,
  CONSTRAINT `fk_etiquetas_producto_id` FOREIGN KEY (`producto_id`) REFERENCES `productos` (`id`) ON DELETE SET NULL,
  CONSTRAINT `fk_etiquetas_producto_id_2` FOREIGN KEY (`producto_id_2`) REFERENCES `productos` (`id`) ON DELETE SET NULL
) ENGINE=InnoDB AUTO_INCREMENT=235480 DEFAULT CHARSET=utf8mb4 COLLATE=utf8mb4_unicode_ci;
/*!40101 SET character_set_client = @saved_cs_client */;

--
-- Dumping data for table `etiquetas`
--

LOCK TABLES `etiquetas` WRITE;
/*!40000 ALTER TABLE `etiquetas` DISABLE KEYS */;
INSERT INTO `etiquetas` VALUES (234710,'ETQ2512001',NULL,6298,NULL,NULL,NULL,NULL,NULL,NULL,NULL,NULL,NULL,NULL,'Sin nombre',NULL,NULL,67.90,NULL,NULL,NULL,NULL,NULL,NULL,'pendiente','2025-12-10 20:27:39','2025-12-10 20:27:46','2025-12-10 20:27:46',0),(234711,'ETQ2512002',NULL,6298,NULL,NULL,NULL,NULL,NULL,NULL,NULL,NULL,NULL,NULL,'Sin nombre',NULL,NULL,44.35,NULL,NULL,NULL,NULL,NULL,NULL,'pendiente','2025-12-10 20:27:39','2025-12-10 20:27:46','2025-12-10 20:27:46',0),(234712,'ETQ2512003',NULL,6298,NULL,NULL,NULL,NULL,NULL,NULL,NULL,NULL,NULL,NULL,'Sin nombre',NULL,NULL,53.26,NULL,NULL,NULL,NULL,NULL,NULL,'pendiente','2025-12-10 20:27:39','2025-12-10 20:27:46','2025-12-10 20:27:46',0),(234713,'ETQ2512004',NULL,6298,NULL,NULL,NULL,NULL,NULL,NULL,NULL,NULL,NULL,NULL,'Sin nombre',NULL,NULL,45.24,NULL,NULL,NULL,NULL,NULL,NULL,'pendiente','2025-12-10 20:27:39','2025-12-10 20:27:46','2025-12-10 20:27:46',0),(234714,'ETQ2512005',NULL,6298,NULL,NULL,NULL,NULL,NULL,NULL,NULL,NULL,NULL,NULL,'Sin nombre',NULL,NULL,28.91,NULL,NULL,NULL,NULL,NULL,NULL,'pendiente','2025-12-10 20:27:39','2025-12-10 20:27:46','2025-12-10 20:27:46',0),(234715,'ETQ2512006',NULL,6298,NULL,NULL,NULL,NULL,NULL,NULL,NULL,NULL,NULL,NULL,'Sin nombre',NULL,NULL,22.05,NULL,NULL,NULL,NULL,NULL,NULL,'pendiente','2025-12-10 20:27:39','2025-12-10 20:27:46','2025-12-10 20:27:46',0),(234716,'ETQ2512007',NULL,6298,NULL,NULL,NULL,NULL,NULL,NULL,NULL,NULL,NULL,NULL,'Sin nombre',NULL,NULL,26.63,NULL,NULL,NULL,NULL,NULL,NULL,'pendiente','2025-12-10 20:27:39','2025-12-10 20:27:46','2025-12-10 20:27:46',0),(234717,'ETQ2512008',NULL,6298,NULL,NULL,NULL,NULL,NULL,NULL,NULL,NULL,NULL,NULL,'Sin nombre',NULL,NULL,48.47,NULL,NULL,NULL,NULL,NULL,NULL,'pendiente','2025-12-10 20:27:39','2025-12-10 20:27:46','2025-12-10 20:27:46',0),(234718,'ETQ2512009',NULL,6298,NULL,NULL,NULL,NULL,NULL,NULL,NULL,NULL,NULL,NULL,'Sin nombre',NULL,NULL,51.54,NULL,NULL,NULL,NULL,NULL,NULL,'pendiente','2025-12-10 20:27:39','2025-12-10 20:27:46','2025-12-10 20:27:46',0),(234719,'ETQ2512010',NULL,6298,NULL,NULL,NULL,NULL,NULL,NULL,NULL,NULL,NULL,NULL,'Sin nombre',NULL,NULL,11.16,NULL,NULL,NULL,NULL,NULL,NULL,'pendiente','2025-12-10 20:27:39','2025-12-10 20:27:46','2025-12-10 20:27:46',0),(234720,'ETQ2512011',NULL,6298,NULL,NULL,NULL,NULL,NULL,NULL,NULL,NULL,NULL,NULL,'Sin nombre',NULL,NULL,44.18,NULL,NULL,NULL,NULL,NULL,NULL,'pendiente','2025-12-10 20:27:39','2025-12-10 20:27:46','2025-12-10 20:27:46',0),(234721,'ETQ2512012',NULL,6298,NULL,NULL,NULL,NULL,NULL,NULL,NULL,NULL,NULL,NULL,'Sin nombre',NULL,NULL,41.85,NULL,NULL,NULL,NULL,NULL,NULL,'pendiente','2025-12-10 20:27:39','2025-12-10 20:27:46','2025-12-10 20:27:46',0),(234722,'ETQ2512013',NULL,6298,NULL,NULL,NULL,NULL,NULL,NULL,NULL,NULL,NULL,NULL,'Sin nombre',NULL,NULL,39.64,NULL,NULL,NULL,NULL,NULL,NULL,'pendiente','2025-12-10 20:27:39','2025-12-10 20:27:46','2025-12-10 20:27:46',0),(234723,'ETQ2512014',NULL,6298,NULL,NULL,NULL,NULL,NULL,NULL,NULL,NULL,NULL,NULL,'Sin nombre',NULL,NULL,74.31,NULL,NULL,NULL,NULL,NULL,NULL,'pendiente','2025-12-10 20:27:39','2025-12-10 20:27:46','2025-12-10 20:27:46',0),(234724,'ETQ2512015',NULL,6298,NULL,NULL,NULL,NULL,NULL,NULL,NULL,NULL,NULL,NULL,'Sin nombre',NULL,NULL,35.40,NULL,NULL,NULL,NULL,NULL,NULL,'pendiente','2025-12-10 20:27:39','2025-12-10 20:27:46','2025-12-10 20:27:46',0),(234725,'ETQ2512016',NULL,6298,NULL,NULL,NULL,NULL,NULL,NULL,NULL,NULL,NULL,NULL,'Sin nombre',NULL,NULL,17.72,NULL,NULL,NULL,NULL,NULL,NULL,'pendiente','2025-12-10 20:27:39','2025-12-10 20:27:46','2025-12-10 20:27:46',0),(234726,'ETQ2512017',NULL,6298,NULL,NULL,NULL,NULL,NULL,NULL,NULL,NULL,NULL,NULL,'Sin nombre',NULL,NULL,21.71,NULL,NULL,NULL,NULL,NULL,NULL,'pendiente','2025-12-10 20:27:39','2025-12-10 20:27:46','2025-12-10 20:27:46',0),(234727,'ETQ2512018',NULL,6298,NULL,NULL,NULL,NULL,NULL,NULL,NULL,NULL,NULL,NULL,'Sin nombre',NULL,NULL,35.36,NULL,NULL,NULL,NULL,NULL,NULL,'pendiente','2025-12-10 20:27:39','2025-12-10 20:27:46','2025-12-10 20:27:46',0),(234728,'ETQ2512019',NULL,6298,NULL,NULL,NULL,NULL,NULL,NULL,NULL,NULL,NULL,NULL,'Sin nombre',NULL,NULL,22.95,NULL,NULL,NULL,NULL,NULL,NULL,'pendiente','2025-12-10 20:27:39','2025-12-10 20:27:46','2025-12-10 20:27:46',0),(234729,'ETQ2512020',NULL,6298,NULL,NULL,NULL,NULL,NULL,NULL,NULL,NULL,NULL,NULL,'Sin nombre',NULL,NULL,17.83,NULL,NULL,NULL,NULL,NULL,NULL,'pendiente','2025-12-10 20:27:39','2025-12-10 20:27:46','2025-12-10 20:27:46',0),(234730,'ETQ2512021',NULL,6298,NULL,NULL,NULL,NULL,NULL,NULL,NULL,NULL,NULL,NULL,'Sin nombre',NULL,NULL,34.76,NULL,NULL,NULL,NULL,NULL,NULL,'pendiente','2025-12-10 20:27:39','2025-12-10 20:27:46','2025-12-10 20:27:46',0),(234731,'ETQ2512022',NULL,6298,NULL,NULL,NULL,NULL,NULL,NULL,NULL,NULL,NULL,NULL,'Sin nombre',NULL,NULL,10.97,NULL,NULL,NULL,NULL,NULL,NULL,'pendiente','2025-12-10 20:27:39','2025-12-10 20:27:46','2025-12-10 20:27:46',0),(234732,'ETQ2512023',NULL,6298,NULL,NULL,NULL,NULL,NULL,NULL,NULL,NULL,NULL,NULL,'Sin nombre',NULL,NULL,40.13,NULL,NULL,NULL,NULL,NULL,NULL,'pendiente','2025-12-10 20:27:39','2025-12-10 20:27:46','2025-12-10 20:27:46',0),(234733,'ETQ2512024',NULL,6298,NULL,NULL,NULL,NULL,NULL,NULL,NULL,NULL,NULL,NULL,'ZUNCHO CAJÓN TIPO -',NULL,NULL,20.05,NULL,NULL,NULL,NULL,NULL,NULL,'pendiente','2025-12-10 20:27:39','2025-12-10 20:27:46','2025-12-10 20:27:46',0),(234734,'ETQ2512025',NULL,6298,NULL,NULL,NULL,NULL,NULL,NULL,NULL,NULL,NULL,NULL,'ZUNCHO CAJÓN TIPO -',NULL,NULL,41.81,NULL,NULL,NULL,NULL,NULL,NULL,'pendiente','2025-12-10 20:27:39','2025-12-10 20:27:46','2025-12-10 20:27:46',0),(234735,'ETQ2512026',NULL,6298,NULL,NULL,NULL,NULL,NULL,NULL,NULL,NULL,NULL,NULL,'ZUNCHO CAJÓN TIPO -',NULL,NULL,24.90,NULL,NULL,NULL,NULL,NULL,NULL,'pendiente','2025-12-10 20:27:39','2025-12-10 20:27:46','2025-12-10 20:27:46',0),(234736,'ETQ2512027',NULL,6298,NULL,NULL,NULL,NULL,NULL,NULL,NULL,NULL,NULL,NULL,'ZUNCHO CAJÓN TIPO -',NULL,NULL,12.52,NULL,NULL,NULL,NULL,NULL,NULL,'pendiente','2025-12-10 20:27:39','2025-12-10 20:27:46','2025-12-10 20:27:46',0),(234737,'ETQ2512028',NULL,6298,NULL,NULL,NULL,NULL,NULL,NULL,NULL,NULL,NULL,NULL,'ZUNCHO CAJÓN TIPO -',NULL,NULL,10.09,NULL,NULL,NULL,NULL,NULL,NULL,'pendiente','2025-12-10 20:27:39','2025-12-10 20:27:46','2025-12-10 20:27:46',0),(234738,'ETQ2512029',NULL,6298,NULL,NULL,NULL,NULL,NULL,NULL,NULL,NULL,NULL,NULL,'ZUNCHO CAJÓN TIPO -',NULL,NULL,17.63,NULL,NULL,NULL,NULL,NULL,NULL,'pendiente','2025-12-10 20:27:39','2025-12-10 20:27:46','2025-12-10 20:27:46',0),(234739,'ETQ2512030',NULL,6298,NULL,NULL,NULL,NULL,NULL,NULL,NULL,NULL,NULL,NULL,'ZUNCHO CAJÓN TIPO -',NULL,NULL,22.82,NULL,NULL,NULL,NULL,NULL,NULL,'pendiente','2025-12-10 20:27:39','2025-12-10 20:27:46','2025-12-10 20:27:46',0),(234740,'ETQ2512031',NULL,6298,NULL,NULL,NULL,NULL,NULL,NULL,NULL,NULL,NULL,NULL,'ZUNCHO CAJÓN TIPO -',NULL,NULL,16.91,NULL,NULL,NULL,NULL,NULL,NULL,'pendiente','2025-12-10 20:27:39','2025-12-10 20:27:46','2025-12-10 20:27:46',0),(234741,'ETQ2512032',NULL,6298,NULL,NULL,NULL,NULL,NULL,NULL,NULL,NULL,NULL,NULL,'ZUNCHO CAJÓN TIPO -',NULL,NULL,25.29,NULL,NULL,NULL,NULL,NULL,NULL,'pendiente','2025-12-10 20:27:39','2025-12-10 20:27:46','2025-12-10 20:27:46',0),(234742,'ETQ2512033',NULL,6298,NULL,NULL,NULL,NULL,NULL,NULL,NULL,NULL,NULL,NULL,'ZUNCHO CAJÓN TIPO -',NULL,NULL,8.93,NULL,NULL,NULL,NULL,NULL,NULL,'pendiente','2025-12-10 20:27:39','2025-12-10 20:27:46','2025-12-10 20:27:46',0),(234743,'ETQ2512034',NULL,6298,NULL,NULL,NULL,NULL,NULL,NULL,NULL,NULL,NULL,NULL,'ZUNCHO CAJÓN TIPO -',NULL,NULL,102.46,NULL,NULL,NULL,NULL,NULL,NULL,'pendiente','2025-12-10 20:27:39','2025-12-10 20:27:46','2025-12-10 20:27:46',0),(234744,'ETQ2512001','ETQ2512001.01',6298,NULL,NULL,NULL,NULL,NULL,NULL,NULL,NULL,NULL,NULL,'Sin nombre',NULL,NULL,64.23,NULL,NULL,NULL,NULL,NULL,NULL,'pendiente','2025-12-10 20:27:40','2025-12-10 20:27:40',NULL,0),(234745,'ETQ2512001','ETQ2512001.02',6298,NULL,NULL,NULL,NULL,NULL,NULL,NULL,NULL,NULL,NULL,'Sin nombre',NULL,NULL,3.67,NULL,NULL,NULL,NULL,NULL,NULL,'pendiente','2025-12-10 20:27:40','2025-12-10 20:27:40',NULL,0),(234746,'ETQ2512002','ETQ2512002.01',6298,NULL,NULL,NULL,NULL,NULL,NULL,NULL,NULL,NULL,NULL,'Sin nombre',NULL,NULL,28.15,NULL,NULL,NULL,NULL,NULL,NULL,'pendiente','2025-12-10 20:27:40','2025-12-10 20:27:40',NULL,0),(234747,'ETQ2512002','ETQ2512002.02',6298,NULL,NULL,NULL,NULL,NULL,NULL,NULL,NULL,NULL,NULL,'Sin nombre',NULL,NULL,16.20,NULL,NULL,NULL,NULL,NULL,NULL,'pendiente','2025-12-10 20:27:40','2025-12-10 20:27:40',NULL,0),(234748,'ETQ2512003','ETQ2512003.01',6298,NULL,NULL,NULL,NULL,NULL,NULL,NULL,NULL,NULL,NULL,'Sin nombre',NULL,NULL,33.46,NULL,NULL,NULL,NULL,NULL,NULL,'pendiente','2025-12-10 20:27:40','2025-12-10 20:27:40',NULL,0),(234749,'ETQ2512003','ETQ2512003.02',6298,NULL,NULL,NULL,NULL,NULL,NULL,NULL,NULL,NULL,NULL,'Sin nombre',NULL,NULL,19.80,NULL,NULL,NULL,NULL,NULL,NULL,'pendiente','2025-12-10 20:27:40','2025-12-10 20:27:40',NULL,0),(234750,'ETQ2512004','ETQ2512004.01',6298,NULL,NULL,NULL,NULL,NULL,NULL,NULL,NULL,NULL,NULL,'Sin nombre',NULL,NULL,31.83,NULL,NULL,NULL,NULL,NULL,NULL,'pendiente','2025-12-10 20:27:40','2025-12-10 20:27:40',NULL,0),(234751,'ETQ2512004','ETQ2512004.02',6298,NULL,NULL,NULL,NULL,NULL,NULL,NULL,NULL,NULL,NULL,'Sin nombre',NULL,NULL,13.41,NULL,NULL,NULL,NULL,NULL,NULL,'pendiente','2025-12-10 20:27:40','2025-12-10 20:27:40',NULL,0),(234752,'ETQ2512005','ETQ2512005.01',6298,NULL,NULL,NULL,NULL,NULL,NULL,NULL,NULL,NULL,NULL,'Sin nombre',NULL,NULL,19.96,NULL,NULL,NULL,NULL,NULL,NULL,'pendiente','2025-12-10 20:27:41','2025-12-10 20:27:41',NULL,0),(234753,'ETQ2512005','ETQ2512005.02',6298,NULL,NULL,NULL,NULL,NULL,NULL,NULL,NULL,NULL,NULL,'Sin nombre',NULL,NULL,8.95,NULL,NULL,NULL,NULL,NULL,NULL,'pendiente','2025-12-10 20:27:41','2025-12-10 20:27:41',NULL,0),(234754,'ETQ2512006','ETQ2512006.01',6298,NULL,NULL,NULL,NULL,NULL,NULL,NULL,NULL,NULL,NULL,'Sin nombre',NULL,NULL,7.69,NULL,NULL,NULL,NULL,NULL,NULL,'pendiente','2025-12-10 20:27:41','2025-12-10 20:27:41',NULL,0),(234755,'ETQ2512006','ETQ2512006.02',6298,NULL,NULL,NULL,NULL,NULL,NULL,NULL,NULL,NULL,NULL,'Sin nombre',NULL,NULL,14.36,NULL,NULL,NULL,NULL,NULL,NULL,'pendiente','2025-12-10 20:27:41','2025-12-10 20:27:41',NULL,0),(234756,'ETQ2512007','ETQ2512007.01',6298,NULL,NULL,NULL,NULL,NULL,NULL,NULL,NULL,NULL,NULL,'Sin nombre',NULL,NULL,9.00,NULL,NULL,NULL,NULL,NULL,NULL,'pendiente','2025-12-10 20:27:41','2025-12-10 20:27:41',NULL,0),(234757,'ETQ2512007','ETQ2512007.02',6298,NULL,NULL,NULL,NULL,NULL,NULL,NULL,NULL,NULL,NULL,'Sin nombre',NULL,NULL,17.63,NULL,NULL,NULL,NULL,NULL,NULL,'pendiente','2025-12-10 20:27:41','2025-12-10 20:27:41',NULL,0),(234758,'ETQ2512008','ETQ2512008.01',6298,NULL,NULL,NULL,NULL,NULL,NULL,NULL,NULL,NULL,NULL,'Sin nombre',NULL,NULL,34.40,NULL,NULL,NULL,NULL,NULL,NULL,'pendiente','2025-12-10 20:27:41','2025-12-10 20:27:41',NULL,0),(234759,'ETQ2512008','ETQ2512008.02',6298,NULL,NULL,NULL,NULL,NULL,NULL,NULL,NULL,NULL,NULL,'Sin nombre',NULL,NULL,14.07,NULL,NULL,NULL,NULL,NULL,NULL,'pendiente','2025-12-10 20:27:41','2025-12-10 20:27:41',NULL,0),(234760,'ETQ2512009','ETQ2512009.01',6298,NULL,NULL,NULL,NULL,NULL,NULL,NULL,NULL,NULL,NULL,'Sin nombre',NULL,NULL,49.34,NULL,NULL,NULL,NULL,NULL,NULL,'pendiente','2025-12-10 20:27:41','2025-12-10 20:27:41',NULL,0),(234761,'ETQ2512009','ETQ2512009.02',6298,NULL,NULL,NULL,NULL,NULL,NULL,NULL,NULL,NULL,NULL,'Sin nombre',NULL,NULL,2.20,NULL,NULL,NULL,NULL,NULL,NULL,'pendiente','2025-12-10 20:27:41','2025-12-10 20:27:41',NULL,0),(234762,'ETQ2512010','ETQ2512010.01',6298,NULL,NULL,NULL,NULL,NULL,NULL,NULL,NULL,NULL,NULL,'Sin nombre',NULL,NULL,8.81,NULL,NULL,NULL,NULL,NULL,NULL,'pendiente','2025-12-10 20:27:41','2025-12-10 20:27:42',NULL,0),(234763,'ETQ2512010','ETQ2512010.02',6298,NULL,NULL,NULL,NULL,NULL,NULL,NULL,NULL,NULL,NULL,'Sin nombre',NULL,NULL,2.35,NULL,NULL,NULL,NULL,NULL,NULL,'pendiente','2025-12-10 20:27:42','2025-12-10 20:27:42',NULL,0),(234764,'ETQ2512011','ETQ2512011.01',6298,NULL,NULL,NULL,NULL,NULL,NULL,NULL,NULL,NULL,NULL,'Sin nombre',NULL,NULL,16.17,NULL,NULL,NULL,NULL,NULL,NULL,'pendiente','2025-12-10 20:27:42','2025-12-10 20:27:42',NULL,0),(234765,'ETQ2512011','ETQ2512011.02',6298,NULL,NULL,NULL,NULL,NULL,NULL,NULL,NULL,NULL,NULL,'Sin nombre',NULL,NULL,28.01,NULL,NULL,NULL,NULL,NULL,NULL,'pendiente','2025-12-10 20:27:42','2025-12-10 20:27:42',NULL,0),(234766,'ETQ2512012','ETQ2512012.01',6298,NULL,NULL,NULL,NULL,NULL,NULL,NULL,NULL,NULL,NULL,'Sin nombre',NULL,NULL,28.52,NULL,NULL,NULL,NULL,NULL,NULL,'pendiente','2025-12-10 20:27:42','2025-12-10 20:27:42',NULL,0),(234767,'ETQ2512012','ETQ2512012.02',6298,NULL,NULL,NULL,NULL,NULL,NULL,NULL,NULL,NULL,NULL,'Sin nombre',NULL,NULL,13.33,NULL,NULL,NULL,NULL,NULL,NULL,'pendiente','2025-12-10 20:27:42','2025-12-10 20:27:42',NULL,0),(234768,'ETQ2512013','ETQ2512013.01',6298,NULL,NULL,NULL,NULL,NULL,NULL,NULL,NULL,NULL,NULL,'Sin nombre',NULL,NULL,19.91,NULL,NULL,NULL,NULL,NULL,NULL,'pendiente','2025-12-10 20:27:42','2025-12-10 20:27:42',NULL,0),(234769,'ETQ2512013','ETQ2512013.02',6298,NULL,NULL,NULL,NULL,NULL,NULL,NULL,NULL,NULL,NULL,'Sin nombre',NULL,NULL,19.73,NULL,NULL,NULL,NULL,NULL,NULL,'pendiente','2025-12-10 20:27:42','2025-12-10 20:27:42',NULL,0),(234770,'ETQ2512014','ETQ2512014.01',6298,NULL,NULL,NULL,NULL,NULL,NULL,NULL,NULL,NULL,NULL,'Sin nombre',NULL,NULL,65.70,NULL,NULL,NULL,NULL,NULL,NULL,'pendiente','2025-12-10 20:27:42','2025-12-10 20:27:42',NULL,0),(234771,'ETQ2512014','ETQ2512014.02',6298,NULL,NULL,NULL,NULL,NULL,NULL,NULL,NULL,NULL,NULL,'Sin nombre',NULL,NULL,8.61,NULL,NULL,NULL,NULL,NULL,NULL,'pendiente','2025-12-10 20:27:42','2025-12-10 20:27:42',NULL,0),(234772,'ETQ2512015','ETQ2512015.01',6298,NULL,NULL,NULL,NULL,NULL,NULL,NULL,NULL,NULL,NULL,'Sin nombre',NULL,NULL,20.37,NULL,NULL,NULL,NULL,NULL,NULL,'pendiente','2025-12-10 20:27:42','2025-12-10 20:27:43',NULL,0),(234773,'ETQ2512015','ETQ2512015.02',6298,NULL,NULL,NULL,NULL,NULL,NULL,NULL,NULL,NULL,NULL,'Sin nombre',NULL,NULL,15.03,NULL,NULL,NULL,NULL,NULL,NULL,'pendiente','2025-12-10 20:27:43','2025-12-10 20:27:43',NULL,0),(234774,'ETQ2512016','ETQ2512016.01',6298,NULL,NULL,NULL,NULL,NULL,NULL,NULL,NULL,NULL,NULL,'Sin nombre',NULL,NULL,0.59,NULL,NULL,NULL,NULL,NULL,NULL,'pendiente','2025-12-10 20:27:43','2025-12-10 20:27:43',NULL,0),(234775,'ETQ2512016','ETQ2512016.02',6298,NULL,NULL,NULL,NULL,NULL,NULL,NULL,NULL,NULL,NULL,'Sin nombre',NULL,NULL,17.13,NULL,NULL,NULL,NULL,NULL,NULL,'pendiente','2025-12-10 20:27:43','2025-12-10 20:27:43',NULL,0),(234776,'ETQ2512017','ETQ2512017.01',6298,NULL,NULL,NULL,NULL,NULL,NULL,NULL,NULL,NULL,NULL,'Sin nombre',NULL,NULL,14.97,NULL,NULL,NULL,NULL,NULL,NULL,'pendiente','2025-12-10 20:27:43','2025-12-10 20:27:43',NULL,0),(234777,'ETQ2512017','ETQ2512017.02',6298,NULL,NULL,NULL,NULL,NULL,NULL,NULL,NULL,NULL,NULL,'Sin nombre',NULL,NULL,6.74,NULL,NULL,NULL,NULL,NULL,NULL,'pendiente','2025-12-10 20:27:43','2025-12-10 20:27:43',NULL,0),(234778,'ETQ2512018','ETQ2512018.01',6298,NULL,NULL,NULL,NULL,NULL,NULL,NULL,NULL,NULL,NULL,'Sin nombre',NULL,NULL,12.60,NULL,NULL,NULL,NULL,NULL,NULL,'pendiente','2025-12-10 20:27:43','2025-12-10 20:27:43',NULL,0),(234779,'ETQ2512018','ETQ2512018.02',6298,NULL,NULL,NULL,NULL,NULL,NULL,NULL,NULL,NULL,NULL,'Sin nombre',NULL,NULL,22.76,NULL,NULL,NULL,NULL,NULL,NULL,'pendiente','2025-12-10 20:27:43','2025-12-10 20:27:43',NULL,0),(234780,'ETQ2512019','ETQ2512019.01',6298,NULL,NULL,NULL,NULL,NULL,NULL,NULL,NULL,NULL,NULL,'Sin nombre',NULL,NULL,22.11,NULL,NULL,NULL,NULL,NULL,NULL,'pendiente','2025-12-10 20:27:43','2025-12-10 20:27:43',NULL,0),(234781,'ETQ2512019','ETQ2512019.02',6298,NULL,NULL,NULL,NULL,NULL,NULL,NULL,NULL,NULL,NULL,'Sin nombre',NULL,NULL,0.84,NULL,NULL,NULL,NULL,NULL,NULL,'pendiente','2025-12-10 20:27:43','2025-12-10 20:27:43',NULL,0),(234782,'ETQ2512020','ETQ2512020.01',6298,NULL,NULL,NULL,NULL,NULL,NULL,NULL,NULL,NULL,NULL,'Sin nombre',NULL,NULL,12.05,NULL,NULL,NULL,NULL,NULL,NULL,'pendiente','2025-12-10 20:27:43','2025-12-10 20:27:44',NULL,0),(234783,'ETQ2512020','ETQ2512020.02',6298,NULL,NULL,NULL,NULL,NULL,NULL,NULL,NULL,NULL,NULL,'Sin nombre',NULL,NULL,5.78,NULL,NULL,NULL,NULL,NULL,NULL,'pendiente','2025-12-10 20:27:44','2025-12-10 20:27:44',NULL,0),(234784,'ETQ2512021','ETQ2512021.01',6298,NULL,NULL,NULL,NULL,NULL,NULL,NULL,NULL,NULL,NULL,'Sin nombre',NULL,NULL,33.36,NULL,NULL,NULL,NULL,NULL,NULL,'pendiente','2025-12-10 20:27:44','2025-12-10 20:27:44',NULL,0),(234785,'ETQ2512021','ETQ2512021.02',6298,NULL,NULL,NULL,NULL,NULL,NULL,NULL,NULL,NULL,NULL,'Sin nombre',NULL,NULL,1.40,NULL,NULL,NULL,NULL,NULL,NULL,'pendiente','2025-12-10 20:27:44','2025-12-10 20:27:44',NULL,0),(234786,'ETQ2512022','ETQ2512022.01',6298,NULL,NULL,NULL,NULL,NULL,NULL,NULL,NULL,NULL,NULL,'Sin nombre',NULL,NULL,6.99,NULL,NULL,NULL,NULL,NULL,NULL,'pendiente','2025-12-10 20:27:44','2025-12-10 20:27:44',NULL,0),(234787,'ETQ2512022','ETQ2512022.02',6298,NULL,NULL,NULL,NULL,NULL,NULL,NULL,NULL,NULL,NULL,'Sin nombre',NULL,NULL,3.98,NULL,NULL,NULL,NULL,NULL,NULL,'pendiente','2025-12-10 20:27:44','2025-12-10 20:27:44',NULL,0),(234788,'ETQ2512023','ETQ2512023.01',6298,NULL,NULL,NULL,NULL,NULL,NULL,NULL,NULL,NULL,NULL,'Sin nombre',NULL,NULL,16.02,NULL,NULL,NULL,NULL,NULL,NULL,'pendiente','2025-12-10 20:27:44','2025-12-10 20:27:44',NULL,0),(234789,'ETQ2512023','ETQ2512023.02',6298,NULL,NULL,NULL,NULL,NULL,NULL,NULL,NULL,NULL,NULL,'Sin nombre',NULL,NULL,24.11,NULL,NULL,NULL,NULL,NULL,NULL,'pendiente','2025-12-10 20:27:44','2025-12-10 20:27:44',NULL,0),(234790,'ETQ2512024','ETQ2512024.01',6298,NULL,NULL,NULL,NULL,NULL,NULL,NULL,NULL,NULL,NULL,'ZUNCHO CAJÓN TIPO -',NULL,NULL,20.05,NULL,NULL,NULL,NULL,NULL,NULL,'pendiente','2025-12-10 20:27:44','2025-12-10 20:27:44',NULL,0),(234791,'ETQ2512025','ETQ2512025.01',6298,NULL,NULL,NULL,NULL,NULL,NULL,NULL,NULL,NULL,NULL,'ZUNCHO CAJÓN TIPO -',NULL,NULL,20.92,NULL,NULL,NULL,NULL,NULL,NULL,'pendiente','2025-12-10 20:27:44','2025-12-10 20:27:44',NULL,0),(234792,'ETQ2512025','ETQ2512025.02',6298,NULL,NULL,NULL,NULL,NULL,NULL,NULL,NULL,NULL,NULL,'ZUNCHO CAJÓN TIPO -',NULL,NULL,20.89,NULL,NULL,NULL,NULL,NULL,NULL,'pendiente','2025-12-10 20:27:44','2025-12-10 20:27:44',NULL,0),(234793,'ETQ2512026','ETQ2512026.01',6298,NULL,NULL,NULL,NULL,NULL,NULL,NULL,NULL,NULL,NULL,'ZUNCHO CAJÓN TIPO -',NULL,NULL,24.90,NULL,NULL,NULL,NULL,NULL,NULL,'pendiente','2025-12-10 20:27:45','2025-12-10 20:27:45',NULL,0),(234794,'ETQ2512027','ETQ2512027.01',6298,NULL,NULL,NULL,NULL,NULL,NULL,NULL,NULL,NULL,NULL,'ZUNCHO CAJÓN TIPO -',NULL,NULL,5.84,NULL,NULL,NULL,NULL,NULL,NULL,'pendiente','2025-12-10 20:27:45','2025-12-10 20:27:45',NULL,0),(234795,'ETQ2512027','ETQ2512027.02',6298,NULL,NULL,NULL,NULL,NULL,NULL,NULL,NULL,NULL,NULL,'ZUNCHO CAJÓN TIPO -',NULL,NULL,6.68,NULL,NULL,NULL,NULL,NULL,NULL,'pendiente','2025-12-10 20:27:45','2025-12-10 20:27:45',NULL,0),(234796,'ETQ2512028','ETQ2512028.01',6298,NULL,NULL,NULL,NULL,NULL,NULL,NULL,NULL,NULL,NULL,'ZUNCHO CAJÓN TIPO -',NULL,NULL,6.57,NULL,NULL,NULL,NULL,NULL,NULL,'pendiente','2025-12-10 20:27:45','2025-12-10 20:27:45',NULL,0),(234797,'ETQ2512028','ETQ2512028.02',6298,NULL,NULL,NULL,NULL,NULL,NULL,NULL,NULL,NULL,NULL,'ZUNCHO CAJÓN TIPO -',NULL,NULL,3.52,NULL,NULL,NULL,NULL,NULL,NULL,'pendiente','2025-12-10 20:27:45','2025-12-10 20:27:45',NULL,0),(234798,'ETQ2512029','ETQ2512029.01',6298,NULL,NULL,NULL,NULL,NULL,NULL,NULL,NULL,NULL,NULL,'ZUNCHO CAJÓN TIPO -',NULL,NULL,17.63,NULL,NULL,NULL,NULL,NULL,NULL,'pendiente','2025-12-10 20:27:45','2025-12-10 20:27:45',NULL,0),(234799,'ETQ2512030','ETQ2512030.01',6298,NULL,NULL,NULL,NULL,NULL,NULL,NULL,NULL,NULL,NULL,'ZUNCHO CAJÓN TIPO -',NULL,NULL,15.28,NULL,NULL,NULL,NULL,NULL,NULL,'pendiente','2025-12-10 20:27:45','2025-12-10 20:27:45',NULL,0),(234800,'ETQ2512030','ETQ2512030.02',6298,NULL,NULL,NULL,NULL,NULL,NULL,NULL,NULL,NULL,NULL,'ZUNCHO CAJÓN TIPO -',NULL,NULL,7.54,NULL,NULL,NULL,NULL,NULL,NULL,'pendiente','2025-12-10 20:27:45','2025-12-10 20:27:45',NULL,0),(234801,'ETQ2512031','ETQ2512031.01',6298,NULL,NULL,NULL,NULL,NULL,NULL,NULL,NULL,NULL,NULL,'ZUNCHO CAJÓN TIPO -',NULL,NULL,7.64,NULL,NULL,NULL,NULL,NULL,NULL,'pendiente','2025-12-10 20:27:45','2025-12-10 20:27:45',NULL,0),(234802,'ETQ2512031','ETQ2512031.02',6298,NULL,NULL,NULL,NULL,NULL,NULL,NULL,NULL,NULL,NULL,'ZUNCHO CAJÓN TIPO -',NULL,NULL,9.27,NULL,NULL,NULL,NULL,NULL,NULL,'pendiente','2025-12-10 20:27:45','2025-12-10 20:27:45',NULL,0),(234803,'ETQ2512032','ETQ2512032.01',6298,NULL,NULL,NULL,NULL,NULL,NULL,NULL,NULL,NULL,NULL,'ZUNCHO CAJÓN TIPO -',NULL,NULL,16.29,NULL,NULL,NULL,NULL,NULL,NULL,'pendiente','2025-12-10 20:27:45','2025-12-10 20:27:46',NULL,0),(234804,'ETQ2512032','ETQ2512032.02',6298,NULL,NULL,NULL,NULL,NULL,NULL,NULL,NULL,NULL,NULL,'ZUNCHO CAJÓN TIPO -',NULL,NULL,9.00,NULL,NULL,NULL,NULL,NULL,NULL,'pendiente','2025-12-10 20:27:46','2025-12-10 20:27:46',NULL,0),(234805,'ETQ2512033','ETQ2512033.01',6298,NULL,NULL,NULL,NULL,NULL,NULL,NULL,NULL,NULL,NULL,'ZUNCHO CAJÓN TIPO -',NULL,NULL,5.96,NULL,NULL,NULL,NULL,NULL,NULL,'pendiente','2025-12-10 20:27:46','2025-12-10 20:27:46',NULL,0),(234806,'ETQ2512033','ETQ2512033.02',6298,NULL,NULL,NULL,NULL,NULL,NULL,NULL,NULL,NULL,NULL,'ZUNCHO CAJÓN TIPO -',NULL,NULL,2.97,NULL,NULL,NULL,NULL,NULL,NULL,'pendiente','2025-12-10 20:27:46','2025-12-10 20:27:46',NULL,0),(234807,'ETQ2512034','ETQ2512034.01',6298,NULL,NULL,NULL,NULL,NULL,NULL,NULL,NULL,NULL,NULL,'ZUNCHO CAJÓN TIPO -',NULL,NULL,66.07,NULL,NULL,NULL,NULL,NULL,NULL,'pendiente','2025-12-10 20:27:46','2025-12-10 20:27:46',NULL,0),(234808,'ETQ2512034','ETQ2512034.02',6298,NULL,NULL,NULL,NULL,NULL,NULL,NULL,NULL,NULL,NULL,'ZUNCHO CAJÓN TIPO -',NULL,NULL,5.60,NULL,NULL,NULL,NULL,NULL,NULL,'pendiente','2025-12-10 20:27:46','2025-12-10 20:27:46',NULL,0),(234809,'ETQ2512034','ETQ2512034.03',6298,NULL,NULL,NULL,NULL,NULL,NULL,NULL,NULL,NULL,NULL,'ZUNCHO CAJÓN TIPO -',NULL,NULL,30.79,NULL,NULL,NULL,NULL,NULL,NULL,'pendiente','2025-12-10 20:27:46','2025-12-10 20:27:46',NULL,0),(234810,'ETQ2512035',NULL,6299,NULL,NULL,NULL,NULL,NULL,NULL,NULL,NULL,NULL,NULL,'PUNZ',NULL,NULL,43.04,NULL,NULL,NULL,NULL,NULL,NULL,'pendiente','2025-12-10 20:27:46','2025-12-10 20:27:53','2025-12-10 20:27:53',0),(234811,'ETQ2512036',NULL,6299,NULL,NULL,NULL,NULL,NULL,NULL,NULL,NULL,NULL,NULL,'PUNZ. SOMBRERO',NULL,NULL,43.04,NULL,NULL,NULL,NULL,NULL,NULL,'pendiente','2025-12-10 20:27:46','2025-12-10 20:27:53','2025-12-10 20:27:53',0),(234812,'ETQ2512037',NULL,6299,NULL,NULL,NULL,NULL,NULL,NULL,NULL,NULL,NULL,NULL,'PUNZ',NULL,NULL,14.11,NULL,NULL,NULL,NULL,NULL,NULL,'pendiente','2025-12-10 20:27:46','2025-12-10 20:27:53','2025-12-10 20:27:53',0),(234813,'ETQ2512038',NULL,6299,NULL,NULL,NULL,NULL,NULL,NULL,NULL,NULL,NULL,NULL,'PUNZ',NULL,NULL,23.37,NULL,NULL,NULL,NULL,NULL,NULL,'pendiente','2025-12-10 20:27:46','2025-12-10 20:27:53','2025-12-10 20:27:53',0),(234814,'ETQ2512039',NULL,6299,NULL,NULL,NULL,NULL,NULL,NULL,NULL,NULL,NULL,NULL,'PUNZ',NULL,NULL,8.33,NULL,NULL,NULL,NULL,NULL,NULL,'pendiente','2025-12-10 20:27:46','2025-12-10 20:27:53','2025-12-10 20:27:53',0),(234815,'ETQ2512040',NULL,6299,NULL,NULL,NULL,NULL,NULL,NULL,NULL,NULL,NULL,NULL,'PUNZ',NULL,NULL,8.61,NULL,NULL,NULL,NULL,NULL,NULL,'pendiente','2025-12-10 20:27:46','2025-12-10 20:27:53','2025-12-10 20:27:53',0),(234816,'ETQ2512041',NULL,6299,NULL,NULL,NULL,NULL,NULL,NULL,NULL,NULL,NULL,NULL,'PUNZ',NULL,NULL,8.61,NULL,NULL,NULL,NULL,NULL,NULL,'pendiente','2025-12-10 20:27:46','2025-12-10 20:27:53','2025-12-10 20:27:53',0),(234817,'ETQ2512042',NULL,6299,NULL,NULL,NULL,NULL,NULL,NULL,NULL,NULL,NULL,NULL,'PUNZ',NULL,NULL,8.61,NULL,NULL,NULL,NULL,NULL,NULL,'pendiente','2025-12-10 20:27:46','2025-12-10 20:27:53','2025-12-10 20:27:53',0),(234818,'ETQ2512043',NULL,6299,NULL,NULL,NULL,NULL,NULL,NULL,NULL,NULL,NULL,NULL,'PUNZ',NULL,NULL,9.82,NULL,NULL,NULL,NULL,NULL,NULL,'pendiente','2025-12-10 20:27:46','2025-12-10 20:27:53','2025-12-10 20:27:53',0),(234819,'ETQ2512044',NULL,6299,NULL,NULL,NULL,NULL,NULL,NULL,NULL,NULL,NULL,NULL,'PUNZ',NULL,NULL,25.84,NULL,NULL,NULL,NULL,NULL,NULL,'pendiente','2025-12-10 20:27:46','2025-12-10 20:27:53','2025-12-10 20:27:53',0),(234820,'ETQ2512045',NULL,6299,NULL,NULL,NULL,NULL,NULL,NULL,NULL,NULL,NULL,NULL,'PUNZ',NULL,NULL,8.05,NULL,NULL,NULL,NULL,NULL,NULL,'pendiente','2025-12-10 20:27:46','2025-12-10 20:27:53','2025-12-10 20:27:53',0),(234821,'ETQ2512046',NULL,6299,NULL,NULL,NULL,NULL,NULL,NULL,NULL,NULL,NULL,NULL,'PUNZ',NULL,NULL,11.03,NULL,NULL,NULL,NULL,NULL,NULL,'pendiente','2025-12-10 20:27:46','2025-12-10 20:27:53','2025-12-10 20:27:53',0),(234822,'ETQ2512047',NULL,6299,NULL,NULL,NULL,NULL,NULL,NULL,NULL,NULL,NULL,NULL,'PUNZ',NULL,NULL,9.26,NULL,NULL,NULL,NULL,NULL,NULL,'pendiente','2025-12-10 20:27:46','2025-12-10 20:27:53','2025-12-10 20:27:53',0),(234823,'ETQ2512048',NULL,6299,NULL,NULL,NULL,NULL,NULL,NULL,NULL,NULL,NULL,NULL,'PUNZ',NULL,NULL,17.23,NULL,NULL,NULL,NULL,NULL,NULL,'pendiente','2025-12-10 20:27:46','2025-12-10 20:27:53','2025-12-10 20:27:53',0),(234824,'ETQ2512049',NULL,6299,NULL,NULL,NULL,NULL,NULL,NULL,NULL,NULL,NULL,NULL,'PUNZ',NULL,NULL,17.23,NULL,NULL,NULL,NULL,NULL,NULL,'pendiente','2025-12-10 20:27:46','2025-12-10 20:27:53','2025-12-10 20:27:53',0),(234825,'ETQ2512050',NULL,6299,NULL,NULL,NULL,NULL,NULL,NULL,NULL,NULL,NULL,NULL,'PUNZ',NULL,NULL,8.61,NULL,NULL,NULL,NULL,NULL,NULL,'pendiente','2025-12-10 20:27:46','2025-12-10 20:27:53','2025-12-10 20:27:53',0),(234826,'ETQ2512051',NULL,6299,NULL,NULL,NULL,NULL,NULL,NULL,NULL,NULL,NULL,NULL,'PUNZ',NULL,NULL,6.19,NULL,NULL,NULL,NULL,NULL,NULL,'pendiente','2025-12-10 20:27:46','2025-12-10 20:27:53','2025-12-10 20:27:53',0),(234827,'ETQ2512052',NULL,6299,NULL,NULL,NULL,NULL,NULL,NULL,NULL,NULL,NULL,NULL,'PUNZ',NULL,NULL,11.69,NULL,NULL,NULL,NULL,NULL,NULL,'pendiente','2025-12-10 20:27:46','2025-12-10 20:27:53','2025-12-10 20:27:53',0),(234828,'ETQ2512053',NULL,6299,NULL,NULL,NULL,NULL,NULL,NULL,NULL,NULL,NULL,NULL,'PUNZ',NULL,NULL,8.61,NULL,NULL,NULL,NULL,NULL,NULL,'pendiente','2025-12-10 20:27:46','2025-12-10 20:27:53','2025-12-10 20:27:53',0),(234829,'ETQ2512054',NULL,6299,NULL,NULL,NULL,NULL,NULL,NULL,NULL,NULL,NULL,NULL,'PUNZ',NULL,NULL,19.65,NULL,NULL,NULL,NULL,NULL,NULL,'pendiente','2025-12-10 20:27:46','2025-12-10 20:27:53','2025-12-10 20:27:53',0),(234830,'ETQ2512055',NULL,6299,NULL,NULL,NULL,NULL,NULL,NULL,NULL,NULL,NULL,NULL,'PUNZ',NULL,NULL,8.05,NULL,NULL,NULL,NULL,NULL,NULL,'pendiente','2025-12-10 20:27:46','2025-12-10 20:27:53','2025-12-10 20:27:53',0),(234831,'ETQ2512056',NULL,6299,NULL,NULL,NULL,NULL,NULL,NULL,NULL,NULL,NULL,NULL,'PUNZ',NULL,NULL,10.47,NULL,NULL,NULL,NULL,NULL,NULL,'pendiente','2025-12-10 20:27:46','2025-12-10 20:27:53','2025-12-10 20:27:53',0),(234832,'ETQ2512057',NULL,6299,NULL,NULL,NULL,NULL,NULL,NULL,NULL,NULL,NULL,NULL,'PUNZ. SOMBRERO',NULL,NULL,19.06,NULL,NULL,NULL,NULL,NULL,NULL,'pendiente','2025-12-10 20:27:46','2025-12-10 20:27:53','2025-12-10 20:27:53',0),(234833,'ETQ2512058',NULL,6299,NULL,NULL,NULL,NULL,NULL,NULL,NULL,NULL,NULL,NULL,'PUNZ',NULL,NULL,17.20,NULL,NULL,NULL,NULL,NULL,NULL,'pendiente','2025-12-10 20:27:46','2025-12-10 20:27:53','2025-12-10 20:27:53',0),(234834,'ETQ2512059',NULL,6299,NULL,NULL,NULL,NULL,NULL,NULL,NULL,NULL,NULL,NULL,'PUNZ. SOMBRERO',NULL,NULL,18.68,NULL,NULL,NULL,NULL,NULL,NULL,'pendiente','2025-12-10 20:27:46','2025-12-10 20:27:53','2025-12-10 20:27:53',0),(234835,'ETQ2512060',NULL,6299,NULL,NULL,NULL,NULL,NULL,NULL,NULL,NULL,NULL,NULL,'PUNZ',NULL,NULL,18.68,NULL,NULL,NULL,NULL,NULL,NULL,'pendiente','2025-12-10 20:27:46','2025-12-10 20:27:53','2025-12-10 20:27:53',0),(234836,'ETQ2512061',NULL,6299,NULL,NULL,NULL,NULL,NULL,NULL,NULL,NULL,NULL,NULL,'PUNZ. SOMBRERO',NULL,NULL,15.70,NULL,NULL,NULL,NULL,NULL,NULL,'pendiente','2025-12-10 20:27:46','2025-12-10 20:27:53','2025-12-10 20:27:53',0),(234837,'ETQ2512062',NULL,6299,NULL,NULL,NULL,NULL,NULL,NULL,NULL,NULL,NULL,NULL,'PUNZ',NULL,NULL,15.70,NULL,NULL,NULL,NULL,NULL,NULL,'pendiente','2025-12-10 20:27:46','2025-12-10 20:27:53','2025-12-10 20:27:53',0),(234838,'ETQ2512063',NULL,6299,NULL,NULL,NULL,NULL,NULL,NULL,NULL,NULL,NULL,NULL,'PUNZ. SOMBRERO',NULL,NULL,19.06,NULL,NULL,NULL,NULL,NULL,NULL,'pendiente','2025-12-10 20:27:46','2025-12-10 20:27:53','2025-12-10 20:27:53',0),(234839,'ETQ2512064',NULL,6299,NULL,NULL,NULL,NULL,NULL,NULL,NULL,NULL,NULL,NULL,'PUNZ',NULL,NULL,15.70,NULL,NULL,NULL,NULL,NULL,NULL,'pendiente','2025-12-10 20:27:46','2025-12-10 20:27:53','2025-12-10 20:27:53',0),(234840,'ETQ2512065',NULL,6299,NULL,NULL,NULL,NULL,NULL,NULL,NULL,NULL,NULL,NULL,'PUNZ. SOMBRERO',NULL,NULL,19.06,NULL,NULL,NULL,NULL,NULL,NULL,'pendiente','2025-12-10 20:27:47','2025-12-10 20:27:53','2025-12-10 20:27:53',0),(234841,'ETQ2512066',NULL,6299,NULL,NULL,NULL,NULL,NULL,NULL,NULL,NULL,NULL,NULL,'PUNZ',NULL,NULL,12.81,NULL,NULL,NULL,NULL,NULL,NULL,'pendiente','2025-12-10 20:27:47','2025-12-10 20:27:53','2025-12-10 20:27:53',0),(234842,'ETQ2512067',NULL,6299,NULL,NULL,NULL,NULL,NULL,NULL,NULL,NULL,NULL,NULL,'PUNZ',NULL,NULL,13.19,NULL,NULL,NULL,NULL,NULL,NULL,'pendiente','2025-12-10 20:27:47','2025-12-10 20:27:53','2025-12-10 20:27:53',0),(234843,'ETQ2512068',NULL,6299,NULL,NULL,NULL,NULL,NULL,NULL,NULL,NULL,NULL,NULL,'PUNZ',NULL,NULL,28.29,NULL,NULL,NULL,NULL,NULL,NULL,'pendiente','2025-12-10 20:27:47','2025-12-10 20:27:53','2025-12-10 20:27:53',0),(234844,'ETQ2512069',NULL,6299,NULL,NULL,NULL,NULL,NULL,NULL,NULL,NULL,NULL,NULL,'PUNZ',NULL,NULL,9.43,NULL,NULL,NULL,NULL,NULL,NULL,'pendiente','2025-12-10 20:27:47','2025-12-10 20:27:53','2025-12-10 20:27:53',0),(234845,'ETQ2512070',NULL,6299,NULL,NULL,NULL,NULL,NULL,NULL,NULL,NULL,NULL,NULL,'PÙNZ DE RESERVA',NULL,NULL,48.78,NULL,NULL,NULL,NULL,NULL,NULL,'pendiente','2025-12-10 20:27:47','2025-12-10 20:27:53','2025-12-10 20:27:53',0),(234846,'ETQ2512035','ETQ2512035.01',6299,NULL,NULL,NULL,NULL,NULL,NULL,NULL,NULL,NULL,NULL,'PUNZ',NULL,NULL,43.04,NULL,NULL,NULL,NULL,NULL,NULL,'pendiente','2025-12-10 20:27:47','2025-12-10 20:27:47',NULL,0),(234847,'ETQ2512036','ETQ2512036.01',6299,NULL,NULL,NULL,NULL,NULL,NULL,NULL,NULL,NULL,NULL,'PUNZ. SOMBRERO',NULL,NULL,40.89,NULL,NULL,NULL,NULL,NULL,NULL,'pendiente','2025-12-10 20:27:47','2025-12-10 20:27:47',NULL,0),(234848,'ETQ2512036','ETQ2512036.02',6299,NULL,NULL,NULL,NULL,NULL,NULL,NULL,NULL,NULL,NULL,'PUNZ. SOMBRERO',NULL,NULL,2.15,NULL,NULL,NULL,NULL,NULL,NULL,'pendiente','2025-12-10 20:27:47','2025-12-10 20:27:47',NULL,0),(234849,'ETQ2512037','ETQ2512037.01',6299,NULL,NULL,NULL,NULL,NULL,NULL,NULL,NULL,NULL,NULL,'PUNZ',NULL,NULL,13.44,NULL,NULL,NULL,NULL,NULL,NULL,'pendiente','2025-12-10 20:27:47','2025-12-10 20:27:47',NULL,0),(234850,'ETQ2512037','ETQ2512037.02',6299,NULL,NULL,NULL,NULL,NULL,NULL,NULL,NULL,NULL,NULL,'PUNZ',NULL,NULL,0.67,NULL,NULL,NULL,NULL,NULL,NULL,'pendiente','2025-12-10 20:27:47','2025-12-10 20:27:47',NULL,0),(234851,'ETQ2512038','ETQ2512038.01',6299,NULL,NULL,NULL,NULL,NULL,NULL,NULL,NULL,NULL,NULL,'PUNZ',NULL,NULL,23.37,NULL,NULL,NULL,NULL,NULL,NULL,'pendiente','2025-12-10 20:27:47','2025-12-10 20:27:47',NULL,0),(234852,'ETQ2512039','ETQ2512039.01',6299,NULL,NULL,NULL,NULL,NULL,NULL,NULL,NULL,NULL,NULL,'PUNZ',NULL,NULL,6.08,NULL,NULL,NULL,NULL,NULL,NULL,'pendiente','2025-12-10 20:27:48','2025-12-10 20:27:48',NULL,0),(234853,'ETQ2512039','ETQ2512039.02',6299,NULL,NULL,NULL,NULL,NULL,NULL,NULL,NULL,NULL,NULL,'PUNZ',NULL,NULL,2.25,NULL,NULL,NULL,NULL,NULL,NULL,'pendiente','2025-12-10 20:27:48','2025-12-10 20:27:48',NULL,0),(234854,'ETQ2512040','ETQ2512040.01',6299,NULL,NULL,NULL,NULL,NULL,NULL,NULL,NULL,NULL,NULL,'PUNZ',NULL,NULL,4.34,NULL,NULL,NULL,NULL,NULL,NULL,'pendiente','2025-12-10 20:27:48','2025-12-10 20:27:48',NULL,0),(234855,'ETQ2512040','ETQ2512040.02',6299,NULL,NULL,NULL,NULL,NULL,NULL,NULL,NULL,NULL,NULL,'PUNZ',NULL,NULL,4.27,NULL,NULL,NULL,NULL,NULL,NULL,'pendiente','2025-12-10 20:27:48','2025-12-10 20:27:48',NULL,0),(234856,'ETQ2512041','ETQ2512041.01',6299,NULL,NULL,NULL,NULL,NULL,NULL,NULL,NULL,NULL,NULL,'PUNZ',NULL,NULL,6.59,NULL,NULL,NULL,NULL,NULL,NULL,'pendiente','2025-12-10 20:27:48','2025-12-10 20:27:48',NULL,0),(234857,'ETQ2512041','ETQ2512041.02',6299,NULL,NULL,NULL,NULL,NULL,NULL,NULL,NULL,NULL,NULL,'PUNZ',NULL,NULL,2.02,NULL,NULL,NULL,NULL,NULL,NULL,'pendiente','2025-12-10 20:27:48','2025-12-10 20:27:48',NULL,0),(234858,'ETQ2512042','ETQ2512042.01',6299,NULL,NULL,NULL,NULL,NULL,NULL,NULL,NULL,NULL,NULL,'PUNZ',NULL,NULL,6.23,NULL,NULL,NULL,NULL,NULL,NULL,'pendiente','2025-12-10 20:27:48','2025-12-10 20:27:48',NULL,0),(234859,'ETQ2512042','ETQ2512042.02',6299,NULL,NULL,NULL,NULL,NULL,NULL,NULL,NULL,NULL,NULL,'PUNZ',NULL,NULL,2.38,NULL,NULL,NULL,NULL,NULL,NULL,'pendiente','2025-12-10 20:27:48','2025-12-10 20:27:48',NULL,0),(234860,'ETQ2512043','ETQ2512043.01',6299,NULL,NULL,NULL,NULL,NULL,NULL,NULL,NULL,NULL,NULL,'PUNZ',NULL,NULL,4.90,NULL,NULL,NULL,NULL,NULL,NULL,'pendiente','2025-12-10 20:27:48','2025-12-10 20:27:48',NULL,0),(234861,'ETQ2512043','ETQ2512043.02',6299,NULL,NULL,NULL,NULL,NULL,NULL,NULL,NULL,NULL,NULL,'PUNZ',NULL,NULL,4.92,NULL,NULL,NULL,NULL,NULL,NULL,'pendiente','2025-12-10 20:27:48','2025-12-10 20:27:48',NULL,0),(234862,'ETQ2512044','ETQ2512044.01',6299,NULL,NULL,NULL,NULL,NULL,NULL,NULL,NULL,NULL,NULL,'PUNZ',NULL,NULL,19.78,NULL,NULL,NULL,NULL,NULL,NULL,'pendiente','2025-12-10 20:27:49','2025-12-10 20:27:49',NULL,0),(234863,'ETQ2512044','ETQ2512044.02',6299,NULL,NULL,NULL,NULL,NULL,NULL,NULL,NULL,NULL,NULL,'PUNZ',NULL,NULL,6.06,NULL,NULL,NULL,NULL,NULL,NULL,'pendiente','2025-12-10 20:27:49','2025-12-10 20:27:49',NULL,0),(234864,'ETQ2512045','ETQ2512045.01',6299,NULL,NULL,NULL,NULL,NULL,NULL,NULL,NULL,NULL,NULL,'PUNZ',NULL,NULL,6.21,NULL,NULL,NULL,NULL,NULL,NULL,'pendiente','2025-12-10 20:27:49','2025-12-10 20:27:49',NULL,0),(234865,'ETQ2512045','ETQ2512045.02',6299,NULL,NULL,NULL,NULL,NULL,NULL,NULL,NULL,NULL,NULL,'PUNZ',NULL,NULL,1.84,NULL,NULL,NULL,NULL,NULL,NULL,'pendiente','2025-12-10 20:27:49','2025-12-10 20:27:49',NULL,0),(234866,'ETQ2512046','ETQ2512046.01',6299,NULL,NULL,NULL,NULL,NULL,NULL,NULL,NULL,NULL,NULL,'PUNZ',NULL,NULL,11.03,NULL,NULL,NULL,NULL,NULL,NULL,'pendiente','2025-12-10 20:27:49','2025-12-10 20:27:49',NULL,0),(234867,'ETQ2512047','ETQ2512047.01',6299,NULL,NULL,NULL,NULL,NULL,NULL,NULL,NULL,NULL,NULL,'PUNZ',NULL,NULL,6.25,NULL,NULL,NULL,NULL,NULL,NULL,'pendiente','2025-12-10 20:27:49','2025-12-10 20:27:49',NULL,0),(234868,'ETQ2512047','ETQ2512047.02',6299,NULL,NULL,NULL,NULL,NULL,NULL,NULL,NULL,NULL,NULL,'PUNZ',NULL,NULL,3.01,NULL,NULL,NULL,NULL,NULL,NULL,'pendiente','2025-12-10 20:27:49','2025-12-10 20:27:49',NULL,0),(234869,'ETQ2512048','ETQ2512048.01',6299,NULL,NULL,NULL,NULL,NULL,NULL,NULL,NULL,NULL,NULL,'PUNZ',NULL,NULL,12.47,NULL,NULL,NULL,NULL,NULL,NULL,'pendiente','2025-12-10 20:27:49','2025-12-10 20:27:49',NULL,0),(234870,'ETQ2512048','ETQ2512048.02',6299,NULL,NULL,NULL,NULL,NULL,NULL,NULL,NULL,NULL,NULL,'PUNZ',NULL,NULL,4.76,NULL,NULL,NULL,NULL,NULL,NULL,'pendiente','2025-12-10 20:27:49','2025-12-10 20:27:49',NULL,0),(234871,'ETQ2512049','ETQ2512049.01',6299,NULL,NULL,NULL,NULL,NULL,NULL,NULL,NULL,NULL,NULL,'PUNZ',NULL,NULL,7.96,NULL,NULL,NULL,NULL,NULL,NULL,'pendiente','2025-12-10 20:27:49','2025-12-10 20:27:49',NULL,0),(234872,'ETQ2512049','ETQ2512049.02',6299,NULL,NULL,NULL,NULL,NULL,NULL,NULL,NULL,NULL,NULL,'PUNZ',NULL,NULL,9.27,NULL,NULL,NULL,NULL,NULL,NULL,'pendiente','2025-12-10 20:27:49','2025-12-10 20:27:49',NULL,0),(234873,'ETQ2512050','ETQ2512050.01',6299,NULL,NULL,NULL,NULL,NULL,NULL,NULL,NULL,NULL,NULL,'PUNZ',NULL,NULL,4.34,NULL,NULL,NULL,NULL,NULL,NULL,'pendiente','2025-12-10 20:27:50','2025-12-10 20:27:50',NULL,0),(234874,'ETQ2512050','ETQ2512050.02',6299,NULL,NULL,NULL,NULL,NULL,NULL,NULL,NULL,NULL,NULL,'PUNZ',NULL,NULL,4.27,NULL,NULL,NULL,NULL,NULL,NULL,'pendiente','2025-12-10 20:27:50','2025-12-10 20:27:50',NULL,0),(234875,'ETQ2512051','ETQ2512051.01',6299,NULL,NULL,NULL,NULL,NULL,NULL,NULL,NULL,NULL,NULL,'PUNZ',NULL,NULL,4.47,NULL,NULL,NULL,NULL,NULL,NULL,'pendiente','2025-12-10 20:27:50','2025-12-10 20:27:50',NULL,0),(234876,'ETQ2512051','ETQ2512051.02',6299,NULL,NULL,NULL,NULL,NULL,NULL,NULL,NULL,NULL,NULL,'PUNZ',NULL,NULL,1.72,NULL,NULL,NULL,NULL,NULL,NULL,'pendiente','2025-12-10 20:27:50','2025-12-10 20:27:50',NULL,0),(234877,'ETQ2512052','ETQ2512052.01',6299,NULL,NULL,NULL,NULL,NULL,NULL,NULL,NULL,NULL,NULL,'PUNZ',NULL,NULL,5.12,NULL,NULL,NULL,NULL,NULL,NULL,'pendiente','2025-12-10 20:27:50','2025-12-10 20:27:50',NULL,0),(234878,'ETQ2512052','ETQ2512052.02',6299,NULL,NULL,NULL,NULL,NULL,NULL,NULL,NULL,NULL,NULL,'PUNZ',NULL,NULL,6.57,NULL,NULL,NULL,NULL,NULL,NULL,'pendiente','2025-12-10 20:27:50','2025-12-10 20:27:50',NULL,0),(234879,'ETQ2512053','ETQ2512053.01',6299,NULL,NULL,NULL,NULL,NULL,NULL,NULL,NULL,NULL,NULL,'PUNZ',NULL,NULL,3.98,NULL,NULL,NULL,NULL,NULL,NULL,'pendiente','2025-12-10 20:27:50','2025-12-10 20:27:50',NULL,0),(234880,'ETQ2512053','ETQ2512053.02',6299,NULL,NULL,NULL,NULL,NULL,NULL,NULL,NULL,NULL,NULL,'PUNZ',NULL,NULL,4.63,NULL,NULL,NULL,NULL,NULL,NULL,'pendiente','2025-12-10 20:27:50','2025-12-10 20:27:50',NULL,0),(234881,'ETQ2512054','ETQ2512054.01',6299,NULL,NULL,NULL,NULL,NULL,NULL,NULL,NULL,NULL,NULL,'PUNZ',NULL,NULL,8.94,NULL,NULL,NULL,NULL,NULL,NULL,'pendiente','2025-12-10 20:27:50','2025-12-10 20:27:50',NULL,0),(234882,'ETQ2512054','ETQ2512054.02',6299,NULL,NULL,NULL,NULL,NULL,NULL,NULL,NULL,NULL,NULL,'PUNZ',NULL,NULL,10.71,NULL,NULL,NULL,NULL,NULL,NULL,'pendiente','2025-12-10 20:27:50','2025-12-10 20:27:50',NULL,0),(234883,'ETQ2512055','ETQ2512055.01',6299,NULL,NULL,NULL,NULL,NULL,NULL,NULL,NULL,NULL,NULL,'PUNZ',NULL,NULL,7.74,NULL,NULL,NULL,NULL,NULL,NULL,'pendiente','2025-12-10 20:27:50','2025-12-10 20:27:51',NULL,0),(234884,'ETQ2512055','ETQ2512055.02',6299,NULL,NULL,NULL,NULL,NULL,NULL,NULL,NULL,NULL,NULL,'PUNZ',NULL,NULL,0.31,NULL,NULL,NULL,NULL,NULL,NULL,'pendiente','2025-12-10 20:27:50','2025-12-10 20:27:51',NULL,0),(234885,'ETQ2512056','ETQ2512056.01',6299,NULL,NULL,NULL,NULL,NULL,NULL,NULL,NULL,NULL,NULL,'PUNZ',NULL,NULL,4.63,NULL,NULL,NULL,NULL,NULL,NULL,'pendiente','2025-12-10 20:27:51','2025-12-10 20:27:51',NULL,0),(234886,'ETQ2512056','ETQ2512056.02',6299,NULL,NULL,NULL,NULL,NULL,NULL,NULL,NULL,NULL,NULL,'PUNZ',NULL,NULL,5.84,NULL,NULL,NULL,NULL,NULL,NULL,'pendiente','2025-12-10 20:27:51','2025-12-10 20:27:51',NULL,0),(234887,'ETQ2512057','ETQ2512057.01',6299,NULL,NULL,NULL,NULL,NULL,NULL,NULL,NULL,NULL,NULL,'PUNZ. SOMBRERO',NULL,NULL,8.74,NULL,NULL,NULL,NULL,NULL,NULL,'pendiente','2025-12-10 20:27:51','2025-12-10 20:27:51',NULL,0),(234888,'ETQ2512057','ETQ2512057.02',6299,NULL,NULL,NULL,NULL,NULL,NULL,NULL,NULL,NULL,NULL,'PUNZ. SOMBRERO',NULL,NULL,10.32,NULL,NULL,NULL,NULL,NULL,NULL,'pendiente','2025-12-10 20:27:51','2025-12-10 20:27:51',NULL,0),(234889,'ETQ2512058','ETQ2512058.01',6299,NULL,NULL,NULL,NULL,NULL,NULL,NULL,NULL,NULL,NULL,'PUNZ',NULL,NULL,7.01,NULL,NULL,NULL,NULL,NULL,NULL,'pendiente','2025-12-10 20:27:51','2025-12-10 20:27:51',NULL,0),(234890,'ETQ2512058','ETQ2512058.02',6299,NULL,NULL,NULL,NULL,NULL,NULL,NULL,NULL,NULL,NULL,'PUNZ',NULL,NULL,10.19,NULL,NULL,NULL,NULL,NULL,NULL,'pendiente','2025-12-10 20:27:51','2025-12-10 20:27:51',NULL,0),(234891,'ETQ2512059','ETQ2512059.01',6299,NULL,NULL,NULL,NULL,NULL,NULL,NULL,NULL,NULL,NULL,'PUNZ. SOMBRERO',NULL,NULL,11.97,NULL,NULL,NULL,NULL,NULL,NULL,'pendiente','2025-12-10 20:27:51','2025-12-10 20:27:51',NULL,0),(234892,'ETQ2512059','ETQ2512059.02',6299,NULL,NULL,NULL,NULL,NULL,NULL,NULL,NULL,NULL,NULL,'PUNZ. SOMBRERO',NULL,NULL,6.71,NULL,NULL,NULL,NULL,NULL,NULL,'pendiente','2025-12-10 20:27:51','2025-12-10 20:27:51',NULL,0),(234893,'ETQ2512060','ETQ2512060.01',6299,NULL,NULL,NULL,NULL,NULL,NULL,NULL,NULL,NULL,NULL,'PUNZ',NULL,NULL,13.05,NULL,NULL,NULL,NULL,NULL,NULL,'pendiente','2025-12-10 20:27:51','2025-12-10 20:27:51',NULL,0),(234894,'ETQ2512060','ETQ2512060.02',6299,NULL,NULL,NULL,NULL,NULL,NULL,NULL,NULL,NULL,NULL,'PUNZ',NULL,NULL,5.63,NULL,NULL,NULL,NULL,NULL,NULL,'pendiente','2025-12-10 20:27:51','2025-12-10 20:27:51',NULL,0),(234895,'ETQ2512061','ETQ2512061.01',6299,NULL,NULL,NULL,NULL,NULL,NULL,NULL,NULL,NULL,NULL,'PUNZ. SOMBRERO',NULL,NULL,11.24,NULL,NULL,NULL,NULL,NULL,NULL,'pendiente','2025-12-10 20:27:51','2025-12-10 20:27:52',NULL,0),(234896,'ETQ2512061','ETQ2512061.02',6299,NULL,NULL,NULL,NULL,NULL,NULL,NULL,NULL,NULL,NULL,'PUNZ. SOMBRERO',NULL,NULL,4.46,NULL,NULL,NULL,NULL,NULL,NULL,'pendiente','2025-12-10 20:27:52','2025-12-10 20:27:52',NULL,0),(234897,'ETQ2512062','ETQ2512062.01',6299,NULL,NULL,NULL,NULL,NULL,NULL,NULL,NULL,NULL,NULL,'PUNZ',NULL,NULL,10.82,NULL,NULL,NULL,NULL,NULL,NULL,'pendiente','2025-12-10 20:27:52','2025-12-10 20:27:52',NULL,0),(234898,'ETQ2512062','ETQ2512062.02',6299,NULL,NULL,NULL,NULL,NULL,NULL,NULL,NULL,NULL,NULL,'PUNZ',NULL,NULL,4.88,NULL,NULL,NULL,NULL,NULL,NULL,'pendiente','2025-12-10 20:27:52','2025-12-10 20:27:52',NULL,0),(234899,'ETQ2512063','ETQ2512063.01',6299,NULL,NULL,NULL,NULL,NULL,NULL,NULL,NULL,NULL,NULL,'PUNZ. SOMBRERO',NULL,NULL,11.97,NULL,NULL,NULL,NULL,NULL,NULL,'pendiente','2025-12-10 20:27:52','2025-12-10 20:27:52',NULL,0),(234900,'ETQ2512063','ETQ2512063.02',6299,NULL,NULL,NULL,NULL,NULL,NULL,NULL,NULL,NULL,NULL,'PUNZ. SOMBRERO',NULL,NULL,7.09,NULL,NULL,NULL,NULL,NULL,NULL,'pendiente','2025-12-10 20:27:52','2025-12-10 20:27:52',NULL,0),(234901,'ETQ2512064','ETQ2512064.01',6299,NULL,NULL,NULL,NULL,NULL,NULL,NULL,NULL,NULL,NULL,'PUNZ',NULL,NULL,9.94,NULL,NULL,NULL,NULL,NULL,NULL,'pendiente','2025-12-10 20:27:52','2025-12-10 20:27:52',NULL,0),(234902,'ETQ2512064','ETQ2512064.02',6299,NULL,NULL,NULL,NULL,NULL,NULL,NULL,NULL,NULL,NULL,'PUNZ',NULL,NULL,5.76,NULL,NULL,NULL,NULL,NULL,NULL,'pendiente','2025-12-10 20:27:52','2025-12-10 20:27:52',NULL,0),(234903,'ETQ2512065','ETQ2512065.01',6299,NULL,NULL,NULL,NULL,NULL,NULL,NULL,NULL,NULL,NULL,'PUNZ. SOMBRERO',NULL,NULL,13.05,NULL,NULL,NULL,NULL,NULL,NULL,'pendiente','2025-12-10 20:27:52','2025-12-10 20:27:52',NULL,0),(234904,'ETQ2512065','ETQ2512065.02',6299,NULL,NULL,NULL,NULL,NULL,NULL,NULL,NULL,NULL,NULL,'PUNZ. SOMBRERO',NULL,NULL,6.01,NULL,NULL,NULL,NULL,NULL,NULL,'pendiente','2025-12-10 20:27:52','2025-12-10 20:27:52',NULL,0),(234905,'ETQ2512066','ETQ2512066.01',6299,NULL,NULL,NULL,NULL,NULL,NULL,NULL,NULL,NULL,NULL,'PUNZ',NULL,NULL,12.81,NULL,NULL,NULL,NULL,NULL,NULL,'pendiente','2025-12-10 20:27:52','2025-12-10 20:27:52',NULL,0),(234906,'ETQ2512067','ETQ2512067.01',6299,NULL,NULL,NULL,NULL,NULL,NULL,NULL,NULL,NULL,NULL,'PUNZ',NULL,NULL,13.19,NULL,NULL,NULL,NULL,NULL,NULL,'pendiente','2025-12-10 20:27:52','2025-12-10 20:27:52',NULL,0),(234907,'ETQ2512068','ETQ2512068.01',6299,NULL,NULL,NULL,NULL,NULL,NULL,NULL,NULL,NULL,NULL,'PUNZ',NULL,NULL,21.13,NULL,NULL,NULL,NULL,NULL,NULL,'pendiente','2025-12-10 20:27:53','2025-12-10 20:27:53',NULL,0),(234908,'ETQ2512068','ETQ2512068.02',6299,NULL,NULL,NULL,NULL,NULL,NULL,NULL,NULL,NULL,NULL,'PUNZ',NULL,NULL,7.16,NULL,NULL,NULL,NULL,NULL,NULL,'pendiente','2025-12-10 20:27:53','2025-12-10 20:27:53',NULL,0),(234909,'ETQ2512069','ETQ2512069.01',6299,NULL,NULL,NULL,NULL,NULL,NULL,NULL,NULL,NULL,NULL,'PUNZ',NULL,NULL,6.75,NULL,NULL,NULL,NULL,NULL,NULL,'pendiente','2025-12-10 20:27:53','2025-12-10 20:27:53',NULL,0),(234910,'ETQ2512069','ETQ2512069.02',6299,NULL,NULL,NULL,NULL,NULL,NULL,NULL,NULL,NULL,NULL,'PUNZ',NULL,NULL,2.68,NULL,NULL,NULL,NULL,NULL,NULL,'pendiente','2025-12-10 20:27:53','2025-12-10 20:27:53',NULL,0),(234911,'ETQ2512070','ETQ2512070.01',6299,NULL,NULL,NULL,NULL,NULL,NULL,NULL,NULL,NULL,NULL,'PÙNZ DE RESERVA',NULL,NULL,30.58,NULL,NULL,NULL,NULL,NULL,NULL,'pendiente','2025-12-10 20:27:53','2025-12-10 20:27:53',NULL,0),(234912,'ETQ2512070','ETQ2512070.02',6299,NULL,NULL,NULL,NULL,NULL,NULL,NULL,NULL,NULL,NULL,'PÙNZ DE RESERVA',NULL,NULL,2.80,NULL,NULL,NULL,NULL,NULL,NULL,'pendiente','2025-12-10 20:27:53','2025-12-10 20:27:53',NULL,0),(234913,'ETQ2512070','ETQ2512070.03',6299,NULL,NULL,NULL,NULL,NULL,NULL,NULL,NULL,NULL,NULL,'PÙNZ DE RESERVA',NULL,NULL,15.40,NULL,NULL,NULL,NULL,NULL,NULL,'pendiente','2025-12-10 20:27:53','2025-12-10 20:27:53',NULL,0),(234914,'ETQ2512071',NULL,6300,NULL,NULL,NULL,NULL,NULL,NULL,NULL,NULL,NULL,NULL,'LONG INF-1',NULL,NULL,126.63,NULL,NULL,NULL,NULL,NULL,NULL,'pendiente','2025-12-10 20:27:53','2025-12-10 20:27:55','2025-12-10 20:27:55',0),(234915,'ETQ2512072',NULL,6300,NULL,NULL,NULL,NULL,NULL,NULL,NULL,NULL,NULL,NULL,'LONG INF-2',NULL,NULL,28.64,NULL,NULL,NULL,NULL,NULL,NULL,'pendiente','2025-12-10 20:27:53','2025-12-10 20:27:55','2025-12-10 20:27:55',0),(234916,'ETQ2512073',NULL,6300,NULL,NULL,NULL,NULL,NULL,NULL,NULL,NULL,NULL,NULL,'LONG INF-3',NULL,NULL,11.01,NULL,NULL,NULL,NULL,NULL,NULL,'pendiente','2025-12-10 20:27:53','2025-12-10 20:27:55','2025-12-10 20:27:55',0),(234917,'ETQ2512074',NULL,6300,NULL,NULL,NULL,NULL,NULL,NULL,NULL,NULL,NULL,NULL,'LONG INF-4',NULL,NULL,82.59,NULL,NULL,NULL,NULL,NULL,NULL,'pendiente','2025-12-10 20:27:53','2025-12-10 20:27:55','2025-12-10 20:27:55',0),(234918,'ETQ2512075',NULL,6300,NULL,NULL,NULL,NULL,NULL,NULL,NULL,NULL,NULL,NULL,'LONG INF-5',NULL,NULL,55.29,NULL,NULL,NULL,NULL,NULL,NULL,'pendiente','2025-12-10 20:27:53','2025-12-10 20:27:55','2025-12-10 20:27:55',0),(234919,'ETQ2512076',NULL,6300,NULL,NULL,NULL,NULL,NULL,NULL,NULL,NULL,NULL,NULL,'LONG INF-6',NULL,NULL,60.56,NULL,NULL,NULL,NULL,NULL,NULL,'pendiente','2025-12-10 20:27:53','2025-12-10 20:27:55','2025-12-10 20:27:55',0),(234920,'ETQ2512077',NULL,6300,NULL,NULL,NULL,NULL,NULL,NULL,NULL,NULL,NULL,NULL,'LONG INF-7',NULL,NULL,23.57,NULL,NULL,NULL,NULL,NULL,NULL,'pendiente','2025-12-10 20:27:53','2025-12-10 20:27:55','2025-12-10 20:27:55',0),(234921,'ETQ2512078',NULL,6300,NULL,NULL,NULL,NULL,NULL,NULL,NULL,NULL,NULL,NULL,'LONG INF-8',NULL,NULL,37.66,NULL,NULL,NULL,NULL,NULL,NULL,'pendiente','2025-12-10 20:27:53','2025-12-10 20:27:55','2025-12-10 20:27:55',0),(234922,'ETQ2512079',NULL,6300,NULL,NULL,NULL,NULL,NULL,NULL,NULL,NULL,NULL,NULL,'LONG INF-9',NULL,NULL,38.36,NULL,NULL,NULL,NULL,NULL,NULL,'pendiente','2025-12-10 20:27:53','2025-12-10 20:27:55','2025-12-10 20:27:55',0),(234923,'ETQ2512071','ETQ2512071.01',6300,NULL,NULL,NULL,NULL,NULL,NULL,NULL,NULL,NULL,NULL,'LONG INF-1',NULL,NULL,126.63,NULL,NULL,NULL,NULL,NULL,NULL,'pendiente','2025-12-10 20:27:53','2025-12-10 20:27:53',NULL,0),(234924,'ETQ2512072','ETQ2512072.01',6300,NULL,NULL,NULL,NULL,NULL,NULL,NULL,NULL,NULL,NULL,'LONG INF-2',NULL,NULL,13.72,NULL,NULL,NULL,NULL,NULL,NULL,'pendiente','2025-12-10 20:27:54','2025-12-10 20:27:54',NULL,0),(234925,'ETQ2512072','ETQ2512072.02',6300,NULL,NULL,NULL,NULL,NULL,NULL,NULL,NULL,NULL,NULL,'LONG INF-2',NULL,NULL,14.92,NULL,NULL,NULL,NULL,NULL,NULL,'pendiente','2025-12-10 20:27:54','2025-12-10 20:27:54',NULL,0),(234926,'ETQ2512073','ETQ2512073.01',6300,NULL,NULL,NULL,NULL,NULL,NULL,NULL,NULL,NULL,NULL,'LONG INF-3',NULL,NULL,3.85,NULL,NULL,NULL,NULL,NULL,NULL,'pendiente','2025-12-10 20:27:54','2025-12-10 20:27:54',NULL,0),(234927,'ETQ2512073','ETQ2512073.02',6300,NULL,NULL,NULL,NULL,NULL,NULL,NULL,NULL,NULL,NULL,'LONG INF-3',NULL,NULL,7.16,NULL,NULL,NULL,NULL,NULL,NULL,'pendiente','2025-12-10 20:27:54','2025-12-10 20:27:54',NULL,0),(234928,'ETQ2512074','ETQ2512074.01',6300,NULL,NULL,NULL,NULL,NULL,NULL,NULL,NULL,NULL,NULL,'LONG INF-4',NULL,NULL,19.68,NULL,NULL,NULL,NULL,NULL,NULL,'pendiente','2025-12-10 20:27:54','2025-12-10 20:27:54',NULL,0),(234929,'ETQ2512074','ETQ2512074.02',6300,NULL,NULL,NULL,NULL,NULL,NULL,NULL,NULL,NULL,NULL,'LONG INF-4',NULL,NULL,55.06,NULL,NULL,NULL,NULL,NULL,NULL,'pendiente','2025-12-10 20:27:54','2025-12-10 20:27:54',NULL,0),(234930,'ETQ2512074','ETQ2512074.03',6300,NULL,NULL,NULL,NULL,NULL,NULL,NULL,NULL,NULL,NULL,'LONG INF-4',NULL,NULL,7.85,NULL,NULL,NULL,NULL,NULL,NULL,'pendiente','2025-12-10 20:27:54','2025-12-10 20:27:54',NULL,0),(234931,'ETQ2512075','ETQ2512075.01',6300,NULL,NULL,NULL,NULL,NULL,NULL,NULL,NULL,NULL,NULL,'LONG INF-5',NULL,NULL,5.74,NULL,NULL,NULL,NULL,NULL,NULL,'pendiente','2025-12-10 20:27:54','2025-12-10 20:27:54',NULL,0),(234932,'ETQ2512075','ETQ2512075.02',6300,NULL,NULL,NULL,NULL,NULL,NULL,NULL,NULL,NULL,NULL,'LONG INF-5',NULL,NULL,49.55,NULL,NULL,NULL,NULL,NULL,NULL,'pendiente','2025-12-10 20:27:54','2025-12-10 20:27:54',NULL,0),(234933,'ETQ2512076','ETQ2512076.01',6300,NULL,NULL,NULL,NULL,NULL,NULL,NULL,NULL,NULL,NULL,'LONG INF-6',NULL,NULL,60.56,NULL,NULL,NULL,NULL,NULL,NULL,'pendiente','2025-12-10 20:27:54','2025-12-10 20:27:54',NULL,0),(234934,'ETQ2512077','ETQ2512077.01',6300,NULL,NULL,NULL,NULL,NULL,NULL,NULL,NULL,NULL,NULL,'LONG INF-7',NULL,NULL,23.57,NULL,NULL,NULL,NULL,NULL,NULL,'pendiente','2025-12-10 20:27:54','2025-12-10 20:27:54',NULL,0),(234935,'ETQ2512078','ETQ2512078.01',6300,NULL,NULL,NULL,NULL,NULL,NULL,NULL,NULL,NULL,NULL,'LONG INF-8',NULL,NULL,23.63,NULL,NULL,NULL,NULL,NULL,NULL,'pendiente','2025-12-10 20:27:54','2025-12-10 20:27:55',NULL,0),(234936,'ETQ2512078','ETQ2512078.02',6300,NULL,NULL,NULL,NULL,NULL,NULL,NULL,NULL,NULL,NULL,'LONG INF-8',NULL,NULL,14.03,NULL,NULL,NULL,NULL,NULL,NULL,'pendiente','2025-12-10 20:27:55','2025-12-10 20:27:55',NULL,0),(234937,'ETQ2512079','ETQ2512079.01',6300,NULL,NULL,NULL,NULL,NULL,NULL,NULL,NULL,NULL,NULL,'LONG INF-9',NULL,NULL,38.36,NULL,NULL,NULL,NULL,NULL,NULL,'pendiente','2025-12-10 20:27:55','2025-12-10 20:27:55',NULL,0),(234938,'ETQ2512080',NULL,6301,NULL,NULL,NULL,NULL,NULL,NULL,NULL,NULL,NULL,NULL,'TRANS INF-1',NULL,NULL,137.64,NULL,NULL,NULL,NULL,NULL,NULL,'pendiente','2025-12-10 20:27:55','2025-12-10 20:27:56','2025-12-10 20:27:56',0),(234939,'ETQ2512081',NULL,6301,NULL,NULL,NULL,NULL,NULL,NULL,NULL,NULL,NULL,NULL,'TRANS INF-2',NULL,NULL,26.19,NULL,NULL,NULL,NULL,NULL,NULL,'pendiente','2025-12-10 20:27:55','2025-12-10 20:27:56','2025-12-10 20:27:56',0),(234940,'ETQ2512082',NULL,6301,NULL,NULL,NULL,NULL,NULL,NULL,NULL,NULL,NULL,NULL,'TRANS INF-3',NULL,NULL,69.90,NULL,NULL,NULL,NULL,NULL,NULL,'pendiente','2025-12-10 20:27:55','2025-12-10 20:27:56','2025-12-10 20:27:56',0),(234941,'ETQ2512083',NULL,6301,NULL,NULL,NULL,NULL,NULL,NULL,NULL,NULL,NULL,NULL,'TRANS INF-4',NULL,NULL,33.03,NULL,NULL,NULL,NULL,NULL,NULL,'pendiente','2025-12-10 20:27:55','2025-12-10 20:27:56','2025-12-10 20:27:56',0),(234942,'ETQ2512084',NULL,6301,NULL,NULL,NULL,NULL,NULL,NULL,NULL,NULL,NULL,NULL,'TRANS INF-5',NULL,NULL,76.58,NULL,NULL,NULL,NULL,NULL,NULL,'pendiente','2025-12-10 20:27:55','2025-12-10 20:27:56','2025-12-10 20:27:56',0),(234943,'ETQ2512085',NULL,6301,NULL,NULL,NULL,NULL,NULL,NULL,NULL,NULL,NULL,NULL,'TRANS INF-6',NULL,NULL,49.55,NULL,NULL,NULL,NULL,NULL,NULL,'pendiente','2025-12-10 20:27:55','2025-12-10 20:27:56','2025-12-10 20:27:56',0),(234944,'ETQ2512086',NULL,6301,NULL,NULL,NULL,NULL,NULL,NULL,NULL,NULL,NULL,NULL,'TRANS INF-7',NULL,NULL,31.78,NULL,NULL,NULL,NULL,NULL,NULL,'pendiente','2025-12-10 20:27:55','2025-12-10 20:27:56','2025-12-10 20:27:56',0),(234945,'ETQ2512087',NULL,6301,NULL,NULL,NULL,NULL,NULL,NULL,NULL,NULL,NULL,NULL,'TRANS INF-8',NULL,NULL,29.16,NULL,NULL,NULL,NULL,NULL,NULL,'pendiente','2025-12-10 20:27:55','2025-12-10 20:27:56','2025-12-10 20:27:56',0),(234946,'ETQ2512080','ETQ2512080.01',6301,NULL,NULL,NULL,NULL,NULL,NULL,NULL,NULL,NULL,NULL,'TRANS INF-1',NULL,NULL,137.64,NULL,NULL,NULL,NULL,NULL,NULL,'pendiente','2025-12-10 20:27:55','2025-12-10 20:27:55',NULL,0),(234947,'ETQ2512081','ETQ2512081.01',6301,NULL,NULL,NULL,NULL,NULL,NULL,NULL,NULL,NULL,NULL,'TRANS INF-2',NULL,NULL,16.52,NULL,NULL,NULL,NULL,NULL,NULL,'pendiente','2025-12-10 20:27:55','2025-12-10 20:27:55',NULL,0),(234948,'ETQ2512081','ETQ2512081.02',6301,NULL,NULL,NULL,NULL,NULL,NULL,NULL,NULL,NULL,NULL,'TRANS INF-2',NULL,NULL,9.67,NULL,NULL,NULL,NULL,NULL,NULL,'pendiente','2025-12-10 20:27:55','2025-12-10 20:27:55',NULL,0),(234949,'ETQ2512082','ETQ2512082.01',6301,NULL,NULL,NULL,NULL,NULL,NULL,NULL,NULL,NULL,NULL,'TRANS INF-3',NULL,NULL,60.56,NULL,NULL,NULL,NULL,NULL,NULL,'pendiente','2025-12-10 20:27:55','2025-12-10 20:27:55',NULL,0),(234950,'ETQ2512082','ETQ2512082.02',6301,NULL,NULL,NULL,NULL,NULL,NULL,NULL,NULL,NULL,NULL,'TRANS INF-3',NULL,NULL,5.04,NULL,NULL,NULL,NULL,NULL,NULL,'pendiente','2025-12-10 20:27:55','2025-12-10 20:27:55',NULL,0),(234951,'ETQ2512082','ETQ2512082.03',6301,NULL,NULL,NULL,NULL,NULL,NULL,NULL,NULL,NULL,NULL,'TRANS INF-3',NULL,NULL,4.30,NULL,NULL,NULL,NULL,NULL,NULL,'pendiente','2025-12-10 20:27:55','2025-12-10 20:27:55',NULL,0),(234952,'ETQ2512083','ETQ2512083.01',6301,NULL,NULL,NULL,NULL,NULL,NULL,NULL,NULL,NULL,NULL,'TRANS INF-4',NULL,NULL,33.03,NULL,NULL,NULL,NULL,NULL,NULL,'pendiente','2025-12-10 20:27:55','2025-12-10 20:27:55',NULL,0),(234953,'ETQ2512084','ETQ2512084.01',6301,NULL,NULL,NULL,NULL,NULL,NULL,NULL,NULL,NULL,NULL,'TRANS INF-5',NULL,NULL,22.02,NULL,NULL,NULL,NULL,NULL,NULL,'pendiente','2025-12-10 20:27:56','2025-12-10 20:27:56',NULL,0),(234954,'ETQ2512084','ETQ2512084.02',6301,NULL,NULL,NULL,NULL,NULL,NULL,NULL,NULL,NULL,NULL,'TRANS INF-5',NULL,NULL,54.56,NULL,NULL,NULL,NULL,NULL,NULL,'pendiente','2025-12-10 20:27:56','2025-12-10 20:27:56',NULL,0),(234955,'ETQ2512085','ETQ2512085.01',6301,NULL,NULL,NULL,NULL,NULL,NULL,NULL,NULL,NULL,NULL,'TRANS INF-6',NULL,NULL,5.51,NULL,NULL,NULL,NULL,NULL,NULL,'pendiente','2025-12-10 20:27:56','2025-12-10 20:27:56',NULL,0),(234956,'ETQ2512085','ETQ2512085.02',6301,NULL,NULL,NULL,NULL,NULL,NULL,NULL,NULL,NULL,NULL,'TRANS INF-6',NULL,NULL,44.04,NULL,NULL,NULL,NULL,NULL,NULL,'pendiente','2025-12-10 20:27:56','2025-12-10 20:27:56',NULL,0),(234957,'ETQ2512086','ETQ2512086.01',6301,NULL,NULL,NULL,NULL,NULL,NULL,NULL,NULL,NULL,NULL,'TRANS INF-7',NULL,NULL,31.78,NULL,NULL,NULL,NULL,NULL,NULL,'pendiente','2025-12-10 20:27:56','2025-12-10 20:27:56',NULL,0),(234958,'ETQ2512087','ETQ2512087.01',6301,NULL,NULL,NULL,NULL,NULL,NULL,NULL,NULL,NULL,NULL,'TRANS INF-8',NULL,NULL,29.16,NULL,NULL,NULL,NULL,NULL,NULL,'pendiente','2025-12-10 20:27:56','2025-12-10 20:27:56',NULL,0),(234959,'ETQ2512088',NULL,6302,NULL,NULL,NULL,NULL,NULL,NULL,NULL,NULL,NULL,NULL,'LONG SUP-1',NULL,NULL,87.98,NULL,NULL,NULL,NULL,NULL,NULL,'pendiente','2025-12-10 20:27:56','2025-12-10 20:27:57','2025-12-10 20:27:57',0),(234960,'ETQ2512089',NULL,6302,NULL,NULL,NULL,NULL,NULL,NULL,NULL,NULL,NULL,NULL,'LONG SUP-2',NULL,NULL,20.48,NULL,NULL,NULL,NULL,NULL,NULL,'pendiente','2025-12-10 20:27:56','2025-12-10 20:27:57','2025-12-10 20:27:57',0),(234961,'ETQ2512090',NULL,6302,NULL,NULL,NULL,NULL,NULL,NULL,NULL,NULL,NULL,NULL,'LONG SUP-3',NULL,NULL,7.64,NULL,NULL,NULL,NULL,NULL,NULL,'pendiente','2025-12-10 20:27:56','2025-12-10 20:27:57','2025-12-10 20:27:57',0),(234962,'ETQ2512091',NULL,6302,NULL,NULL,NULL,NULL,NULL,NULL,NULL,NULL,NULL,NULL,'LONG SUP-4',NULL,NULL,57.39,NULL,NULL,NULL,NULL,NULL,NULL,'pendiente','2025-12-10 20:27:56','2025-12-10 20:27:57','2025-12-10 20:27:57',0),(234963,'ETQ2512092',NULL,6302,NULL,NULL,NULL,NULL,NULL,NULL,NULL,NULL,NULL,NULL,'LONG SUP-5',NULL,NULL,38.55,NULL,NULL,NULL,NULL,NULL,NULL,'pendiente','2025-12-10 20:27:56','2025-12-10 20:27:57','2025-12-10 20:27:57',0),(234964,'ETQ2512093',NULL,6302,NULL,NULL,NULL,NULL,NULL,NULL,NULL,NULL,NULL,NULL,'LONG SUP-6',NULL,NULL,42.08,NULL,NULL,NULL,NULL,NULL,NULL,'pendiente','2025-12-10 20:27:56','2025-12-10 20:27:57','2025-12-10 20:27:57',0),(234965,'ETQ2512094',NULL,6302,NULL,NULL,NULL,NULL,NULL,NULL,NULL,NULL,NULL,NULL,'LONG SUP-7',NULL,NULL,16.82,NULL,NULL,NULL,NULL,NULL,NULL,'pendiente','2025-12-10 20:27:56','2025-12-10 20:27:57','2025-12-10 20:27:57',0),(234966,'ETQ2512095',NULL,6302,NULL,NULL,NULL,NULL,NULL,NULL,NULL,NULL,NULL,NULL,'LONG SUP-8',NULL,NULL,26.74,NULL,NULL,NULL,NULL,NULL,NULL,'pendiente','2025-12-10 20:27:56','2025-12-10 20:27:57','2025-12-10 20:27:57',0),(234967,'ETQ2512096',NULL,6302,NULL,NULL,NULL,NULL,NULL,NULL,NULL,NULL,NULL,NULL,'LONG SUP-9',NULL,NULL,28.75,NULL,NULL,NULL,NULL,NULL,NULL,'pendiente','2025-12-10 20:27:56','2025-12-10 20:27:57','2025-12-10 20:27:57',0),(234968,'ETQ2512088','ETQ2512088.01',6302,NULL,NULL,NULL,NULL,NULL,NULL,NULL,NULL,NULL,NULL,'LONG SUP-1',NULL,NULL,87.98,NULL,NULL,NULL,NULL,NULL,NULL,'pendiente','2025-12-10 20:27:56','2025-12-10 20:27:56',NULL,0),(234969,'ETQ2512089','ETQ2512089.01',6302,NULL,NULL,NULL,NULL,NULL,NULL,NULL,NULL,NULL,NULL,'LONG SUP-2',NULL,NULL,12.45,NULL,NULL,NULL,NULL,NULL,NULL,'pendiente','2025-12-10 20:27:56','2025-12-10 20:27:56',NULL,0),(234970,'ETQ2512089','ETQ2512089.02',6302,NULL,NULL,NULL,NULL,NULL,NULL,NULL,NULL,NULL,NULL,'LONG SUP-2',NULL,NULL,8.03,NULL,NULL,NULL,NULL,NULL,NULL,'pendiente','2025-12-10 20:27:56','2025-12-10 20:27:56',NULL,0),(234971,'ETQ2512090','ETQ2512090.01',6302,NULL,NULL,NULL,NULL,NULL,NULL,NULL,NULL,NULL,NULL,'LONG SUP-3',NULL,NULL,5.22,NULL,NULL,NULL,NULL,NULL,NULL,'pendiente','2025-12-10 20:27:57','2025-12-10 20:27:57',NULL,0),(234972,'ETQ2512090','ETQ2512090.02',6302,NULL,NULL,NULL,NULL,NULL,NULL,NULL,NULL,NULL,NULL,'LONG SUP-3',NULL,NULL,2.42,NULL,NULL,NULL,NULL,NULL,NULL,'pendiente','2025-12-10 20:27:57','2025-12-10 20:27:57',NULL,0),(234973,'ETQ2512091','ETQ2512091.01',6302,NULL,NULL,NULL,NULL,NULL,NULL,NULL,NULL,NULL,NULL,'LONG SUP-4',NULL,NULL,13.55,NULL,NULL,NULL,NULL,NULL,NULL,'pendiente','2025-12-10 20:27:57','2025-12-10 20:27:57',NULL,0),(234974,'ETQ2512091','ETQ2512091.02',6302,NULL,NULL,NULL,NULL,NULL,NULL,NULL,NULL,NULL,NULL,'LONG SUP-4',NULL,NULL,38.25,NULL,NULL,NULL,NULL,NULL,NULL,'pendiente','2025-12-10 20:27:57','2025-12-10 20:27:57',NULL,0),(234975,'ETQ2512091','ETQ2512091.03',6302,NULL,NULL,NULL,NULL,NULL,NULL,NULL,NULL,NULL,NULL,'LONG SUP-4',NULL,NULL,5.59,NULL,NULL,NULL,NULL,NULL,NULL,'pendiente','2025-12-10 20:27:57','2025-12-10 20:27:57',NULL,0),(234976,'ETQ2512092','ETQ2512092.01',6302,NULL,NULL,NULL,NULL,NULL,NULL,NULL,NULL,NULL,NULL,'LONG SUP-5',NULL,NULL,38.55,NULL,NULL,NULL,NULL,NULL,NULL,'pendiente','2025-12-10 20:27:57','2025-12-10 20:27:57',NULL,0),(234977,'ETQ2512093','ETQ2512093.01',6302,NULL,NULL,NULL,NULL,NULL,NULL,NULL,NULL,NULL,NULL,'LONG SUP-6',NULL,NULL,42.08,NULL,NULL,NULL,NULL,NULL,NULL,'pendiente','2025-12-10 20:27:57','2025-12-10 20:27:57',NULL,0),(234978,'ETQ2512094','ETQ2512094.01',6302,NULL,NULL,NULL,NULL,NULL,NULL,NULL,NULL,NULL,NULL,'LONG SUP-7',NULL,NULL,16.82,NULL,NULL,NULL,NULL,NULL,NULL,'pendiente','2025-12-10 20:27:57','2025-12-10 20:27:57',NULL,0),(234979,'ETQ2512095','ETQ2512095.01',6302,NULL,NULL,NULL,NULL,NULL,NULL,NULL,NULL,NULL,NULL,'LONG SUP-8',NULL,NULL,25.36,NULL,NULL,NULL,NULL,NULL,NULL,'pendiente','2025-12-10 20:27:57','2025-12-10 20:27:57',NULL,0),(234980,'ETQ2512095','ETQ2512095.02',6302,NULL,NULL,NULL,NULL,NULL,NULL,NULL,NULL,NULL,NULL,'LONG SUP-8',NULL,NULL,1.38,NULL,NULL,NULL,NULL,NULL,NULL,'pendiente','2025-12-10 20:27:57','2025-12-10 20:27:57',NULL,0),(234981,'ETQ2512096','ETQ2512096.01',6302,NULL,NULL,NULL,NULL,NULL,NULL,NULL,NULL,NULL,NULL,'LONG SUP-9',NULL,NULL,28.75,NULL,NULL,NULL,NULL,NULL,NULL,'pendiente','2025-12-10 20:27:57','2025-12-10 20:27:57',NULL,0),(234982,'ETQ2512097',NULL,6303,NULL,NULL,NULL,NULL,NULL,NULL,NULL,NULL,NULL,NULL,'TRANS SUP-1',NULL,NULL,95.63,NULL,NULL,NULL,NULL,NULL,NULL,'pendiente','2025-12-10 20:27:57','2025-12-10 20:27:59','2025-12-10 20:27:59',0),(234983,'ETQ2512098',NULL,6303,NULL,NULL,NULL,NULL,NULL,NULL,NULL,NULL,NULL,NULL,'TRANS SUP-2',NULL,NULL,18.39,NULL,NULL,NULL,NULL,NULL,NULL,'pendiente','2025-12-10 20:27:57','2025-12-10 20:27:59','2025-12-10 20:27:59',0),(234984,'ETQ2512099',NULL,6303,NULL,NULL,NULL,NULL,NULL,NULL,NULL,NULL,NULL,NULL,'TRANS SUP-3',NULL,NULL,48.69,NULL,NULL,NULL,NULL,NULL,NULL,'pendiente','2025-12-10 20:27:58','2025-12-10 20:27:59','2025-12-10 20:27:59',0),(234985,'ETQ2512100',NULL,6303,NULL,NULL,NULL,NULL,NULL,NULL,NULL,NULL,NULL,NULL,'TRANS SUP-4',NULL,NULL,22.95,NULL,NULL,NULL,NULL,NULL,NULL,'pendiente','2025-12-10 20:27:58','2025-12-10 20:27:59','2025-12-10 20:27:59',0),(234986,'ETQ2512101',NULL,6303,NULL,NULL,NULL,NULL,NULL,NULL,NULL,NULL,NULL,NULL,'TRANS SUP-5',NULL,NULL,54.23,NULL,NULL,NULL,NULL,NULL,NULL,'pendiente','2025-12-10 20:27:58','2025-12-10 20:27:59','2025-12-10 20:27:59',0),(234987,'ETQ2512102',NULL,6303,NULL,NULL,NULL,NULL,NULL,NULL,NULL,NULL,NULL,NULL,'TRANS SUP-6',NULL,NULL,34.43,NULL,NULL,NULL,NULL,NULL,NULL,'pendiente','2025-12-10 20:27:58','2025-12-10 20:27:59','2025-12-10 20:27:59',0),(234988,'ETQ2512103',NULL,6303,NULL,NULL,NULL,NULL,NULL,NULL,NULL,NULL,NULL,NULL,'TRANS SUP-7',NULL,NULL,23.09,NULL,NULL,NULL,NULL,NULL,NULL,'pendiente','2025-12-10 20:27:58','2025-12-10 20:27:59','2025-12-10 20:27:59',0),(234989,'ETQ2512104',NULL,6303,NULL,NULL,NULL,NULL,NULL,NULL,NULL,NULL,NULL,NULL,'TRANS SUP-8',NULL,NULL,22.09,NULL,NULL,NULL,NULL,NULL,NULL,'pendiente','2025-12-10 20:27:58','2025-12-10 20:27:59','2025-12-10 20:27:59',0),(234990,'ETQ2512097','ETQ2512097.01',6303,NULL,NULL,NULL,NULL,NULL,NULL,NULL,NULL,NULL,NULL,'TRANS SUP-1',NULL,NULL,95.63,NULL,NULL,NULL,NULL,NULL,NULL,'pendiente','2025-12-10 20:27:58','2025-12-10 20:27:58',NULL,0),(234991,'ETQ2512098','ETQ2512098.01',6303,NULL,NULL,NULL,NULL,NULL,NULL,NULL,NULL,NULL,NULL,'TRANS SUP-2',NULL,NULL,11.48,NULL,NULL,NULL,NULL,NULL,NULL,'pendiente','2025-12-10 20:27:58','2025-12-10 20:27:58',NULL,0),(234992,'ETQ2512098','ETQ2512098.02',6303,NULL,NULL,NULL,NULL,NULL,NULL,NULL,NULL,NULL,NULL,'TRANS SUP-2',NULL,NULL,6.91,NULL,NULL,NULL,NULL,NULL,NULL,'pendiente','2025-12-10 20:27:58','2025-12-10 20:27:58',NULL,0),(234993,'ETQ2512099','ETQ2512099.01',6303,NULL,NULL,NULL,NULL,NULL,NULL,NULL,NULL,NULL,NULL,'TRANS SUP-3',NULL,NULL,42.08,NULL,NULL,NULL,NULL,NULL,NULL,'pendiente','2025-12-10 20:27:58','2025-12-10 20:27:58',NULL,0),(234994,'ETQ2512099','ETQ2512099.02',6303,NULL,NULL,NULL,NULL,NULL,NULL,NULL,NULL,NULL,NULL,'TRANS SUP-3',NULL,NULL,3.56,NULL,NULL,NULL,NULL,NULL,NULL,'pendiente','2025-12-10 20:27:58','2025-12-10 20:27:58',NULL,0),(234995,'ETQ2512099','ETQ2512099.03',6303,NULL,NULL,NULL,NULL,NULL,NULL,NULL,NULL,NULL,NULL,'TRANS SUP-3',NULL,NULL,3.05,NULL,NULL,NULL,NULL,NULL,NULL,'pendiente','2025-12-10 20:27:58','2025-12-10 20:27:58',NULL,0),(234996,'ETQ2512100','ETQ2512100.01',6303,NULL,NULL,NULL,NULL,NULL,NULL,NULL,NULL,NULL,NULL,'TRANS SUP-4',NULL,NULL,22.95,NULL,NULL,NULL,NULL,NULL,NULL,'pendiente','2025-12-10 20:27:58','2025-12-10 20:27:58',NULL,0),(234997,'ETQ2512101','ETQ2512101.01',6303,NULL,NULL,NULL,NULL,NULL,NULL,NULL,NULL,NULL,NULL,'TRANS SUP-5',NULL,NULL,15.30,NULL,NULL,NULL,NULL,NULL,NULL,'pendiente','2025-12-10 20:27:58','2025-12-10 20:27:58',NULL,0),(234998,'ETQ2512101','ETQ2512101.02',6303,NULL,NULL,NULL,NULL,NULL,NULL,NULL,NULL,NULL,NULL,'TRANS SUP-5',NULL,NULL,38.93,NULL,NULL,NULL,NULL,NULL,NULL,'pendiente','2025-12-10 20:27:58','2025-12-10 20:27:58',NULL,0),(234999,'ETQ2512102','ETQ2512102.01',6303,NULL,NULL,NULL,NULL,NULL,NULL,NULL,NULL,NULL,NULL,'TRANS SUP-6',NULL,NULL,3.83,NULL,NULL,NULL,NULL,NULL,NULL,'pendiente','2025-12-10 20:27:59','2025-12-10 20:27:59',NULL,0),(235000,'ETQ2512102','ETQ2512102.02',6303,NULL,NULL,NULL,NULL,NULL,NULL,NULL,NULL,NULL,NULL,'TRANS SUP-6',NULL,NULL,30.60,NULL,NULL,NULL,NULL,NULL,NULL,'pendiente','2025-12-10 20:27:59','2025-12-10 20:27:59',NULL,0),(235001,'ETQ2512103','ETQ2512103.01',6303,NULL,NULL,NULL,NULL,NULL,NULL,NULL,NULL,NULL,NULL,'TRANS SUP-7',NULL,NULL,9.74,NULL,NULL,NULL,NULL,NULL,NULL,'pendiente','2025-12-10 20:27:59','2025-12-10 20:27:59',NULL,0),(235002,'ETQ2512103','ETQ2512103.02',6303,NULL,NULL,NULL,NULL,NULL,NULL,NULL,NULL,NULL,NULL,'TRANS SUP-7',NULL,NULL,13.35,NULL,NULL,NULL,NULL,NULL,NULL,'pendiente','2025-12-10 20:27:59','2025-12-10 20:27:59',NULL,0),(235003,'ETQ2512104','ETQ2512104.01',6303,NULL,NULL,NULL,NULL,NULL,NULL,NULL,NULL,NULL,NULL,'TRANS SUP-8',NULL,NULL,22.09,NULL,NULL,NULL,NULL,NULL,NULL,'pendiente','2025-12-10 20:27:59','2025-12-10 20:27:59',NULL,0),(235004,'ETQ2512105',NULL,6304,NULL,NULL,NULL,NULL,NULL,NULL,NULL,NULL,NULL,NULL,'LONG INF-10',NULL,NULL,123.05,NULL,NULL,NULL,NULL,NULL,NULL,'pendiente','2025-12-10 20:27:59','2025-12-10 20:27:59','2025-12-10 20:27:59',0),(235005,'ETQ2512105','ETQ2512105.01',6304,NULL,NULL,NULL,NULL,NULL,NULL,NULL,NULL,NULL,NULL,'LONG INF-10',NULL,NULL,105.52,NULL,NULL,NULL,NULL,NULL,NULL,'pendiente','2025-12-10 20:27:59','2025-12-10 20:27:59',NULL,0),(235006,'ETQ2512105','ETQ2512105.02',6304,NULL,NULL,NULL,NULL,NULL,NULL,NULL,NULL,NULL,NULL,'LONG INF-10',NULL,NULL,17.53,NULL,NULL,NULL,NULL,NULL,NULL,'pendiente','2025-12-10 20:27:59','2025-12-10 20:27:59',NULL,0),(235007,'ETQ2512106',NULL,6305,NULL,NULL,NULL,NULL,NULL,NULL,NULL,NULL,NULL,NULL,'TRANS INF-9',NULL,NULL,38.54,NULL,NULL,NULL,NULL,NULL,NULL,'pendiente','2025-12-10 20:27:59','2025-12-10 20:28:00','2025-12-10 20:28:00',0),(235008,'ETQ2512107',NULL,6305,NULL,NULL,NULL,NULL,NULL,NULL,NULL,NULL,NULL,NULL,'TRANS INF-10',NULL,NULL,38.54,NULL,NULL,NULL,NULL,NULL,NULL,'pendiente','2025-12-10 20:27:59','2025-12-10 20:28:00','2025-12-10 20:28:00',0),(235009,'ETQ2512108',NULL,6305,NULL,NULL,NULL,NULL,NULL,NULL,NULL,NULL,NULL,NULL,'TRANS INF-11',NULL,NULL,36.89,NULL,NULL,NULL,NULL,NULL,NULL,'pendiente','2025-12-10 20:27:59','2025-12-10 20:28:00','2025-12-10 20:28:00',0),(235010,'ETQ2512109',NULL,6305,NULL,NULL,NULL,NULL,NULL,NULL,NULL,NULL,NULL,NULL,'TRANS INF-12',NULL,NULL,14.02,NULL,NULL,NULL,NULL,NULL,NULL,'pendiente','2025-12-10 20:27:59','2025-12-10 20:28:00','2025-12-10 20:28:00',0),(235011,'ETQ2512106','ETQ2512106.01',6305,NULL,NULL,NULL,NULL,NULL,NULL,NULL,NULL,NULL,NULL,'TRANS INF-9',NULL,NULL,38.54,NULL,NULL,NULL,NULL,NULL,NULL,'pendiente','2025-12-10 20:27:59','2025-12-10 20:27:59',NULL,0),(235012,'ETQ2512107','ETQ2512107.01',6305,NULL,NULL,NULL,NULL,NULL,NULL,NULL,NULL,NULL,NULL,'TRANS INF-10',NULL,NULL,38.54,NULL,NULL,NULL,NULL,NULL,NULL,'pendiente','2025-12-10 20:27:59','2025-12-10 20:27:59',NULL,0),(235013,'ETQ2512108','ETQ2512108.01',6305,NULL,NULL,NULL,NULL,NULL,NULL,NULL,NULL,NULL,NULL,'TRANS INF-11',NULL,NULL,22.02,NULL,NULL,NULL,NULL,NULL,NULL,'pendiente','2025-12-10 20:27:59','2025-12-10 20:28:00',NULL,0),(235014,'ETQ2512108','ETQ2512108.02',6305,NULL,NULL,NULL,NULL,NULL,NULL,NULL,NULL,NULL,NULL,'TRANS INF-11',NULL,NULL,14.87,NULL,NULL,NULL,NULL,NULL,NULL,'pendiente','2025-12-10 20:28:00','2025-12-10 20:28:00',NULL,0),(235015,'ETQ2512109','ETQ2512109.01',6305,NULL,NULL,NULL,NULL,NULL,NULL,NULL,NULL,NULL,NULL,'TRANS INF-12',NULL,NULL,14.02,NULL,NULL,NULL,NULL,NULL,NULL,'pendiente','2025-12-10 20:28:00','2025-12-10 20:28:00',NULL,0),(235016,'ETQ2512110',NULL,6306,NULL,NULL,NULL,NULL,NULL,NULL,NULL,NULL,NULL,NULL,'LONG SUP-10',NULL,NULL,85.50,NULL,NULL,NULL,NULL,NULL,NULL,'pendiente','2025-12-10 20:28:00','2025-12-10 20:28:00','2025-12-10 20:28:00',0),(235017,'ETQ2512110','ETQ2512110.01',6306,NULL,NULL,NULL,NULL,NULL,NULL,NULL,NULL,NULL,NULL,'LONG SUP-10',NULL,NULL,73.32,NULL,NULL,NULL,NULL,NULL,NULL,'pendiente','2025-12-10 20:28:00','2025-12-10 20:28:00',NULL,0),(235018,'ETQ2512110','ETQ2512110.02',6306,NULL,NULL,NULL,NULL,NULL,NULL,NULL,NULL,NULL,NULL,'LONG SUP-10',NULL,NULL,12.18,NULL,NULL,NULL,NULL,NULL,NULL,'pendiente','2025-12-10 20:28:00','2025-12-10 20:28:00',NULL,0),(235019,'ETQ2512111',NULL,6307,NULL,NULL,NULL,NULL,NULL,NULL,NULL,NULL,NULL,NULL,'TRANS SUP-9',NULL,NULL,26.78,NULL,NULL,NULL,NULL,NULL,NULL,'pendiente','2025-12-10 20:28:00','2025-12-10 20:28:00','2025-12-10 20:28:00',0),(235020,'ETQ2512112',NULL,6307,NULL,NULL,NULL,NULL,NULL,NULL,NULL,NULL,NULL,NULL,'TRANS SUP-10',NULL,NULL,26.78,NULL,NULL,NULL,NULL,NULL,NULL,'pendiente','2025-12-10 20:28:00','2025-12-10 20:28:00','2025-12-10 20:28:00',0),(235021,'ETQ2512113',NULL,6307,NULL,NULL,NULL,NULL,NULL,NULL,NULL,NULL,NULL,NULL,'TRANS SUP-11',NULL,NULL,26.01,NULL,NULL,NULL,NULL,NULL,NULL,'pendiente','2025-12-10 20:28:00','2025-12-10 20:28:00','2025-12-10 20:28:00',0),(235022,'ETQ2512114',NULL,6307,NULL,NULL,NULL,NULL,NULL,NULL,NULL,NULL,NULL,NULL,'TRANS SUP-12',NULL,NULL,10.51,NULL,NULL,NULL,NULL,NULL,NULL,'pendiente','2025-12-10 20:28:00','2025-12-10 20:28:00','2025-12-10 20:28:00',0),(235023,'ETQ2512111','ETQ2512111.01',6307,NULL,NULL,NULL,NULL,NULL,NULL,NULL,NULL,NULL,NULL,'TRANS SUP-9',NULL,NULL,26.78,NULL,NULL,NULL,NULL,NULL,NULL,'pendiente','2025-12-10 20:28:00','2025-12-10 20:28:00',NULL,0),(235024,'ETQ2512112','ETQ2512112.01',6307,NULL,NULL,NULL,NULL,NULL,NULL,NULL,NULL,NULL,NULL,'TRANS SUP-10',NULL,NULL,26.78,NULL,NULL,NULL,NULL,NULL,NULL,'pendiente','2025-12-10 20:28:00','2025-12-10 20:28:00',NULL,0),(235025,'ETQ2512113','ETQ2512113.01',6307,NULL,NULL,NULL,NULL,NULL,NULL,NULL,NULL,NULL,NULL,'TRANS SUP-11',NULL,NULL,15.30,NULL,NULL,NULL,NULL,NULL,NULL,'pendiente','2025-12-10 20:28:00','2025-12-10 20:28:00',NULL,0),(235026,'ETQ2512113','ETQ2512113.02',6307,NULL,NULL,NULL,NULL,NULL,NULL,NULL,NULL,NULL,NULL,'TRANS SUP-11',NULL,NULL,10.71,NULL,NULL,NULL,NULL,NULL,NULL,'pendiente','2025-12-10 20:28:00','2025-12-10 20:28:00',NULL,0),(235027,'ETQ2512114','ETQ2512114.01',6307,NULL,NULL,NULL,NULL,NULL,NULL,NULL,NULL,NULL,NULL,'TRANS SUP-12',NULL,NULL,10.51,NULL,NULL,NULL,NULL,NULL,NULL,'pendiente','2025-12-10 20:28:00','2025-12-10 20:28:00',NULL,0),(235028,'ETQ2512115',NULL,6308,NULL,NULL,NULL,NULL,NULL,NULL,NULL,NULL,NULL,NULL,'Inf Abaco P5',NULL,NULL,6.79,NULL,NULL,NULL,NULL,NULL,NULL,'pendiente','2025-12-10 20:28:00','2025-12-10 20:28:04','2025-12-10 20:28:04',0),(235029,'ETQ2512116',NULL,6308,NULL,NULL,NULL,NULL,NULL,NULL,NULL,NULL,NULL,NULL,'Inf Abaco P6',NULL,NULL,9.84,NULL,NULL,NULL,NULL,NULL,NULL,'pendiente','2025-12-10 20:28:00','2025-12-10 20:28:04','2025-12-10 20:28:04',0),(235030,'ETQ2512117',NULL,6308,NULL,NULL,NULL,NULL,NULL,NULL,NULL,NULL,NULL,NULL,'Inf Abaco P7',NULL,NULL,5.21,NULL,NULL,NULL,NULL,NULL,NULL,'pendiente','2025-12-10 20:28:00','2025-12-10 20:28:04','2025-12-10 20:28:04',0),(235031,'ETQ2512118',NULL,6308,NULL,NULL,NULL,NULL,NULL,NULL,NULL,NULL,NULL,NULL,'Inf Abaco P9',NULL,NULL,8.65,NULL,NULL,NULL,NULL,NULL,NULL,'pendiente','2025-12-10 20:28:00','2025-12-10 20:28:04','2025-12-10 20:28:04',0),(235032,'ETQ2512119',NULL,6308,NULL,NULL,NULL,NULL,NULL,NULL,NULL,NULL,NULL,NULL,'Inf Abaco P10',NULL,NULL,17.29,NULL,NULL,NULL,NULL,NULL,NULL,'pendiente','2025-12-10 20:28:00','2025-12-10 20:28:04','2025-12-10 20:28:04',0),(235033,'ETQ2512120',NULL,6308,NULL,NULL,NULL,NULL,NULL,NULL,NULL,NULL,NULL,NULL,'Inf Abaco P11',NULL,NULL,17.79,NULL,NULL,NULL,NULL,NULL,NULL,'pendiente','2025-12-10 20:28:00','2025-12-10 20:28:04','2025-12-10 20:28:04',0),(235034,'ETQ2512121',NULL,6308,NULL,NULL,NULL,NULL,NULL,NULL,NULL,NULL,NULL,NULL,'Inf Abaco P12',NULL,NULL,14.74,NULL,NULL,NULL,NULL,NULL,NULL,'pendiente','2025-12-10 20:28:00','2025-12-10 20:28:04','2025-12-10 20:28:04',0),(235035,'ETQ2512122',NULL,6308,NULL,NULL,NULL,NULL,NULL,NULL,NULL,NULL,NULL,NULL,'Inf Abaco P13',NULL,NULL,2.98,NULL,NULL,NULL,NULL,NULL,NULL,'pendiente','2025-12-10 20:28:00','2025-12-10 20:28:04','2025-12-10 20:28:04',0),(235036,'ETQ2512123',NULL,6308,NULL,NULL,NULL,NULL,NULL,NULL,NULL,NULL,NULL,NULL,'Inf Abaco P15',NULL,NULL,8.65,NULL,NULL,NULL,NULL,NULL,NULL,'pendiente','2025-12-10 20:28:00','2025-12-10 20:28:04','2025-12-10 20:28:04',0),(235037,'ETQ2512124',NULL,6308,NULL,NULL,NULL,NULL,NULL,NULL,NULL,NULL,NULL,NULL,'Inf Abaco P16',NULL,NULL,17.29,NULL,NULL,NULL,NULL,NULL,NULL,'pendiente','2025-12-10 20:28:00','2025-12-10 20:28:04','2025-12-10 20:28:04',0),(235038,'ETQ2512125',NULL,6308,NULL,NULL,NULL,NULL,NULL,NULL,NULL,NULL,NULL,NULL,'Inf Abaco P17',NULL,NULL,15.03,NULL,NULL,NULL,NULL,NULL,NULL,'pendiente','2025-12-10 20:28:00','2025-12-10 20:28:04','2025-12-10 20:28:04',0),(235039,'ETQ2512126',NULL,6308,NULL,NULL,NULL,NULL,NULL,NULL,NULL,NULL,NULL,NULL,'Inf Abaco P18',NULL,NULL,16.52,NULL,NULL,NULL,NULL,NULL,NULL,'pendiente','2025-12-10 20:28:00','2025-12-10 20:28:04','2025-12-10 20:28:04',0),(235040,'ETQ2512127',NULL,6308,NULL,NULL,NULL,NULL,NULL,NULL,NULL,NULL,NULL,NULL,'Inf Abaco P19',NULL,NULL,7.34,NULL,NULL,NULL,NULL,NULL,NULL,'pendiente','2025-12-10 20:28:00','2025-12-10 20:28:04','2025-12-10 20:28:04',0),(235041,'ETQ2512128',NULL,6308,NULL,NULL,NULL,NULL,NULL,NULL,NULL,NULL,NULL,NULL,'Inf Abaco P21',NULL,NULL,7.58,NULL,NULL,NULL,NULL,NULL,NULL,'pendiente','2025-12-10 20:28:01','2025-12-10 20:28:04','2025-12-10 20:28:04',0),(235042,'ETQ2512129',NULL,6308,NULL,NULL,NULL,NULL,NULL,NULL,NULL,NULL,NULL,NULL,'Inf Abaco P22',NULL,NULL,15.66,NULL,NULL,NULL,NULL,NULL,NULL,'pendiente','2025-12-10 20:28:01','2025-12-10 20:28:04','2025-12-10 20:28:04',0),(235043,'ETQ2512130',NULL,6308,NULL,NULL,NULL,NULL,NULL,NULL,NULL,NULL,NULL,NULL,'Inf Abaco P24',NULL,NULL,7.54,NULL,NULL,NULL,NULL,NULL,NULL,'pendiente','2025-12-10 20:28:01','2025-12-10 20:28:04','2025-12-10 20:28:04',0),(235044,'ETQ2512131',NULL,6308,NULL,NULL,NULL,NULL,NULL,NULL,NULL,NULL,NULL,NULL,'Inf Abaco P25',NULL,NULL,24.17,NULL,NULL,NULL,NULL,NULL,NULL,'pendiente','2025-12-10 20:28:01','2025-12-10 20:28:04','2025-12-10 20:28:04',0),(235045,'ETQ2512132',NULL,6308,NULL,NULL,NULL,NULL,NULL,NULL,NULL,NULL,NULL,NULL,'Inf Abaco P27',NULL,NULL,2.80,NULL,NULL,NULL,NULL,NULL,NULL,'pendiente','2025-12-10 20:28:01','2025-12-10 20:28:04','2025-12-10 20:28:04',0),(235046,'ETQ2512133',NULL,6308,NULL,NULL,NULL,NULL,NULL,NULL,NULL,NULL,NULL,NULL,'Inf Abaco P28',NULL,NULL,7.18,NULL,NULL,NULL,NULL,NULL,NULL,'pendiente','2025-12-10 20:28:01','2025-12-10 20:28:04','2025-12-10 20:28:04',0),(235047,'ETQ2512134',NULL,6308,NULL,NULL,NULL,NULL,NULL,NULL,NULL,NULL,NULL,NULL,'Inf Abaco P29',NULL,NULL,15.03,NULL,NULL,NULL,NULL,NULL,NULL,'pendiente','2025-12-10 20:28:01','2025-12-10 20:28:04','2025-12-10 20:28:04',0),(235048,'ETQ2512135',NULL,6308,NULL,NULL,NULL,NULL,NULL,NULL,NULL,NULL,NULL,NULL,'Inf Abaco P30',NULL,NULL,13.19,NULL,NULL,NULL,NULL,NULL,NULL,'pendiente','2025-12-10 20:28:01','2025-12-10 20:28:04','2025-12-10 20:28:04',0),(235049,'ETQ2512136',NULL,6308,NULL,NULL,NULL,NULL,NULL,NULL,NULL,NULL,NULL,NULL,'Inf Abaco P31',NULL,NULL,6.88,NULL,NULL,NULL,NULL,NULL,NULL,'pendiente','2025-12-10 20:28:01','2025-12-10 20:28:04','2025-12-10 20:28:04',0),(235050,'ETQ2512137',NULL,6308,NULL,NULL,NULL,NULL,NULL,NULL,NULL,NULL,NULL,NULL,'Inf Abaco P32',NULL,NULL,6.88,NULL,NULL,NULL,NULL,NULL,NULL,'pendiente','2025-12-10 20:28:01','2025-12-10 20:28:04','2025-12-10 20:28:04',0),(235051,'ETQ2512138',NULL,6308,NULL,NULL,NULL,NULL,NULL,NULL,NULL,NULL,NULL,NULL,'Inf Abaco P33',NULL,NULL,2.92,NULL,NULL,NULL,NULL,NULL,NULL,'pendiente','2025-12-10 20:28:01','2025-12-10 20:28:04','2025-12-10 20:28:04',0),(235052,'ETQ2512139',NULL,6308,NULL,NULL,NULL,NULL,NULL,NULL,NULL,NULL,NULL,NULL,'Inf Abaco PA1',NULL,NULL,36.82,NULL,NULL,NULL,NULL,NULL,NULL,'pendiente','2025-12-10 20:28:01','2025-12-10 20:28:04','2025-12-10 20:28:04',0),(235053,'ETQ2512115','ETQ2512115.01',6308,NULL,NULL,NULL,NULL,NULL,NULL,NULL,NULL,NULL,NULL,'Inf Abaco P5',NULL,NULL,3.37,NULL,NULL,NULL,NULL,NULL,NULL,'pendiente','2025-12-10 20:28:01','2025-12-10 20:28:01',NULL,0),(235054,'ETQ2512115','ETQ2512115.02',6308,NULL,NULL,NULL,NULL,NULL,NULL,NULL,NULL,NULL,NULL,'Inf Abaco P5',NULL,NULL,3.42,NULL,NULL,NULL,NULL,NULL,NULL,'pendiente','2025-12-10 20:28:01','2025-12-10 20:28:01',NULL,0),(235055,'ETQ2512116','ETQ2512116.01',6308,NULL,NULL,NULL,NULL,NULL,NULL,NULL,NULL,NULL,NULL,'Inf Abaco P6',NULL,NULL,9.84,NULL,NULL,NULL,NULL,NULL,NULL,'pendiente','2025-12-10 20:28:01','2025-12-10 20:28:01',NULL,0),(235056,'ETQ2512117','ETQ2512117.01',6308,NULL,NULL,NULL,NULL,NULL,NULL,NULL,NULL,NULL,NULL,'Inf Abaco P7',NULL,NULL,2.91,NULL,NULL,NULL,NULL,NULL,NULL,'pendiente','2025-12-10 20:28:01','2025-12-10 20:28:01',NULL,0),(235057,'ETQ2512117','ETQ2512117.02',6308,NULL,NULL,NULL,NULL,NULL,NULL,NULL,NULL,NULL,NULL,'Inf Abaco P7',NULL,NULL,2.30,NULL,NULL,NULL,NULL,NULL,NULL,'pendiente','2025-12-10 20:28:01','2025-12-10 20:28:01',NULL,0),(235058,'ETQ2512118','ETQ2512118.01',6308,NULL,NULL,NULL,NULL,NULL,NULL,NULL,NULL,NULL,NULL,'Inf Abaco P9',NULL,NULL,8.65,NULL,NULL,NULL,NULL,NULL,NULL,'pendiente','2025-12-10 20:28:01','2025-12-10 20:28:01',NULL,0),(235059,'ETQ2512119','ETQ2512119.01',6308,NULL,NULL,NULL,NULL,NULL,NULL,NULL,NULL,NULL,NULL,'Inf Abaco P10',NULL,NULL,8.95,NULL,NULL,NULL,NULL,NULL,NULL,'pendiente','2025-12-10 20:28:01','2025-12-10 20:28:02',NULL,0),(235060,'ETQ2512119','ETQ2512119.02',6308,NULL,NULL,NULL,NULL,NULL,NULL,NULL,NULL,NULL,NULL,'Inf Abaco P10',NULL,NULL,8.34,NULL,NULL,NULL,NULL,NULL,NULL,'pendiente','2025-12-10 20:28:02','2025-12-10 20:28:02',NULL,0),(235061,'ETQ2512120','ETQ2512120.01',6308,NULL,NULL,NULL,NULL,NULL,NULL,NULL,NULL,NULL,NULL,'Inf Abaco P11',NULL,NULL,17.79,NULL,NULL,NULL,NULL,NULL,NULL,'pendiente','2025-12-10 20:28:02','2025-12-10 20:28:02',NULL,0),(235062,'ETQ2512121','ETQ2512121.01',6308,NULL,NULL,NULL,NULL,NULL,NULL,NULL,NULL,NULL,NULL,'Inf Abaco P12',NULL,NULL,7.39,NULL,NULL,NULL,NULL,NULL,NULL,'pendiente','2025-12-10 20:28:02','2025-12-10 20:28:02',NULL,0),(235063,'ETQ2512121','ETQ2512121.02',6308,NULL,NULL,NULL,NULL,NULL,NULL,NULL,NULL,NULL,NULL,'Inf Abaco P12',NULL,NULL,7.35,NULL,NULL,NULL,NULL,NULL,NULL,'pendiente','2025-12-10 20:28:02','2025-12-10 20:28:02',NULL,0),(235064,'ETQ2512122','ETQ2512122.01',6308,NULL,NULL,NULL,NULL,NULL,NULL,NULL,NULL,NULL,NULL,'Inf Abaco P13',NULL,NULL,2.98,NULL,NULL,NULL,NULL,NULL,NULL,'pendiente','2025-12-10 20:28:02','2025-12-10 20:28:02',NULL,0),(235065,'ETQ2512123','ETQ2512123.01',6308,NULL,NULL,NULL,NULL,NULL,NULL,NULL,NULL,NULL,NULL,'Inf Abaco P15',NULL,NULL,4.48,NULL,NULL,NULL,NULL,NULL,NULL,'pendiente','2025-12-10 20:28:02','2025-12-10 20:28:02',NULL,0),(235066,'ETQ2512123','ETQ2512123.02',6308,NULL,NULL,NULL,NULL,NULL,NULL,NULL,NULL,NULL,NULL,'Inf Abaco P15',NULL,NULL,4.17,NULL,NULL,NULL,NULL,NULL,NULL,'pendiente','2025-12-10 20:28:02','2025-12-10 20:28:02',NULL,0),(235067,'ETQ2512124','ETQ2512124.01',6308,NULL,NULL,NULL,NULL,NULL,NULL,NULL,NULL,NULL,NULL,'Inf Abaco P16',NULL,NULL,17.29,NULL,NULL,NULL,NULL,NULL,NULL,'pendiente','2025-12-10 20:28:02','2025-12-10 20:28:02',NULL,0),(235068,'ETQ2512125','ETQ2512125.01',6308,NULL,NULL,NULL,NULL,NULL,NULL,NULL,NULL,NULL,NULL,'Inf Abaco P17',NULL,NULL,15.03,NULL,NULL,NULL,NULL,NULL,NULL,'pendiente','2025-12-10 20:28:02','2025-12-10 20:28:02',NULL,0),(235069,'ETQ2512126','ETQ2512126.01',6308,NULL,NULL,NULL,NULL,NULL,NULL,NULL,NULL,NULL,NULL,'Inf Abaco P18',NULL,NULL,16.52,NULL,NULL,NULL,NULL,NULL,NULL,'pendiente','2025-12-10 20:28:02','2025-12-10 20:28:02',NULL,0),(235070,'ETQ2512127','ETQ2512127.01',6308,NULL,NULL,NULL,NULL,NULL,NULL,NULL,NULL,NULL,NULL,'Inf Abaco P19',NULL,NULL,2.98,NULL,NULL,NULL,NULL,NULL,NULL,'pendiente','2025-12-10 20:28:02','2025-12-10 20:28:03',NULL,0),(235071,'ETQ2512127','ETQ2512127.02',6308,NULL,NULL,NULL,NULL,NULL,NULL,NULL,NULL,NULL,NULL,'Inf Abaco P19',NULL,NULL,4.36,NULL,NULL,NULL,NULL,NULL,NULL,'pendiente','2025-12-10 20:28:03','2025-12-10 20:28:03',NULL,0),(235072,'ETQ2512128','ETQ2512128.01',6308,NULL,NULL,NULL,NULL,NULL,NULL,NULL,NULL,NULL,NULL,'Inf Abaco P21',NULL,NULL,4.26,NULL,NULL,NULL,NULL,NULL,NULL,'pendiente','2025-12-10 20:28:03','2025-12-10 20:28:03',NULL,0),(235073,'ETQ2512128','ETQ2512128.02',6308,NULL,NULL,NULL,NULL,NULL,NULL,NULL,NULL,NULL,NULL,'Inf Abaco P21',NULL,NULL,3.32,NULL,NULL,NULL,NULL,NULL,NULL,'pendiente','2025-12-10 20:28:03','2025-12-10 20:28:03',NULL,0),(235074,'ETQ2512129','ETQ2512129.01',6308,NULL,NULL,NULL,NULL,NULL,NULL,NULL,NULL,NULL,NULL,'Inf Abaco P22',NULL,NULL,12.28,NULL,NULL,NULL,NULL,NULL,NULL,'pendiente','2025-12-10 20:28:03','2025-12-10 20:28:03',NULL,0),(235075,'ETQ2512129','ETQ2512129.02',6308,NULL,NULL,NULL,NULL,NULL,NULL,NULL,NULL,NULL,NULL,'Inf Abaco P22',NULL,NULL,3.38,NULL,NULL,NULL,NULL,NULL,NULL,'pendiente','2025-12-10 20:28:03','2025-12-10 20:28:03',NULL,0),(235076,'ETQ2512130','ETQ2512130.01',6308,NULL,NULL,NULL,NULL,NULL,NULL,NULL,NULL,NULL,NULL,'Inf Abaco P24',NULL,NULL,7.54,NULL,NULL,NULL,NULL,NULL,NULL,'pendiente','2025-12-10 20:28:03','2025-12-10 20:28:03',NULL,0),(235077,'ETQ2512131','ETQ2512131.01',6308,NULL,NULL,NULL,NULL,NULL,NULL,NULL,NULL,NULL,NULL,'Inf Abaco P25',NULL,NULL,12.23,NULL,NULL,NULL,NULL,NULL,NULL,'pendiente','2025-12-10 20:28:03','2025-12-10 20:28:03',NULL,0),(235078,'ETQ2512131','ETQ2512131.02',6308,NULL,NULL,NULL,NULL,NULL,NULL,NULL,NULL,NULL,NULL,'Inf Abaco P25',NULL,NULL,11.94,NULL,NULL,NULL,NULL,NULL,NULL,'pendiente','2025-12-10 20:28:03','2025-12-10 20:28:03',NULL,0),(235079,'ETQ2512132','ETQ2512132.01',6308,NULL,NULL,NULL,NULL,NULL,NULL,NULL,NULL,NULL,NULL,'Inf Abaco P27',NULL,NULL,1.47,NULL,NULL,NULL,NULL,NULL,NULL,'pendiente','2025-12-10 20:28:03','2025-12-10 20:28:03',NULL,0),(235080,'ETQ2512132','ETQ2512132.02',6308,NULL,NULL,NULL,NULL,NULL,NULL,NULL,NULL,NULL,NULL,'Inf Abaco P27',NULL,NULL,1.33,NULL,NULL,NULL,NULL,NULL,NULL,'pendiente','2025-12-10 20:28:03','2025-12-10 20:28:03',NULL,0),(235081,'ETQ2512133','ETQ2512133.01',6308,NULL,NULL,NULL,NULL,NULL,NULL,NULL,NULL,NULL,NULL,'Inf Abaco P28',NULL,NULL,7.18,NULL,NULL,NULL,NULL,NULL,NULL,'pendiente','2025-12-10 20:28:03','2025-12-10 20:28:03',NULL,0),(235082,'ETQ2512134','ETQ2512134.01',6308,NULL,NULL,NULL,NULL,NULL,NULL,NULL,NULL,NULL,NULL,'Inf Abaco P29',NULL,NULL,15.03,NULL,NULL,NULL,NULL,NULL,NULL,'pendiente','2025-12-10 20:28:04','2025-12-10 20:28:04',NULL,0),(235083,'ETQ2512135','ETQ2512135.01',6308,NULL,NULL,NULL,NULL,NULL,NULL,NULL,NULL,NULL,NULL,'Inf Abaco P30',NULL,NULL,11.49,NULL,NULL,NULL,NULL,NULL,NULL,'pendiente','2025-12-10 20:28:04','2025-12-10 20:28:04',NULL,0),(235084,'ETQ2512135','ETQ2512135.02',6308,NULL,NULL,NULL,NULL,NULL,NULL,NULL,NULL,NULL,NULL,'Inf Abaco P30',NULL,NULL,1.70,NULL,NULL,NULL,NULL,NULL,NULL,'pendiente','2025-12-10 20:28:04','2025-12-10 20:28:04',NULL,0),(235085,'ETQ2512136','ETQ2512136.01',6308,NULL,NULL,NULL,NULL,NULL,NULL,NULL,NULL,NULL,NULL,'Inf Abaco P31',NULL,NULL,2.52,NULL,NULL,NULL,NULL,NULL,NULL,'pendiente','2025-12-10 20:28:04','2025-12-10 20:28:04',NULL,0),(235086,'ETQ2512136','ETQ2512136.02',6308,NULL,NULL,NULL,NULL,NULL,NULL,NULL,NULL,NULL,NULL,'Inf Abaco P31',NULL,NULL,4.36,NULL,NULL,NULL,NULL,NULL,NULL,'pendiente','2025-12-10 20:28:04','2025-12-10 20:28:04',NULL,0),(235087,'ETQ2512137','ETQ2512137.01',6308,NULL,NULL,NULL,NULL,NULL,NULL,NULL,NULL,NULL,NULL,'Inf Abaco P32',NULL,NULL,2.52,NULL,NULL,NULL,NULL,NULL,NULL,'pendiente','2025-12-10 20:28:04','2025-12-10 20:28:04',NULL,0),(235088,'ETQ2512137','ETQ2512137.02',6308,NULL,NULL,NULL,NULL,NULL,NULL,NULL,NULL,NULL,NULL,'Inf Abaco P32',NULL,NULL,4.36,NULL,NULL,NULL,NULL,NULL,NULL,'pendiente','2025-12-10 20:28:04','2025-12-10 20:28:04',NULL,0),(235089,'ETQ2512138','ETQ2512138.01',6308,NULL,NULL,NULL,NULL,NULL,NULL,NULL,NULL,NULL,NULL,'Inf Abaco P33',NULL,NULL,2.92,NULL,NULL,NULL,NULL,NULL,NULL,'pendiente','2025-12-10 20:28:04','2025-12-10 20:28:04',NULL,0),(235090,'ETQ2512139','ETQ2512139.01',6308,NULL,NULL,NULL,NULL,NULL,NULL,NULL,NULL,NULL,NULL,'Inf Abaco PA1',NULL,NULL,18.83,NULL,NULL,NULL,NULL,NULL,NULL,'pendiente','2025-12-10 20:28:04','2025-12-10 20:28:04',NULL,0),(235091,'ETQ2512139','ETQ2512139.02',6308,NULL,NULL,NULL,NULL,NULL,NULL,NULL,NULL,NULL,NULL,'Inf Abaco PA1',NULL,NULL,17.99,NULL,NULL,NULL,NULL,NULL,NULL,'pendiente','2025-12-10 20:28:04','2025-12-10 20:28:04',NULL,0),(235092,'ETQ2512140',NULL,6309,NULL,NULL,NULL,NULL,NULL,NULL,NULL,NULL,NULL,NULL,'Sup Abaco P5',NULL,NULL,12.65,NULL,NULL,NULL,NULL,NULL,NULL,'pendiente','2025-12-10 20:28:05','2025-12-10 20:28:09','2025-12-10 20:28:09',0),(235093,'ETQ2512141',NULL,6309,NULL,NULL,NULL,NULL,NULL,NULL,NULL,NULL,NULL,NULL,'Sup Abaco P6',NULL,NULL,18.42,NULL,NULL,NULL,NULL,NULL,NULL,'pendiente','2025-12-10 20:28:05','2025-12-10 20:28:09','2025-12-10 20:28:09',0),(235094,'ETQ2512142',NULL,6309,NULL,NULL,NULL,NULL,NULL,NULL,NULL,NULL,NULL,NULL,'Sup Abaco P7',NULL,NULL,9.96,NULL,NULL,NULL,NULL,NULL,NULL,'pendiente','2025-12-10 20:28:05','2025-12-10 20:28:09','2025-12-10 20:28:09',0),(235095,'ETQ2512143',NULL,6309,NULL,NULL,NULL,NULL,NULL,NULL,NULL,NULL,NULL,NULL,'Sup Abaco P9',NULL,NULL,16.30,NULL,NULL,NULL,NULL,NULL,NULL,'pendiente','2025-12-10 20:28:05','2025-12-10 20:28:09','2025-12-10 20:28:09',0),(235096,'ETQ2512144',NULL,6309,NULL,NULL,NULL,NULL,NULL,NULL,NULL,NULL,NULL,NULL,'Sup Abaco P10',NULL,NULL,30.39,NULL,NULL,NULL,NULL,NULL,NULL,'pendiente','2025-12-10 20:28:05','2025-12-10 20:28:09','2025-12-10 20:28:09',0),(235097,'ETQ2512145',NULL,6309,NULL,NULL,NULL,NULL,NULL,NULL,NULL,NULL,NULL,NULL,'Sup Abaco P11',NULL,NULL,31.57,NULL,NULL,NULL,NULL,NULL,NULL,'pendiente','2025-12-10 20:28:05','2025-12-10 20:28:09','2025-12-10 20:28:09',0),(235098,'ETQ2512146',NULL,6309,NULL,NULL,NULL,NULL,NULL,NULL,NULL,NULL,NULL,NULL,'Sup Abaco P12',NULL,NULL,26.88,NULL,NULL,NULL,NULL,NULL,NULL,'pendiente','2025-12-10 20:28:05','2025-12-10 20:28:09','2025-12-10 20:28:09',0),(235099,'ETQ2512147',NULL,6309,NULL,NULL,NULL,NULL,NULL,NULL,NULL,NULL,NULL,NULL,'Sup Abaco P13',NULL,NULL,5.95,NULL,NULL,NULL,NULL,NULL,NULL,'pendiente','2025-12-10 20:28:05','2025-12-10 20:28:09','2025-12-10 20:28:09',0),(235100,'ETQ2512148',NULL,6309,NULL,NULL,NULL,NULL,NULL,NULL,NULL,NULL,NULL,NULL,'Sup Abaco P15',NULL,NULL,16.30,NULL,NULL,NULL,NULL,NULL,NULL,'pendiente','2025-12-10 20:28:05','2025-12-10 20:28:09','2025-12-10 20:28:09',0),(235101,'ETQ2512149',NULL,6309,NULL,NULL,NULL,NULL,NULL,NULL,NULL,NULL,NULL,NULL,'Sup Abaco P16',NULL,NULL,30.39,NULL,NULL,NULL,NULL,NULL,NULL,'pendiente','2025-12-10 20:28:05','2025-12-10 20:28:09','2025-12-10 20:28:09',0),(235102,'ETQ2512150',NULL,6309,NULL,NULL,NULL,NULL,NULL,NULL,NULL,NULL,NULL,NULL,'Sup Abaco P17',NULL,NULL,26.68,NULL,NULL,NULL,NULL,NULL,NULL,'pendiente','2025-12-10 20:28:05','2025-12-10 20:28:09','2025-12-10 20:28:09',0),(235103,'ETQ2512151',NULL,6309,NULL,NULL,NULL,NULL,NULL,NULL,NULL,NULL,NULL,NULL,'Sup Abaco P18',NULL,NULL,29.29,NULL,NULL,NULL,NULL,NULL,NULL,'pendiente','2025-12-10 20:28:05','2025-12-10 20:28:09','2025-12-10 20:28:09',0),(235104,'ETQ2512152',NULL,6309,NULL,NULL,NULL,NULL,NULL,NULL,NULL,NULL,NULL,NULL,'Sup Abaco P19',NULL,NULL,13.96,NULL,NULL,NULL,NULL,NULL,NULL,'pendiente','2025-12-10 20:28:05','2025-12-10 20:28:09','2025-12-10 20:28:09',0),(235105,'ETQ2512153',NULL,6309,NULL,NULL,NULL,NULL,NULL,NULL,NULL,NULL,NULL,NULL,'Sup Abaco P21',NULL,NULL,15.29,NULL,NULL,NULL,NULL,NULL,NULL,'pendiente','2025-12-10 20:28:05','2025-12-10 20:28:09','2025-12-10 20:28:09',0),(235106,'ETQ2512154',NULL,6309,NULL,NULL,NULL,NULL,NULL,NULL,NULL,NULL,NULL,NULL,'Sup Abaco P22',NULL,NULL,28.31,NULL,NULL,NULL,NULL,NULL,NULL,'pendiente','2025-12-10 20:28:05','2025-12-10 20:28:09','2025-12-10 20:28:09',0),(235107,'ETQ2512155',NULL,6309,NULL,NULL,NULL,NULL,NULL,NULL,NULL,NULL,NULL,NULL,'Sup Abaco P24',NULL,NULL,14.15,NULL,NULL,NULL,NULL,NULL,NULL,'pendiente','2025-12-10 20:28:05','2025-12-10 20:28:09','2025-12-10 20:28:09',0),(235108,'ETQ2512156',NULL,6309,NULL,NULL,NULL,NULL,NULL,NULL,NULL,NULL,NULL,NULL,'Sup Abaco P25',NULL,NULL,41.66,NULL,NULL,NULL,NULL,NULL,NULL,'pendiente','2025-12-10 20:28:05','2025-12-10 20:28:09','2025-12-10 20:28:09',0),(235109,'ETQ2512157',NULL,6309,NULL,NULL,NULL,NULL,NULL,NULL,NULL,NULL,NULL,NULL,'Sup Abaco P27',NULL,NULL,5.67,NULL,NULL,NULL,NULL,NULL,NULL,'pendiente','2025-12-10 20:28:05','2025-12-10 20:28:09','2025-12-10 20:28:09',0),(235110,'ETQ2512158',NULL,6309,NULL,NULL,NULL,NULL,NULL,NULL,NULL,NULL,NULL,NULL,'Sup Abaco P28',NULL,NULL,13.73,NULL,NULL,NULL,NULL,NULL,NULL,'pendiente','2025-12-10 20:28:05','2025-12-10 20:28:09','2025-12-10 20:28:09',0),(235111,'ETQ2512159',NULL,6309,NULL,NULL,NULL,NULL,NULL,NULL,NULL,NULL,NULL,NULL,'Sup Abaco P29',NULL,NULL,26.68,NULL,NULL,NULL,NULL,NULL,NULL,'pendiente','2025-12-10 20:28:05','2025-12-10 20:28:09','2025-12-10 20:28:09',0),(235112,'ETQ2512160',NULL,6309,NULL,NULL,NULL,NULL,NULL,NULL,NULL,NULL,NULL,NULL,'Sup Abaco P30',NULL,NULL,24.58,NULL,NULL,NULL,NULL,NULL,NULL,'pendiente','2025-12-10 20:28:05','2025-12-10 20:28:09','2025-12-10 20:28:09',0),(235113,'ETQ2512161',NULL,6309,NULL,NULL,NULL,NULL,NULL,NULL,NULL,NULL,NULL,NULL,'Sup Abaco P31',NULL,NULL,13.30,NULL,NULL,NULL,NULL,NULL,NULL,'pendiente','2025-12-10 20:28:05','2025-12-10 20:28:09','2025-12-10 20:28:09',0),(235114,'ETQ2512162',NULL,6309,NULL,NULL,NULL,NULL,NULL,NULL,NULL,NULL,NULL,NULL,'Sup Abaco P32',NULL,NULL,13.30,NULL,NULL,NULL,NULL,NULL,NULL,'pendiente','2025-12-10 20:28:05','2025-12-10 20:28:09','2025-12-10 20:28:09',0),(235115,'ETQ2512163',NULL,6309,NULL,NULL,NULL,NULL,NULL,NULL,NULL,NULL,NULL,NULL,'Sup Abaco P33',NULL,NULL,5.86,NULL,NULL,NULL,NULL,NULL,NULL,'pendiente','2025-12-10 20:28:05','2025-12-10 20:28:09','2025-12-10 20:28:09',0),(235116,'ETQ2512164',NULL,6309,NULL,NULL,NULL,NULL,NULL,NULL,NULL,NULL,NULL,NULL,'Sup Abaco PA1',NULL,NULL,67.41,NULL,NULL,NULL,NULL,NULL,NULL,'pendiente','2025-12-10 20:28:05','2025-12-10 20:28:09','2025-12-10 20:28:09',0),(235117,'ETQ2512140','ETQ2512140.01',6309,NULL,NULL,NULL,NULL,NULL,NULL,NULL,NULL,NULL,NULL,'Sup Abaco P5',NULL,NULL,12.65,NULL,NULL,NULL,NULL,NULL,NULL,'pendiente','2025-12-10 20:28:05','2025-12-10 20:28:05',NULL,0),(235118,'ETQ2512141','ETQ2512141.01',6309,NULL,NULL,NULL,NULL,NULL,NULL,NULL,NULL,NULL,NULL,'Sup Abaco P6',NULL,NULL,7.82,NULL,NULL,NULL,NULL,NULL,NULL,'pendiente','2025-12-10 20:28:05','2025-12-10 20:28:05',NULL,0),(235119,'ETQ2512141','ETQ2512141.02',6309,NULL,NULL,NULL,NULL,NULL,NULL,NULL,NULL,NULL,NULL,'Sup Abaco P6',NULL,NULL,10.60,NULL,NULL,NULL,NULL,NULL,NULL,'pendiente','2025-12-10 20:28:05','2025-12-10 20:28:05',NULL,0),(235120,'ETQ2512142','ETQ2512142.01',6309,NULL,NULL,NULL,NULL,NULL,NULL,NULL,NULL,NULL,NULL,'Sup Abaco P7',NULL,NULL,9.96,NULL,NULL,NULL,NULL,NULL,NULL,'pendiente','2025-12-10 20:28:05','2025-12-10 20:28:05',NULL,0),(235121,'ETQ2512143','ETQ2512143.01',6309,NULL,NULL,NULL,NULL,NULL,NULL,NULL,NULL,NULL,NULL,'Sup Abaco P9',NULL,NULL,7.82,NULL,NULL,NULL,NULL,NULL,NULL,'pendiente','2025-12-10 20:28:05','2025-12-10 20:28:06',NULL,0),(235122,'ETQ2512143','ETQ2512143.02',6309,NULL,NULL,NULL,NULL,NULL,NULL,NULL,NULL,NULL,NULL,'Sup Abaco P9',NULL,NULL,8.48,NULL,NULL,NULL,NULL,NULL,NULL,'pendiente','2025-12-10 20:28:06','2025-12-10 20:28:06',NULL,0),(235123,'ETQ2512144','ETQ2512144.01',6309,NULL,NULL,NULL,NULL,NULL,NULL,NULL,NULL,NULL,NULL,'Sup Abaco P10',NULL,NULL,15.64,NULL,NULL,NULL,NULL,NULL,NULL,'pendiente','2025-12-10 20:28:06','2025-12-10 20:28:06',NULL,0),(235124,'ETQ2512144','ETQ2512144.02',6309,NULL,NULL,NULL,NULL,NULL,NULL,NULL,NULL,NULL,NULL,'Sup Abaco P10',NULL,NULL,14.75,NULL,NULL,NULL,NULL,NULL,NULL,'pendiente','2025-12-10 20:28:06','2025-12-10 20:28:06',NULL,0),(235125,'ETQ2512145','ETQ2512145.01',6309,NULL,NULL,NULL,NULL,NULL,NULL,NULL,NULL,NULL,NULL,'Sup Abaco P11',NULL,NULL,15.64,NULL,NULL,NULL,NULL,NULL,NULL,'pendiente','2025-12-10 20:28:06','2025-12-10 20:28:06',NULL,0),(235126,'ETQ2512145','ETQ2512145.02',6309,NULL,NULL,NULL,NULL,NULL,NULL,NULL,NULL,NULL,NULL,'Sup Abaco P11',NULL,NULL,15.93,NULL,NULL,NULL,NULL,NULL,NULL,'pendiente','2025-12-10 20:28:06','2025-12-10 20:28:06',NULL,0),(235127,'ETQ2512146','ETQ2512146.01',6309,NULL,NULL,NULL,NULL,NULL,NULL,NULL,NULL,NULL,NULL,'Sup Abaco P12',NULL,NULL,21.46,NULL,NULL,NULL,NULL,NULL,NULL,'pendiente','2025-12-10 20:28:06','2025-12-10 20:28:06',NULL,0),(235128,'ETQ2512146','ETQ2512146.02',6309,NULL,NULL,NULL,NULL,NULL,NULL,NULL,NULL,NULL,NULL,'Sup Abaco P12',NULL,NULL,5.42,NULL,NULL,NULL,NULL,NULL,NULL,'pendiente','2025-12-10 20:28:06','2025-12-10 20:28:06',NULL,0),(235129,'ETQ2512147','ETQ2512147.01',6309,NULL,NULL,NULL,NULL,NULL,NULL,NULL,NULL,NULL,NULL,'Sup Abaco P13',NULL,NULL,3.03,NULL,NULL,NULL,NULL,NULL,NULL,'pendiente','2025-12-10 20:28:06','2025-12-10 20:28:06',NULL,0),(235130,'ETQ2512147','ETQ2512147.02',6309,NULL,NULL,NULL,NULL,NULL,NULL,NULL,NULL,NULL,NULL,'Sup Abaco P13',NULL,NULL,2.92,NULL,NULL,NULL,NULL,NULL,NULL,'pendiente','2025-12-10 20:28:06','2025-12-10 20:28:06',NULL,0),(235131,'ETQ2512148','ETQ2512148.01',6309,NULL,NULL,NULL,NULL,NULL,NULL,NULL,NULL,NULL,NULL,'Sup Abaco P15',NULL,NULL,16.30,NULL,NULL,NULL,NULL,NULL,NULL,'pendiente','2025-12-10 20:28:06','2025-12-10 20:28:06',NULL,0),(235132,'ETQ2512149','ETQ2512149.01',6309,NULL,NULL,NULL,NULL,NULL,NULL,NULL,NULL,NULL,NULL,'Sup Abaco P16',NULL,NULL,15.64,NULL,NULL,NULL,NULL,NULL,NULL,'pendiente','2025-12-10 20:28:06','2025-12-10 20:28:07',NULL,0),(235133,'ETQ2512149','ETQ2512149.02',6309,NULL,NULL,NULL,NULL,NULL,NULL,NULL,NULL,NULL,NULL,'Sup Abaco P16',NULL,NULL,14.75,NULL,NULL,NULL,NULL,NULL,NULL,'pendiente','2025-12-10 20:28:07','2025-12-10 20:28:07',NULL,0),(235134,'ETQ2512150','ETQ2512150.01',6309,NULL,NULL,NULL,NULL,NULL,NULL,NULL,NULL,NULL,NULL,'Sup Abaco P17',NULL,NULL,13.03,NULL,NULL,NULL,NULL,NULL,NULL,'pendiente','2025-12-10 20:28:07','2025-12-10 20:28:07',NULL,0),(235135,'ETQ2512150','ETQ2512150.02',6309,NULL,NULL,NULL,NULL,NULL,NULL,NULL,NULL,NULL,NULL,'Sup Abaco P17',NULL,NULL,13.65,NULL,NULL,NULL,NULL,NULL,NULL,'pendiente','2025-12-10 20:28:07','2025-12-10 20:28:07',NULL,0),(235136,'ETQ2512151','ETQ2512151.01',6309,NULL,NULL,NULL,NULL,NULL,NULL,NULL,NULL,NULL,NULL,'Sup Abaco P18',NULL,NULL,29.29,NULL,NULL,NULL,NULL,NULL,NULL,'pendiente','2025-12-10 20:28:07','2025-12-10 20:28:07',NULL,0),(235137,'ETQ2512152','ETQ2512152.01',6309,NULL,NULL,NULL,NULL,NULL,NULL,NULL,NULL,NULL,NULL,'Sup Abaco P19',NULL,NULL,5.21,NULL,NULL,NULL,NULL,NULL,NULL,'pendiente','2025-12-10 20:28:07','2025-12-10 20:28:07',NULL,0),(235138,'ETQ2512152','ETQ2512152.02',6309,NULL,NULL,NULL,NULL,NULL,NULL,NULL,NULL,NULL,NULL,'Sup Abaco P19',NULL,NULL,8.75,NULL,NULL,NULL,NULL,NULL,NULL,'pendiente','2025-12-10 20:28:07','2025-12-10 20:28:07',NULL,0),(235139,'ETQ2512153','ETQ2512153.01',6309,NULL,NULL,NULL,NULL,NULL,NULL,NULL,NULL,NULL,NULL,'Sup Abaco P21',NULL,NULL,5.21,NULL,NULL,NULL,NULL,NULL,NULL,'pendiente','2025-12-10 20:28:07','2025-12-10 20:28:07',NULL,0),(235140,'ETQ2512153','ETQ2512153.02',6309,NULL,NULL,NULL,NULL,NULL,NULL,NULL,NULL,NULL,NULL,'Sup Abaco P21',NULL,NULL,10.08,NULL,NULL,NULL,NULL,NULL,NULL,'pendiente','2025-12-10 20:28:07','2025-12-10 20:28:07',NULL,0),(235141,'ETQ2512154','ETQ2512154.01',6309,NULL,NULL,NULL,NULL,NULL,NULL,NULL,NULL,NULL,NULL,'Sup Abaco P22',NULL,NULL,14.27,NULL,NULL,NULL,NULL,NULL,NULL,'pendiente','2025-12-10 20:28:07','2025-12-10 20:28:07',NULL,0),(235142,'ETQ2512154','ETQ2512154.02',6309,NULL,NULL,NULL,NULL,NULL,NULL,NULL,NULL,NULL,NULL,'Sup Abaco P22',NULL,NULL,14.04,NULL,NULL,NULL,NULL,NULL,NULL,'pendiente','2025-12-10 20:28:07','2025-12-10 20:28:07',NULL,0),(235143,'ETQ2512155','ETQ2512155.01',6309,NULL,NULL,NULL,NULL,NULL,NULL,NULL,NULL,NULL,NULL,'Sup Abaco P24',NULL,NULL,5.34,NULL,NULL,NULL,NULL,NULL,NULL,'pendiente','2025-12-10 20:28:07','2025-12-10 20:28:08',NULL,0),(235144,'ETQ2512155','ETQ2512155.02',6309,NULL,NULL,NULL,NULL,NULL,NULL,NULL,NULL,NULL,NULL,'Sup Abaco P24',NULL,NULL,8.81,NULL,NULL,NULL,NULL,NULL,NULL,'pendiente','2025-12-10 20:28:08','2025-12-10 20:28:08',NULL,0),(235145,'ETQ2512156','ETQ2512156.01',6309,NULL,NULL,NULL,NULL,NULL,NULL,NULL,NULL,NULL,NULL,'Sup Abaco P25',NULL,NULL,20.81,NULL,NULL,NULL,NULL,NULL,NULL,'pendiente','2025-12-10 20:28:08','2025-12-10 20:28:08',NULL,0),(235146,'ETQ2512156','ETQ2512156.02',6309,NULL,NULL,NULL,NULL,NULL,NULL,NULL,NULL,NULL,NULL,'Sup Abaco P25',NULL,NULL,20.85,NULL,NULL,NULL,NULL,NULL,NULL,'pendiente','2025-12-10 20:28:08','2025-12-10 20:28:08',NULL,0),(235147,'ETQ2512157','ETQ2512157.01',6309,NULL,NULL,NULL,NULL,NULL,NULL,NULL,NULL,NULL,NULL,'Sup Abaco P27',NULL,NULL,2.94,NULL,NULL,NULL,NULL,NULL,NULL,'pendiente','2025-12-10 20:28:08','2025-12-10 20:28:08',NULL,0),(235148,'ETQ2512157','ETQ2512157.02',6309,NULL,NULL,NULL,NULL,NULL,NULL,NULL,NULL,NULL,NULL,'Sup Abaco P27',NULL,NULL,2.73,NULL,NULL,NULL,NULL,NULL,NULL,'pendiente','2025-12-10 20:28:08','2025-12-10 20:28:08',NULL,0),(235149,'ETQ2512158','ETQ2512158.01',6309,NULL,NULL,NULL,NULL,NULL,NULL,NULL,NULL,NULL,NULL,'Sup Abaco P28',NULL,NULL,13.73,NULL,NULL,NULL,NULL,NULL,NULL,'pendiente','2025-12-10 20:28:08','2025-12-10 20:28:08',NULL,0),(235150,'ETQ2512159','ETQ2512159.01',6309,NULL,NULL,NULL,NULL,NULL,NULL,NULL,NULL,NULL,NULL,'Sup Abaco P29',NULL,NULL,13.03,NULL,NULL,NULL,NULL,NULL,NULL,'pendiente','2025-12-10 20:28:08','2025-12-10 20:28:08',NULL,0),(235151,'ETQ2512159','ETQ2512159.02',6309,NULL,NULL,NULL,NULL,NULL,NULL,NULL,NULL,NULL,NULL,'Sup Abaco P29',NULL,NULL,13.65,NULL,NULL,NULL,NULL,NULL,NULL,'pendiente','2025-12-10 20:28:08','2025-12-10 20:28:08',NULL,0),(235152,'ETQ2512160','ETQ2512160.01',6309,NULL,NULL,NULL,NULL,NULL,NULL,NULL,NULL,NULL,NULL,'Sup Abaco P30',NULL,NULL,15.94,NULL,NULL,NULL,NULL,NULL,NULL,'pendiente','2025-12-10 20:28:08','2025-12-10 20:28:08',NULL,0),(235153,'ETQ2512160','ETQ2512160.02',6309,NULL,NULL,NULL,NULL,NULL,NULL,NULL,NULL,NULL,NULL,'Sup Abaco P30',NULL,NULL,8.64,NULL,NULL,NULL,NULL,NULL,NULL,'pendiente','2025-12-10 20:28:08','2025-12-10 20:28:08',NULL,0),(235154,'ETQ2512161','ETQ2512161.01',6309,NULL,NULL,NULL,NULL,NULL,NULL,NULL,NULL,NULL,NULL,'Sup Abaco P31',NULL,NULL,4.55,NULL,NULL,NULL,NULL,NULL,NULL,'pendiente','2025-12-10 20:28:08','2025-12-10 20:28:09',NULL,0),(235155,'ETQ2512161','ETQ2512161.02',6309,NULL,NULL,NULL,NULL,NULL,NULL,NULL,NULL,NULL,NULL,'Sup Abaco P31',NULL,NULL,8.75,NULL,NULL,NULL,NULL,NULL,NULL,'pendiente','2025-12-10 20:28:09','2025-12-10 20:28:09',NULL,0),(235156,'ETQ2512162','ETQ2512162.01',6309,NULL,NULL,NULL,NULL,NULL,NULL,NULL,NULL,NULL,NULL,'Sup Abaco P32',NULL,NULL,13.30,NULL,NULL,NULL,NULL,NULL,NULL,'pendiente','2025-12-10 20:28:09','2025-12-10 20:28:09',NULL,0),(235157,'ETQ2512163','ETQ2512163.01',6309,NULL,NULL,NULL,NULL,NULL,NULL,NULL,NULL,NULL,NULL,'Sup Abaco P33',NULL,NULL,2.94,NULL,NULL,NULL,NULL,NULL,NULL,'pendiente','2025-12-10 20:28:09','2025-12-10 20:28:09',NULL,0),(235158,'ETQ2512163','ETQ2512163.02',6309,NULL,NULL,NULL,NULL,NULL,NULL,NULL,NULL,NULL,NULL,'Sup Abaco P33',NULL,NULL,2.92,NULL,NULL,NULL,NULL,NULL,NULL,'pendiente','2025-12-10 20:28:09','2025-12-10 20:28:09',NULL,0),(235159,'ETQ2512164','ETQ2512164.01',6309,NULL,NULL,NULL,NULL,NULL,NULL,NULL,NULL,NULL,NULL,'Sup Abaco PA1',NULL,NULL,41.99,NULL,NULL,NULL,NULL,NULL,NULL,'pendiente','2025-12-10 20:28:09','2025-12-10 20:28:09',NULL,0),(235160,'ETQ2512164','ETQ2512164.02',6309,NULL,NULL,NULL,NULL,NULL,NULL,NULL,NULL,NULL,NULL,'Sup Abaco PA1',NULL,NULL,22.48,NULL,NULL,NULL,NULL,NULL,NULL,'pendiente','2025-12-10 20:28:09','2025-12-10 20:28:09',NULL,0),(235161,'ETQ2512164','ETQ2512164.03',6309,NULL,NULL,NULL,NULL,NULL,NULL,NULL,NULL,NULL,NULL,'Sup Abaco PA1',NULL,NULL,2.94,NULL,NULL,NULL,NULL,NULL,NULL,'pendiente','2025-12-10 20:28:09','2025-12-10 20:28:09',NULL,0),(235162,'ETQ2512165',NULL,6310,NULL,NULL,NULL,NULL,NULL,NULL,NULL,NULL,NULL,NULL,'Inf Abaco P3',NULL,NULL,6.95,NULL,NULL,NULL,NULL,NULL,NULL,'pendiente','2025-12-10 20:28:09','2025-12-10 20:28:11','2025-12-10 20:28:11',0),(235163,'ETQ2512166',NULL,6310,NULL,NULL,NULL,NULL,NULL,NULL,NULL,NULL,NULL,NULL,'Inf Abaco P4',NULL,NULL,8.44,NULL,NULL,NULL,NULL,NULL,NULL,'pendiente','2025-12-10 20:28:09','2025-12-10 20:28:11','2025-12-10 20:28:11',0),(235164,'ETQ2512167',NULL,6310,NULL,NULL,NULL,NULL,NULL,NULL,NULL,NULL,NULL,NULL,'Inf Abaco P8',NULL,NULL,9.45,NULL,NULL,NULL,NULL,NULL,NULL,'pendiente','2025-12-10 20:28:09','2025-12-10 20:28:11','2025-12-10 20:28:11',0),(235165,'ETQ2512168',NULL,6310,NULL,NULL,NULL,NULL,NULL,NULL,NULL,NULL,NULL,NULL,'Inf Abaco P9',NULL,NULL,8.65,NULL,NULL,NULL,NULL,NULL,NULL,'pendiente','2025-12-10 20:28:09','2025-12-10 20:28:11','2025-12-10 20:28:11',0),(235166,'ETQ2512169',NULL,6310,NULL,NULL,NULL,NULL,NULL,NULL,NULL,NULL,NULL,NULL,'Inf Abaco P14',NULL,NULL,9.45,NULL,NULL,NULL,NULL,NULL,NULL,'pendiente','2025-12-10 20:28:09','2025-12-10 20:28:11','2025-12-10 20:28:11',0),(235167,'ETQ2512170',NULL,6310,NULL,NULL,NULL,NULL,NULL,NULL,NULL,NULL,NULL,NULL,'Inf Abaco P15',NULL,NULL,8.65,NULL,NULL,NULL,NULL,NULL,NULL,'pendiente','2025-12-10 20:28:09','2025-12-10 20:28:11','2025-12-10 20:28:11',0),(235168,'ETQ2512171',NULL,6310,NULL,NULL,NULL,NULL,NULL,NULL,NULL,NULL,NULL,NULL,'Inf Abaco P20',NULL,NULL,8.76,NULL,NULL,NULL,NULL,NULL,NULL,'pendiente','2025-12-10 20:28:09','2025-12-10 20:28:11','2025-12-10 20:28:11',0),(235169,'ETQ2512172',NULL,6310,NULL,NULL,NULL,NULL,NULL,NULL,NULL,NULL,NULL,NULL,'Inf Abaco P21',NULL,NULL,6.38,NULL,NULL,NULL,NULL,NULL,NULL,'pendiente','2025-12-10 20:28:09','2025-12-10 20:28:11','2025-12-10 20:28:11',0),(235170,'ETQ2512173',NULL,6310,NULL,NULL,NULL,NULL,NULL,NULL,NULL,NULL,NULL,NULL,'Inf Abaco P22',NULL,NULL,2.63,NULL,NULL,NULL,NULL,NULL,NULL,'pendiente','2025-12-10 20:28:09','2025-12-10 20:28:11','2025-12-10 20:28:11',0),(235171,'ETQ2512174',NULL,6310,NULL,NULL,NULL,NULL,NULL,NULL,NULL,NULL,NULL,NULL,'Inf Abaco P23',NULL,NULL,3.63,NULL,NULL,NULL,NULL,NULL,NULL,'pendiente','2025-12-10 20:28:09','2025-12-10 20:28:11','2025-12-10 20:28:11',0),(235172,'ETQ2512165','ETQ2512165.01',6310,NULL,NULL,NULL,NULL,NULL,NULL,NULL,NULL,NULL,NULL,'Inf Abaco P3',NULL,NULL,3.18,NULL,NULL,NULL,NULL,NULL,NULL,'pendiente','2025-12-10 20:28:09','2025-12-10 20:28:09',NULL,0),(235173,'ETQ2512165','ETQ2512165.02',6310,NULL,NULL,NULL,NULL,NULL,NULL,NULL,NULL,NULL,NULL,'Inf Abaco P3',NULL,NULL,3.77,NULL,NULL,NULL,NULL,NULL,NULL,'pendiente','2025-12-10 20:28:09','2025-12-10 20:28:09',NULL,0),(235174,'ETQ2512166','ETQ2512166.01',6310,NULL,NULL,NULL,NULL,NULL,NULL,NULL,NULL,NULL,NULL,'Inf Abaco P4',NULL,NULL,4.23,NULL,NULL,NULL,NULL,NULL,NULL,'pendiente','2025-12-10 20:28:10','2025-12-10 20:28:10',NULL,0),(235175,'ETQ2512166','ETQ2512166.02',6310,NULL,NULL,NULL,NULL,NULL,NULL,NULL,NULL,NULL,NULL,'Inf Abaco P4',NULL,NULL,4.21,NULL,NULL,NULL,NULL,NULL,NULL,'pendiente','2025-12-10 20:28:10','2025-12-10 20:28:10',NULL,0),(235176,'ETQ2512167','ETQ2512167.01',6310,NULL,NULL,NULL,NULL,NULL,NULL,NULL,NULL,NULL,NULL,'Inf Abaco P8',NULL,NULL,3.79,NULL,NULL,NULL,NULL,NULL,NULL,'pendiente','2025-12-10 20:28:10','2025-12-10 20:28:10',NULL,0),(235177,'ETQ2512167','ETQ2512167.02',6310,NULL,NULL,NULL,NULL,NULL,NULL,NULL,NULL,NULL,NULL,'Inf Abaco P8',NULL,NULL,5.66,NULL,NULL,NULL,NULL,NULL,NULL,'pendiente','2025-12-10 20:28:10','2025-12-10 20:28:10',NULL,0),(235178,'ETQ2512168','ETQ2512168.01',6310,NULL,NULL,NULL,NULL,NULL,NULL,NULL,NULL,NULL,NULL,'Inf Abaco P9',NULL,NULL,4.48,NULL,NULL,NULL,NULL,NULL,NULL,'pendiente','2025-12-10 20:28:10','2025-12-10 20:28:10',NULL,0),(235179,'ETQ2512168','ETQ2512168.02',6310,NULL,NULL,NULL,NULL,NULL,NULL,NULL,NULL,NULL,NULL,'Inf Abaco P9',NULL,NULL,4.17,NULL,NULL,NULL,NULL,NULL,NULL,'pendiente','2025-12-10 20:28:10','2025-12-10 20:28:10',NULL,0),(235180,'ETQ2512169','ETQ2512169.01',6310,NULL,NULL,NULL,NULL,NULL,NULL,NULL,NULL,NULL,NULL,'Inf Abaco P14',NULL,NULL,3.79,NULL,NULL,NULL,NULL,NULL,NULL,'pendiente','2025-12-10 20:28:10','2025-12-10 20:28:10',NULL,0),(235181,'ETQ2512169','ETQ2512169.02',6310,NULL,NULL,NULL,NULL,NULL,NULL,NULL,NULL,NULL,NULL,'Inf Abaco P14',NULL,NULL,5.66,NULL,NULL,NULL,NULL,NULL,NULL,'pendiente','2025-12-10 20:28:10','2025-12-10 20:28:10',NULL,0),(235182,'ETQ2512170','ETQ2512170.01',6310,NULL,NULL,NULL,NULL,NULL,NULL,NULL,NULL,NULL,NULL,'Inf Abaco P15',NULL,NULL,8.65,NULL,NULL,NULL,NULL,NULL,NULL,'pendiente','2025-12-10 20:28:10','2025-12-10 20:28:10',NULL,0),(235183,'ETQ2512171','ETQ2512171.01',6310,NULL,NULL,NULL,NULL,NULL,NULL,NULL,NULL,NULL,NULL,'Inf Abaco P20',NULL,NULL,4.48,NULL,NULL,NULL,NULL,NULL,NULL,'pendiente','2025-12-10 20:28:10','2025-12-10 20:28:10',NULL,0),(235184,'ETQ2512171','ETQ2512171.02',6310,NULL,NULL,NULL,NULL,NULL,NULL,NULL,NULL,NULL,NULL,'Inf Abaco P20',NULL,NULL,4.28,NULL,NULL,NULL,NULL,NULL,NULL,'pendiente','2025-12-10 20:28:10','2025-12-10 20:28:10',NULL,0),(235185,'ETQ2512172','ETQ2512172.01',6310,NULL,NULL,NULL,NULL,NULL,NULL,NULL,NULL,NULL,NULL,'Inf Abaco P21',NULL,NULL,6.38,NULL,NULL,NULL,NULL,NULL,NULL,'pendiente','2025-12-10 20:28:10','2025-12-10 20:28:11',NULL,0),(235186,'ETQ2512173','ETQ2512173.01',6310,NULL,NULL,NULL,NULL,NULL,NULL,NULL,NULL,NULL,NULL,'Inf Abaco P22',NULL,NULL,2.63,NULL,NULL,NULL,NULL,NULL,NULL,'pendiente','2025-12-10 20:28:11','2025-12-10 20:28:11',NULL,0),(235187,'ETQ2512174','ETQ2512174.01',6310,NULL,NULL,NULL,NULL,NULL,NULL,NULL,NULL,NULL,NULL,'Inf Abaco P23',NULL,NULL,2.20,NULL,NULL,NULL,NULL,NULL,NULL,'pendiente','2025-12-10 20:28:11','2025-12-10 20:28:11',NULL,0),(235188,'ETQ2512174','ETQ2512174.02',6310,NULL,NULL,NULL,NULL,NULL,NULL,NULL,NULL,NULL,NULL,'Inf Abaco P23',NULL,NULL,1.43,NULL,NULL,NULL,NULL,NULL,NULL,'pendiente','2025-12-10 20:28:11','2025-12-10 20:28:11',NULL,0),(235189,'ETQ2512175',NULL,6311,NULL,NULL,NULL,NULL,NULL,NULL,NULL,NULL,NULL,NULL,'Sup Abaco P3',NULL,NULL,12.89,NULL,NULL,NULL,NULL,NULL,NULL,'pendiente','2025-12-10 20:28:11','2025-12-10 20:28:12','2025-12-10 20:28:12',0),(235190,'ETQ2512176',NULL,6311,NULL,NULL,NULL,NULL,NULL,NULL,NULL,NULL,NULL,NULL,'Sup Abaco P4',NULL,NULL,15.45,NULL,NULL,NULL,NULL,NULL,NULL,'pendiente','2025-12-10 20:28:11','2025-12-10 20:28:12','2025-12-10 20:28:12',0),(235191,'ETQ2512177',NULL,6311,NULL,NULL,NULL,NULL,NULL,NULL,NULL,NULL,NULL,NULL,'Sup Abaco P8',NULL,NULL,17.46,NULL,NULL,NULL,NULL,NULL,NULL,'pendiente','2025-12-10 20:28:11','2025-12-10 20:28:12','2025-12-10 20:28:12',0),(235192,'ETQ2512178',NULL,6311,NULL,NULL,NULL,NULL,NULL,NULL,NULL,NULL,NULL,NULL,'Sup Abaco P9',NULL,NULL,16.30,NULL,NULL,NULL,NULL,NULL,NULL,'pendiente','2025-12-10 20:28:11','2025-12-10 20:28:12','2025-12-10 20:28:12',0),(235193,'ETQ2512179',NULL,6311,NULL,NULL,NULL,NULL,NULL,NULL,NULL,NULL,NULL,NULL,'Sup Abaco P14',NULL,NULL,17.46,NULL,NULL,NULL,NULL,NULL,NULL,'pendiente','2025-12-10 20:28:11','2025-12-10 20:28:12','2025-12-10 20:28:12',0),(235194,'ETQ2512180',NULL,6311,NULL,NULL,NULL,NULL,NULL,NULL,NULL,NULL,NULL,NULL,'Sup Abaco P15',NULL,NULL,16.30,NULL,NULL,NULL,NULL,NULL,NULL,'pendiente','2025-12-10 20:28:11','2025-12-10 20:28:12','2025-12-10 20:28:12',0),(235195,'ETQ2512181',NULL,6311,NULL,NULL,NULL,NULL,NULL,NULL,NULL,NULL,NULL,NULL,'Sup Abaco P20',NULL,NULL,16.46,NULL,NULL,NULL,NULL,NULL,NULL,'pendiente','2025-12-10 20:28:11','2025-12-10 20:28:12','2025-12-10 20:28:12',0),(235196,'ETQ2512182',NULL,6311,NULL,NULL,NULL,NULL,NULL,NULL,NULL,NULL,NULL,NULL,'Sup Abaco P21',NULL,NULL,12.59,NULL,NULL,NULL,NULL,NULL,NULL,'pendiente','2025-12-10 20:28:11','2025-12-10 20:28:12','2025-12-10 20:28:12',0),(235197,'ETQ2512183',NULL,6311,NULL,NULL,NULL,NULL,NULL,NULL,NULL,NULL,NULL,NULL,'Sup Abaco P22',NULL,NULL,5.45,NULL,NULL,NULL,NULL,NULL,NULL,'pendiente','2025-12-10 20:28:11','2025-12-10 20:28:12','2025-12-10 20:28:12',0),(235198,'ETQ2512184',NULL,6311,NULL,NULL,NULL,NULL,NULL,NULL,NULL,NULL,NULL,NULL,'Sup Abaco P23',NULL,NULL,7.28,NULL,NULL,NULL,NULL,NULL,NULL,'pendiente','2025-12-10 20:28:11','2025-12-10 20:28:12','2025-12-10 20:28:12',0),(235199,'ETQ2512175','ETQ2512175.01',6311,NULL,NULL,NULL,NULL,NULL,NULL,NULL,NULL,NULL,NULL,'Sup Abaco P3',NULL,NULL,12.89,NULL,NULL,NULL,NULL,NULL,NULL,'pendiente','2025-12-10 20:28:11','2025-12-10 20:28:11',NULL,0),(235200,'ETQ2512176','ETQ2512176.01',6311,NULL,NULL,NULL,NULL,NULL,NULL,NULL,NULL,NULL,NULL,'Sup Abaco P4',NULL,NULL,15.45,NULL,NULL,NULL,NULL,NULL,NULL,'pendiente','2025-12-10 20:28:11','2025-12-10 20:28:11',NULL,0),(235201,'ETQ2512177','ETQ2512177.01',6311,NULL,NULL,NULL,NULL,NULL,NULL,NULL,NULL,NULL,NULL,'Sup Abaco P8',NULL,NULL,6.83,NULL,NULL,NULL,NULL,NULL,NULL,'pendiente','2025-12-10 20:28:11','2025-12-10 20:28:11',NULL,0),(235202,'ETQ2512177','ETQ2512177.02',6311,NULL,NULL,NULL,NULL,NULL,NULL,NULL,NULL,NULL,NULL,'Sup Abaco P8',NULL,NULL,10.63,NULL,NULL,NULL,NULL,NULL,NULL,'pendiente','2025-12-10 20:28:11','2025-12-10 20:28:11',NULL,0),(235203,'ETQ2512178','ETQ2512178.01',6311,NULL,NULL,NULL,NULL,NULL,NULL,NULL,NULL,NULL,NULL,'Sup Abaco P9',NULL,NULL,16.30,NULL,NULL,NULL,NULL,NULL,NULL,'pendiente','2025-12-10 20:28:11','2025-12-10 20:28:11',NULL,0),(235204,'ETQ2512179','ETQ2512179.01',6311,NULL,NULL,NULL,NULL,NULL,NULL,NULL,NULL,NULL,NULL,'Sup Abaco P14',NULL,NULL,6.83,NULL,NULL,NULL,NULL,NULL,NULL,'pendiente','2025-12-10 20:28:11','2025-12-10 20:28:12',NULL,0),(235205,'ETQ2512179','ETQ2512179.02',6311,NULL,NULL,NULL,NULL,NULL,NULL,NULL,NULL,NULL,NULL,'Sup Abaco P14',NULL,NULL,10.63,NULL,NULL,NULL,NULL,NULL,NULL,'pendiente','2025-12-10 20:28:11','2025-12-10 20:28:12',NULL,0),(235206,'ETQ2512180','ETQ2512180.01',6311,NULL,NULL,NULL,NULL,NULL,NULL,NULL,NULL,NULL,NULL,'Sup Abaco P15',NULL,NULL,16.30,NULL,NULL,NULL,NULL,NULL,NULL,'pendiente','2025-12-10 20:28:12','2025-12-10 20:28:12',NULL,0),(235207,'ETQ2512181','ETQ2512181.01',6311,NULL,NULL,NULL,NULL,NULL,NULL,NULL,NULL,NULL,NULL,'Sup Abaco P20',NULL,NULL,7.82,NULL,NULL,NULL,NULL,NULL,NULL,'pendiente','2025-12-10 20:28:12','2025-12-10 20:28:12',NULL,0),(235208,'ETQ2512181','ETQ2512181.02',6311,NULL,NULL,NULL,NULL,NULL,NULL,NULL,NULL,NULL,NULL,'Sup Abaco P20',NULL,NULL,8.64,NULL,NULL,NULL,NULL,NULL,NULL,'pendiente','2025-12-10 20:28:12','2025-12-10 20:28:12',NULL,0),(235209,'ETQ2512182','ETQ2512182.01',6311,NULL,NULL,NULL,NULL,NULL,NULL,NULL,NULL,NULL,NULL,'Sup Abaco P21',NULL,NULL,5.21,NULL,NULL,NULL,NULL,NULL,NULL,'pendiente','2025-12-10 20:28:12','2025-12-10 20:28:12',NULL,0),(235210,'ETQ2512182','ETQ2512182.02',6311,NULL,NULL,NULL,NULL,NULL,NULL,NULL,NULL,NULL,NULL,'Sup Abaco P21',NULL,NULL,7.38,NULL,NULL,NULL,NULL,NULL,NULL,'pendiente','2025-12-10 20:28:12','2025-12-10 20:28:12',NULL,0),(235211,'ETQ2512183','ETQ2512183.01',6311,NULL,NULL,NULL,NULL,NULL,NULL,NULL,NULL,NULL,NULL,'Sup Abaco P22',NULL,NULL,5.45,NULL,NULL,NULL,NULL,NULL,NULL,'pendiente','2025-12-10 20:28:12','2025-12-10 20:28:12',NULL,0),(235212,'ETQ2512184','ETQ2512184.01',6311,NULL,NULL,NULL,NULL,NULL,NULL,NULL,NULL,NULL,NULL,'Sup Abaco P23',NULL,NULL,4.40,NULL,NULL,NULL,NULL,NULL,NULL,'pendiente','2025-12-10 20:28:12','2025-12-10 20:28:12',NULL,0),(235213,'ETQ2512184','ETQ2512184.02',6311,NULL,NULL,NULL,NULL,NULL,NULL,NULL,NULL,NULL,NULL,'Sup Abaco P23',NULL,NULL,2.88,NULL,NULL,NULL,NULL,NULL,NULL,'pendiente','2025-12-10 20:28:12','2025-12-10 20:28:12',NULL,0),(235214,'ETQ2512185',NULL,6312,NULL,NULL,NULL,NULL,NULL,NULL,NULL,NULL,NULL,NULL,'LONG INF-1',NULL,NULL,23.14,NULL,NULL,NULL,NULL,NULL,NULL,'pendiente','2025-12-10 20:28:12','2025-12-10 20:28:14','2025-12-10 20:28:14',0),(235215,'ETQ2512186',NULL,6312,NULL,NULL,NULL,NULL,NULL,NULL,NULL,NULL,NULL,NULL,'LONG INF-2',NULL,NULL,6.25,NULL,NULL,NULL,NULL,NULL,NULL,'pendiente','2025-12-10 20:28:12','2025-12-10 20:28:14','2025-12-10 20:28:14',0),(235216,'ETQ2512187',NULL,6312,NULL,NULL,NULL,NULL,NULL,NULL,NULL,NULL,NULL,NULL,'LONG INF-3',NULL,NULL,7.68,NULL,NULL,NULL,NULL,NULL,NULL,'pendiente','2025-12-10 20:28:12','2025-12-10 20:28:14','2025-12-10 20:28:14',0),(235217,'ETQ2512188',NULL,6312,NULL,NULL,NULL,NULL,NULL,NULL,NULL,NULL,NULL,NULL,'LONG INF-4',NULL,NULL,8.98,NULL,NULL,NULL,NULL,NULL,NULL,'pendiente','2025-12-10 20:28:12','2025-12-10 20:28:14','2025-12-10 20:28:14',0),(235218,'ETQ2512189',NULL,6312,NULL,NULL,NULL,NULL,NULL,NULL,NULL,NULL,NULL,NULL,'LONG INF-5',NULL,NULL,21.93,NULL,NULL,NULL,NULL,NULL,NULL,'pendiente','2025-12-10 20:28:12','2025-12-10 20:28:14','2025-12-10 20:28:14',0),(235219,'ETQ2512190',NULL,6312,NULL,NULL,NULL,NULL,NULL,NULL,NULL,NULL,NULL,NULL,'LONG INF-6',NULL,NULL,6.41,NULL,NULL,NULL,NULL,NULL,NULL,'pendiente','2025-12-10 20:28:12','2025-12-10 20:28:14','2025-12-10 20:28:14',0),(235220,'ETQ2512191',NULL,6312,NULL,NULL,NULL,NULL,NULL,NULL,NULL,NULL,NULL,NULL,'LONG INF-7',NULL,NULL,0.41,NULL,NULL,NULL,NULL,NULL,NULL,'pendiente','2025-12-10 20:28:12','2025-12-10 20:28:14','2025-12-10 20:28:14',0),(235221,'ETQ2512185','ETQ2512185.01',6312,NULL,NULL,NULL,NULL,NULL,NULL,NULL,NULL,NULL,NULL,'LONG INF-1',NULL,NULL,11.92,NULL,NULL,NULL,NULL,NULL,NULL,'pendiente','2025-12-10 20:28:13','2025-12-10 20:28:13',NULL,0),(235222,'ETQ2512185','ETQ2512185.02',6312,NULL,NULL,NULL,NULL,NULL,NULL,NULL,NULL,NULL,NULL,'LONG INF-1',NULL,NULL,11.22,NULL,NULL,NULL,NULL,NULL,NULL,'pendiente','2025-12-10 20:28:13','2025-12-10 20:28:13',NULL,0),(235223,'ETQ2512186','ETQ2512186.01',6312,NULL,NULL,NULL,NULL,NULL,NULL,NULL,NULL,NULL,NULL,'LONG INF-2',NULL,NULL,3.92,NULL,NULL,NULL,NULL,NULL,NULL,'pendiente','2025-12-10 20:28:13','2025-12-10 20:28:13',NULL,0),(235224,'ETQ2512186','ETQ2512186.02',6312,NULL,NULL,NULL,NULL,NULL,NULL,NULL,NULL,NULL,NULL,'LONG INF-2',NULL,NULL,2.33,NULL,NULL,NULL,NULL,NULL,NULL,'pendiente','2025-12-10 20:28:13','2025-12-10 20:28:13',NULL,0),(235225,'ETQ2512187','ETQ2512187.01',6312,NULL,NULL,NULL,NULL,NULL,NULL,NULL,NULL,NULL,NULL,'LONG INF-3',NULL,NULL,6.50,NULL,NULL,NULL,NULL,NULL,NULL,'pendiente','2025-12-10 20:28:13','2025-12-10 20:28:13',NULL,0),(235226,'ETQ2512187','ETQ2512187.02',6312,NULL,NULL,NULL,NULL,NULL,NULL,NULL,NULL,NULL,NULL,'LONG INF-3',NULL,NULL,1.18,NULL,NULL,NULL,NULL,NULL,NULL,'pendiente','2025-12-10 20:28:13','2025-12-10 20:28:13',NULL,0),(235227,'ETQ2512188','ETQ2512188.01',6312,NULL,NULL,NULL,NULL,NULL,NULL,NULL,NULL,NULL,NULL,'LONG INF-4',NULL,NULL,8.98,NULL,NULL,NULL,NULL,NULL,NULL,'pendiente','2025-12-10 20:28:13','2025-12-10 20:28:13',NULL,0),(235228,'ETQ2512189','ETQ2512189.01',6312,NULL,NULL,NULL,NULL,NULL,NULL,NULL,NULL,NULL,NULL,'LONG INF-5',NULL,NULL,11.22,NULL,NULL,NULL,NULL,NULL,NULL,'pendiente','2025-12-10 20:28:13','2025-12-10 20:28:13',NULL,0),(235229,'ETQ2512189','ETQ2512189.02',6312,NULL,NULL,NULL,NULL,NULL,NULL,NULL,NULL,NULL,NULL,'LONG INF-5',NULL,NULL,10.71,NULL,NULL,NULL,NULL,NULL,NULL,'pendiente','2025-12-10 20:28:13','2025-12-10 20:28:13',NULL,0),(235230,'ETQ2512190','ETQ2512190.01',6312,NULL,NULL,NULL,NULL,NULL,NULL,NULL,NULL,NULL,NULL,'LONG INF-6',NULL,NULL,4.82,NULL,NULL,NULL,NULL,NULL,NULL,'pendiente','2025-12-10 20:28:13','2025-12-10 20:28:13',NULL,0),(235231,'ETQ2512190','ETQ2512190.02',6312,NULL,NULL,NULL,NULL,NULL,NULL,NULL,NULL,NULL,NULL,'LONG INF-6',NULL,NULL,1.59,NULL,NULL,NULL,NULL,NULL,NULL,'pendiente','2025-12-10 20:28:13','2025-12-10 20:28:13',NULL,0),(235232,'ETQ2512191','ETQ2512191.01',6312,NULL,NULL,NULL,NULL,NULL,NULL,NULL,NULL,NULL,NULL,'LONG INF-7',NULL,NULL,0.41,NULL,NULL,NULL,NULL,NULL,NULL,'pendiente','2025-12-10 20:28:14','2025-12-10 20:28:14',NULL,0),(235233,'ETQ2512192',NULL,6313,NULL,NULL,NULL,NULL,NULL,NULL,NULL,NULL,NULL,NULL,'TRANS INF-1',NULL,NULL,21.40,NULL,NULL,NULL,NULL,NULL,NULL,'pendiente','2025-12-10 20:28:14','2025-12-10 20:28:15','2025-12-10 20:28:15',0),(235234,'ETQ2512193',NULL,6313,NULL,NULL,NULL,NULL,NULL,NULL,NULL,NULL,NULL,NULL,'TRANS INF-2',NULL,NULL,3.59,NULL,NULL,NULL,NULL,NULL,NULL,'pendiente','2025-12-10 20:28:14','2025-12-10 20:28:15','2025-12-10 20:28:15',0),(235235,'ETQ2512194',NULL,6313,NULL,NULL,NULL,NULL,NULL,NULL,NULL,NULL,NULL,NULL,'TRANS INF-3',NULL,NULL,38.18,NULL,NULL,NULL,NULL,NULL,NULL,'pendiente','2025-12-10 20:28:14','2025-12-10 20:28:15','2025-12-10 20:28:15',0),(235236,'ETQ2512195',NULL,6313,NULL,NULL,NULL,NULL,NULL,NULL,NULL,NULL,NULL,NULL,'TRANS INF-4',NULL,NULL,53.39,NULL,NULL,NULL,NULL,NULL,NULL,'pendiente','2025-12-10 20:28:14','2025-12-10 20:28:15','2025-12-10 20:28:15',0),(235237,'ETQ2512196',NULL,6313,NULL,NULL,NULL,NULL,NULL,NULL,NULL,NULL,NULL,NULL,'TRANS INF-5',NULL,NULL,15.92,NULL,NULL,NULL,NULL,NULL,NULL,'pendiente','2025-12-10 20:28:14','2025-12-10 20:28:15','2025-12-10 20:28:15',0),(235238,'ETQ2512197',NULL,6313,NULL,NULL,NULL,NULL,NULL,NULL,NULL,NULL,NULL,NULL,'TRANS INF-6',NULL,NULL,2.19,NULL,NULL,NULL,NULL,NULL,NULL,'pendiente','2025-12-10 20:28:14','2025-12-10 20:28:15','2025-12-10 20:28:15',0),(235239,'ETQ2512198',NULL,6313,NULL,NULL,NULL,NULL,NULL,NULL,NULL,NULL,NULL,NULL,'TRANS INF-7',NULL,NULL,2.10,NULL,NULL,NULL,NULL,NULL,NULL,'pendiente','2025-12-10 20:28:14','2025-12-10 20:28:15','2025-12-10 20:28:15',0),(235240,'ETQ2512192','ETQ2512192.01',6313,NULL,NULL,NULL,NULL,NULL,NULL,NULL,NULL,NULL,NULL,'TRANS INF-1',NULL,NULL,15.78,NULL,NULL,NULL,NULL,NULL,NULL,'pendiente','2025-12-10 20:28:14','2025-12-10 20:28:14',NULL,0),(235241,'ETQ2512192','ETQ2512192.02',6313,NULL,NULL,NULL,NULL,NULL,NULL,NULL,NULL,NULL,NULL,'TRANS INF-1',NULL,NULL,5.62,NULL,NULL,NULL,NULL,NULL,NULL,'pendiente','2025-12-10 20:28:14','2025-12-10 20:28:14',NULL,0),(235242,'ETQ2512193','ETQ2512193.01',6313,NULL,NULL,NULL,NULL,NULL,NULL,NULL,NULL,NULL,NULL,'TRANS INF-2',NULL,NULL,3.59,NULL,NULL,NULL,NULL,NULL,NULL,'pendiente','2025-12-10 20:28:14','2025-12-10 20:28:14',NULL,0),(235243,'ETQ2512194','ETQ2512194.01',6313,NULL,NULL,NULL,NULL,NULL,NULL,NULL,NULL,NULL,NULL,'TRANS INF-3',NULL,NULL,21.27,NULL,NULL,NULL,NULL,NULL,NULL,'pendiente','2025-12-10 20:28:14','2025-12-10 20:28:14',NULL,0),(235244,'ETQ2512194','ETQ2512194.02',6313,NULL,NULL,NULL,NULL,NULL,NULL,NULL,NULL,NULL,NULL,'TRANS INF-3',NULL,NULL,16.91,NULL,NULL,NULL,NULL,NULL,NULL,'pendiente','2025-12-10 20:28:14','2025-12-10 20:28:14',NULL,0),(235245,'ETQ2512195','ETQ2512195.01',6313,NULL,NULL,NULL,NULL,NULL,NULL,NULL,NULL,NULL,NULL,'TRANS INF-4',NULL,NULL,18.01,NULL,NULL,NULL,NULL,NULL,NULL,'pendiente','2025-12-10 20:28:14','2025-12-10 20:28:15',NULL,0),(235246,'ETQ2512195','ETQ2512195.02',6313,NULL,NULL,NULL,NULL,NULL,NULL,NULL,NULL,NULL,NULL,'TRANS INF-4',NULL,NULL,10.04,NULL,NULL,NULL,NULL,NULL,NULL,'pendiente','2025-12-10 20:28:14','2025-12-10 20:28:15',NULL,0),(235247,'ETQ2512195','ETQ2512195.03',6313,NULL,NULL,NULL,NULL,NULL,NULL,NULL,NULL,NULL,NULL,'TRANS INF-4',NULL,NULL,0.47,NULL,NULL,NULL,NULL,NULL,NULL,'pendiente','2025-12-10 20:28:15','2025-12-10 20:28:15',NULL,0),(235248,'ETQ2512195','ETQ2512195.04',6313,NULL,NULL,NULL,NULL,NULL,NULL,NULL,NULL,NULL,NULL,'TRANS INF-4',NULL,NULL,24.87,NULL,NULL,NULL,NULL,NULL,NULL,'pendiente','2025-12-10 20:28:15','2025-12-10 20:28:15',NULL,0),(235249,'ETQ2512196','ETQ2512196.01',6313,NULL,NULL,NULL,NULL,NULL,NULL,NULL,NULL,NULL,NULL,'TRANS INF-5',NULL,NULL,6.04,NULL,NULL,NULL,NULL,NULL,NULL,'pendiente','2025-12-10 20:28:15','2025-12-10 20:28:15',NULL,0),(235250,'ETQ2512196','ETQ2512196.02',6313,NULL,NULL,NULL,NULL,NULL,NULL,NULL,NULL,NULL,NULL,'TRANS INF-5',NULL,NULL,9.88,NULL,NULL,NULL,NULL,NULL,NULL,'pendiente','2025-12-10 20:28:15','2025-12-10 20:28:15',NULL,0),(235251,'ETQ2512197','ETQ2512197.01',6313,NULL,NULL,NULL,NULL,NULL,NULL,NULL,NULL,NULL,NULL,'TRANS INF-6',NULL,NULL,2.19,NULL,NULL,NULL,NULL,NULL,NULL,'pendiente','2025-12-10 20:28:15','2025-12-10 20:28:15',NULL,0),(235252,'ETQ2512198','ETQ2512198.01',6313,NULL,NULL,NULL,NULL,NULL,NULL,NULL,NULL,NULL,NULL,'TRANS INF-7',NULL,NULL,1.43,NULL,NULL,NULL,NULL,NULL,NULL,'pendiente','2025-12-10 20:28:15','2025-12-10 20:28:15',NULL,0),(235253,'ETQ2512198','ETQ2512198.02',6313,NULL,NULL,NULL,NULL,NULL,NULL,NULL,NULL,NULL,NULL,'TRANS INF-7',NULL,NULL,0.67,NULL,NULL,NULL,NULL,NULL,NULL,'pendiente','2025-12-10 20:28:15','2025-12-10 20:28:15',NULL,0),(235254,'ETQ2512199',NULL,6314,NULL,NULL,NULL,NULL,NULL,NULL,NULL,NULL,NULL,NULL,'LONG SUP-1',NULL,NULL,26.12,NULL,NULL,NULL,NULL,NULL,NULL,'pendiente','2025-12-10 20:28:15','2025-12-10 20:28:17','2025-12-10 20:28:17',0),(235255,'ETQ2512200',NULL,6314,NULL,NULL,NULL,NULL,NULL,NULL,NULL,NULL,NULL,NULL,'LONG SUP-2',NULL,NULL,10.87,NULL,NULL,NULL,NULL,NULL,NULL,'pendiente','2025-12-10 20:28:15','2025-12-10 20:28:17','2025-12-10 20:28:17',0),(235256,'ETQ2512201',NULL,6314,NULL,NULL,NULL,NULL,NULL,NULL,NULL,NULL,NULL,NULL,'LONG SUP-3',NULL,NULL,2.78,NULL,NULL,NULL,NULL,NULL,NULL,'pendiente','2025-12-10 20:28:15','2025-12-10 20:28:17','2025-12-10 20:28:17',0),(235257,'ETQ2512202',NULL,6314,NULL,NULL,NULL,NULL,NULL,NULL,NULL,NULL,NULL,NULL,'LONG SUP-4',NULL,NULL,7.69,NULL,NULL,NULL,NULL,NULL,NULL,'pendiente','2025-12-10 20:28:15','2025-12-10 20:28:17','2025-12-10 20:28:17',0),(235258,'ETQ2512203',NULL,6314,NULL,NULL,NULL,NULL,NULL,NULL,NULL,NULL,NULL,NULL,'LONG SUP-5',NULL,NULL,3.43,NULL,NULL,NULL,NULL,NULL,NULL,'pendiente','2025-12-10 20:28:15','2025-12-10 20:28:17','2025-12-10 20:28:17',0),(235259,'ETQ2512204',NULL,6314,NULL,NULL,NULL,NULL,NULL,NULL,NULL,NULL,NULL,NULL,'LONG SUP-6',NULL,NULL,18.02,NULL,NULL,NULL,NULL,NULL,NULL,'pendiente','2025-12-10 20:28:15','2025-12-10 20:28:17','2025-12-10 20:28:17',0),(235260,'ETQ2512205',NULL,6314,NULL,NULL,NULL,NULL,NULL,NULL,NULL,NULL,NULL,NULL,'LONG SUP-7',NULL,NULL,22.45,NULL,NULL,NULL,NULL,NULL,NULL,'pendiente','2025-12-10 20:28:15','2025-12-10 20:28:17','2025-12-10 20:28:17',0),(235261,'ETQ2512206',NULL,6314,NULL,NULL,NULL,NULL,NULL,NULL,NULL,NULL,NULL,NULL,'LONG SUP-8',NULL,NULL,2.34,NULL,NULL,NULL,NULL,NULL,NULL,'pendiente','2025-12-10 20:28:15','2025-12-10 20:28:17','2025-12-10 20:28:17',0),(235262,'ETQ2512207',NULL,6314,NULL,NULL,NULL,NULL,NULL,NULL,NULL,NULL,NULL,NULL,'LONG SUP-9',NULL,NULL,13.35,NULL,NULL,NULL,NULL,NULL,NULL,'pendiente','2025-12-10 20:28:15','2025-12-10 20:28:17','2025-12-10 20:28:17',0),(235263,'ETQ2512199','ETQ2512199.01',6314,NULL,NULL,NULL,NULL,NULL,NULL,NULL,NULL,NULL,NULL,'LONG SUP-1',NULL,NULL,19.99,NULL,NULL,NULL,NULL,NULL,NULL,'pendiente','2025-12-10 20:28:16','2025-12-10 20:28:16',NULL,0),(235264,'ETQ2512199','ETQ2512199.02',6314,NULL,NULL,NULL,NULL,NULL,NULL,NULL,NULL,NULL,NULL,'LONG SUP-1',NULL,NULL,2.09,NULL,NULL,NULL,NULL,NULL,NULL,'pendiente','2025-12-10 20:28:16','2025-12-10 20:28:16',NULL,0),(235265,'ETQ2512199','ETQ2512199.03',6314,NULL,NULL,NULL,NULL,NULL,NULL,NULL,NULL,NULL,NULL,'LONG SUP-1',NULL,NULL,4.04,NULL,NULL,NULL,NULL,NULL,NULL,'pendiente','2025-12-10 20:28:16','2025-12-10 20:28:16',NULL,0),(235266,'ETQ2512200','ETQ2512200.01',6314,NULL,NULL,NULL,NULL,NULL,NULL,NULL,NULL,NULL,NULL,'LONG SUP-2',NULL,NULL,5.99,NULL,NULL,NULL,NULL,NULL,NULL,'pendiente','2025-12-10 20:28:16','2025-12-10 20:28:16',NULL,0),(235267,'ETQ2512200','ETQ2512200.02',6314,NULL,NULL,NULL,NULL,NULL,NULL,NULL,NULL,NULL,NULL,'LONG SUP-2',NULL,NULL,4.88,NULL,NULL,NULL,NULL,NULL,NULL,'pendiente','2025-12-10 20:28:16','2025-12-10 20:28:16',NULL,0),(235268,'ETQ2512201','ETQ2512201.01',6314,NULL,NULL,NULL,NULL,NULL,NULL,NULL,NULL,NULL,NULL,'LONG SUP-3',NULL,NULL,1.49,NULL,NULL,NULL,NULL,NULL,NULL,'pendiente','2025-12-10 20:28:16','2025-12-10 20:28:16',NULL,0),(235269,'ETQ2512201','ETQ2512201.02',6314,NULL,NULL,NULL,NULL,NULL,NULL,NULL,NULL,NULL,NULL,'LONG SUP-3',NULL,NULL,1.29,NULL,NULL,NULL,NULL,NULL,NULL,'pendiente','2025-12-10 20:28:16','2025-12-10 20:28:16',NULL,0),(235270,'ETQ2512202','ETQ2512202.01',6314,NULL,NULL,NULL,NULL,NULL,NULL,NULL,NULL,NULL,NULL,'LONG SUP-4',NULL,NULL,3.70,NULL,NULL,NULL,NULL,NULL,NULL,'pendiente','2025-12-10 20:28:16','2025-12-10 20:28:16',NULL,0),(235271,'ETQ2512202','ETQ2512202.02',6314,NULL,NULL,NULL,NULL,NULL,NULL,NULL,NULL,NULL,NULL,'LONG SUP-4',NULL,NULL,3.99,NULL,NULL,NULL,NULL,NULL,NULL,'pendiente','2025-12-10 20:28:16','2025-12-10 20:28:16',NULL,0),(235272,'ETQ2512203','ETQ2512203.01',6314,NULL,NULL,NULL,NULL,NULL,NULL,NULL,NULL,NULL,NULL,'LONG SUP-5',NULL,NULL,1.92,NULL,NULL,NULL,NULL,NULL,NULL,'pendiente','2025-12-10 20:28:16','2025-12-10 20:28:17',NULL,0),(235273,'ETQ2512203','ETQ2512203.02',6314,NULL,NULL,NULL,NULL,NULL,NULL,NULL,NULL,NULL,NULL,'LONG SUP-5',NULL,NULL,1.51,NULL,NULL,NULL,NULL,NULL,NULL,'pendiente','2025-12-10 20:28:16','2025-12-10 20:28:17',NULL,0),(235274,'ETQ2512204','ETQ2512204.01',6314,NULL,NULL,NULL,NULL,NULL,NULL,NULL,NULL,NULL,NULL,'LONG SUP-6',NULL,NULL,12.44,NULL,NULL,NULL,NULL,NULL,NULL,'pendiente','2025-12-10 20:28:17','2025-12-10 20:28:17',NULL,0),(235275,'ETQ2512204','ETQ2512204.02',6314,NULL,NULL,NULL,NULL,NULL,NULL,NULL,NULL,NULL,NULL,'LONG SUP-6',NULL,NULL,5.58,NULL,NULL,NULL,NULL,NULL,NULL,'pendiente','2025-12-10 20:28:17','2025-12-10 20:28:17',NULL,0),(235276,'ETQ2512205','ETQ2512205.01',6314,NULL,NULL,NULL,NULL,NULL,NULL,NULL,NULL,NULL,NULL,'LONG SUP-7',NULL,NULL,8.10,NULL,NULL,NULL,NULL,NULL,NULL,'pendiente','2025-12-10 20:28:17','2025-12-10 20:28:17',NULL,0),(235277,'ETQ2512205','ETQ2512205.02',6314,NULL,NULL,NULL,NULL,NULL,NULL,NULL,NULL,NULL,NULL,'LONG SUP-7',NULL,NULL,14.35,NULL,NULL,NULL,NULL,NULL,NULL,'pendiente','2025-12-10 20:28:17','2025-12-10 20:28:17',NULL,0),(235278,'ETQ2512206','ETQ2512206.01',6314,NULL,NULL,NULL,NULL,NULL,NULL,NULL,NULL,NULL,NULL,'LONG SUP-8',NULL,NULL,1.24,NULL,NULL,NULL,NULL,NULL,NULL,'pendiente','2025-12-10 20:28:17','2025-12-10 20:28:17',NULL,0),(235279,'ETQ2512206','ETQ2512206.02',6314,NULL,NULL,NULL,NULL,NULL,NULL,NULL,NULL,NULL,NULL,'LONG SUP-8',NULL,NULL,1.10,NULL,NULL,NULL,NULL,NULL,NULL,'pendiente','2025-12-10 20:28:17','2025-12-10 20:28:17',NULL,0),(235280,'ETQ2512207','ETQ2512207.01',6314,NULL,NULL,NULL,NULL,NULL,NULL,NULL,NULL,NULL,NULL,'LONG SUP-9',NULL,NULL,6.03,NULL,NULL,NULL,NULL,NULL,NULL,'pendiente','2025-12-10 20:28:17','2025-12-10 20:28:17',NULL,0),(235281,'ETQ2512207','ETQ2512207.02',6314,NULL,NULL,NULL,NULL,NULL,NULL,NULL,NULL,NULL,NULL,'LONG SUP-9',NULL,NULL,0.63,NULL,NULL,NULL,NULL,NULL,NULL,'pendiente','2025-12-10 20:28:17','2025-12-10 20:28:17',NULL,0),(235282,'ETQ2512207','ETQ2512207.03',6314,NULL,NULL,NULL,NULL,NULL,NULL,NULL,NULL,NULL,NULL,'LONG SUP-9',NULL,NULL,6.69,NULL,NULL,NULL,NULL,NULL,NULL,'pendiente','2025-12-10 20:28:17','2025-12-10 20:28:17',NULL,0),(235283,'ETQ2512208',NULL,6315,NULL,NULL,NULL,NULL,NULL,NULL,NULL,NULL,NULL,NULL,'TRANS SUP-1',NULL,NULL,2.94,NULL,NULL,NULL,NULL,NULL,NULL,'pendiente','2025-12-10 20:28:17','2025-12-10 20:28:19','2025-12-10 20:28:19',0),(235284,'ETQ2512209',NULL,6315,NULL,NULL,NULL,NULL,NULL,NULL,NULL,NULL,NULL,NULL,'TRANS SUP-2',NULL,NULL,9.92,NULL,NULL,NULL,NULL,NULL,NULL,'pendiente','2025-12-10 20:28:17','2025-12-10 20:28:19','2025-12-10 20:28:19',0),(235285,'ETQ2512210',NULL,6315,NULL,NULL,NULL,NULL,NULL,NULL,NULL,NULL,NULL,NULL,'TRANS SUP-3',NULL,NULL,23.71,NULL,NULL,NULL,NULL,NULL,NULL,'pendiente','2025-12-10 20:28:17','2025-12-10 20:28:19','2025-12-10 20:28:19',0),(235286,'ETQ2512211',NULL,6315,NULL,NULL,NULL,NULL,NULL,NULL,NULL,NULL,NULL,NULL,'TRANS SUP-4',NULL,NULL,50.62,NULL,NULL,NULL,NULL,NULL,NULL,'pendiente','2025-12-10 20:28:17','2025-12-10 20:28:19','2025-12-10 20:28:19',0),(235287,'ETQ2512212',NULL,6315,NULL,NULL,NULL,NULL,NULL,NULL,NULL,NULL,NULL,NULL,'TRANS SUP-5',NULL,NULL,11.59,NULL,NULL,NULL,NULL,NULL,NULL,'pendiente','2025-12-10 20:28:17','2025-12-10 20:28:19','2025-12-10 20:28:19',0),(235288,'ETQ2512213',NULL,6315,NULL,NULL,NULL,NULL,NULL,NULL,NULL,NULL,NULL,NULL,'TRANS SUP-6',NULL,NULL,34.49,NULL,NULL,NULL,NULL,NULL,NULL,'pendiente','2025-12-10 20:28:18','2025-12-10 20:28:19','2025-12-10 20:28:19',0),(235289,'ETQ2512214',NULL,6315,NULL,NULL,NULL,NULL,NULL,NULL,NULL,NULL,NULL,NULL,'TRANS SUP-7',NULL,NULL,37.31,NULL,NULL,NULL,NULL,NULL,NULL,'pendiente','2025-12-10 20:28:18','2025-12-10 20:28:19','2025-12-10 20:28:19',0),(235290,'ETQ2512208','ETQ2512208.01',6315,NULL,NULL,NULL,NULL,NULL,NULL,NULL,NULL,NULL,NULL,'TRANS SUP-1',NULL,NULL,2.94,NULL,NULL,NULL,NULL,NULL,NULL,'pendiente','2025-12-10 20:28:18','2025-12-10 20:28:18',NULL,0),(235291,'ETQ2512209','ETQ2512209.01',6315,NULL,NULL,NULL,NULL,NULL,NULL,NULL,NULL,NULL,NULL,'TRANS SUP-2',NULL,NULL,6.02,NULL,NULL,NULL,NULL,NULL,NULL,'pendiente','2025-12-10 20:28:18','2025-12-10 20:28:18',NULL,0),(235292,'ETQ2512209','ETQ2512209.02',6315,NULL,NULL,NULL,NULL,NULL,NULL,NULL,NULL,NULL,NULL,'TRANS SUP-2',NULL,NULL,3.90,NULL,NULL,NULL,NULL,NULL,NULL,'pendiente','2025-12-10 20:28:18','2025-12-10 20:28:18',NULL,0),(235293,'ETQ2512210','ETQ2512210.01',6315,NULL,NULL,NULL,NULL,NULL,NULL,NULL,NULL,NULL,NULL,'TRANS SUP-3',NULL,NULL,15.88,NULL,NULL,NULL,NULL,NULL,NULL,'pendiente','2025-12-10 20:28:18','2025-12-10 20:28:18',NULL,0),(235294,'ETQ2512210','ETQ2512210.02',6315,NULL,NULL,NULL,NULL,NULL,NULL,NULL,NULL,NULL,NULL,'TRANS SUP-3',NULL,NULL,7.83,NULL,NULL,NULL,NULL,NULL,NULL,'pendiente','2025-12-10 20:28:18','2025-12-10 20:28:18',NULL,0),(235295,'ETQ2512211','ETQ2512211.01',6315,NULL,NULL,NULL,NULL,NULL,NULL,NULL,NULL,NULL,NULL,'TRANS SUP-4',NULL,NULL,16.52,NULL,NULL,NULL,NULL,NULL,NULL,'pendiente','2025-12-10 20:28:18','2025-12-10 20:28:19',NULL,0),(235296,'ETQ2512211','ETQ2512211.02',6315,NULL,NULL,NULL,NULL,NULL,NULL,NULL,NULL,NULL,NULL,'TRANS SUP-4',NULL,NULL,19.17,NULL,NULL,NULL,NULL,NULL,NULL,'pendiente','2025-12-10 20:28:18','2025-12-10 20:28:19',NULL,0),(235297,'ETQ2512211','ETQ2512211.03',6315,NULL,NULL,NULL,NULL,NULL,NULL,NULL,NULL,NULL,NULL,'TRANS SUP-4',NULL,NULL,0.71,NULL,NULL,NULL,NULL,NULL,NULL,'pendiente','2025-12-10 20:28:18','2025-12-10 20:28:19',NULL,0),(235298,'ETQ2512211','ETQ2512211.04',6315,NULL,NULL,NULL,NULL,NULL,NULL,NULL,NULL,NULL,NULL,'TRANS SUP-4',NULL,NULL,11.45,NULL,NULL,NULL,NULL,NULL,NULL,'pendiente','2025-12-10 20:28:19','2025-12-10 20:28:19',NULL,0),(235299,'ETQ2512211','ETQ2512211.05',6315,NULL,NULL,NULL,NULL,NULL,NULL,NULL,NULL,NULL,NULL,'TRANS SUP-4',NULL,NULL,2.77,NULL,NULL,NULL,NULL,NULL,NULL,'pendiente','2025-12-10 20:28:19','2025-12-10 20:28:19',NULL,0),(235300,'ETQ2512212','ETQ2512212.01',6315,NULL,NULL,NULL,NULL,NULL,NULL,NULL,NULL,NULL,NULL,'TRANS SUP-5',NULL,NULL,6.75,NULL,NULL,NULL,NULL,NULL,NULL,'pendiente','2025-12-10 20:28:19','2025-12-10 20:28:19',NULL,0),(235301,'ETQ2512212','ETQ2512212.02',6315,NULL,NULL,NULL,NULL,NULL,NULL,NULL,NULL,NULL,NULL,'TRANS SUP-5',NULL,NULL,4.84,NULL,NULL,NULL,NULL,NULL,NULL,'pendiente','2025-12-10 20:28:19','2025-12-10 20:28:19',NULL,0),(235302,'ETQ2512213','ETQ2512213.01',6315,NULL,NULL,NULL,NULL,NULL,NULL,NULL,NULL,NULL,NULL,'TRANS SUP-6',NULL,NULL,10.63,NULL,NULL,NULL,NULL,NULL,NULL,'pendiente','2025-12-10 20:28:19','2025-12-10 20:28:19',NULL,0),(235303,'ETQ2512213','ETQ2512213.02',6315,NULL,NULL,NULL,NULL,NULL,NULL,NULL,NULL,NULL,NULL,'TRANS SUP-6',NULL,NULL,23.86,NULL,NULL,NULL,NULL,NULL,NULL,'pendiente','2025-12-10 20:28:19','2025-12-10 20:28:19',NULL,0),(235304,'ETQ2512214','ETQ2512214.01',6315,NULL,NULL,NULL,NULL,NULL,NULL,NULL,NULL,NULL,NULL,'TRANS SUP-7',NULL,NULL,15.94,NULL,NULL,NULL,NULL,NULL,NULL,'pendiente','2025-12-10 20:28:19','2025-12-10 20:28:19',NULL,0),(235305,'ETQ2512214','ETQ2512214.02',6315,NULL,NULL,NULL,NULL,NULL,NULL,NULL,NULL,NULL,NULL,'TRANS SUP-7',NULL,NULL,5.54,NULL,NULL,NULL,NULL,NULL,NULL,'pendiente','2025-12-10 20:28:19','2025-12-10 20:28:19',NULL,0),(235306,'ETQ2512214','ETQ2512214.03',6315,NULL,NULL,NULL,NULL,NULL,NULL,NULL,NULL,NULL,NULL,'TRANS SUP-7',NULL,NULL,15.83,NULL,NULL,NULL,NULL,NULL,NULL,'pendiente','2025-12-10 20:28:19','2025-12-10 20:28:19',NULL,0),(235307,'ETQ2512215',NULL,6316,NULL,NULL,NULL,NULL,NULL,NULL,NULL,NULL,NULL,NULL,'LONG INF-8',NULL,NULL,21.80,NULL,NULL,NULL,NULL,NULL,NULL,'pendiente','2025-12-10 20:28:19','2025-12-10 20:28:20','2025-12-10 20:28:20',0),(235308,'ETQ2512215','ETQ2512215.01',6316,NULL,NULL,NULL,NULL,NULL,NULL,NULL,NULL,NULL,NULL,'LONG INF-8',NULL,NULL,7.78,NULL,NULL,NULL,NULL,NULL,NULL,'pendiente','2025-12-10 20:28:19','2025-12-10 20:28:20',NULL,0),(235309,'ETQ2512215','ETQ2512215.02',6316,NULL,NULL,NULL,NULL,NULL,NULL,NULL,NULL,NULL,NULL,'LONG INF-8',NULL,NULL,13.75,NULL,NULL,NULL,NULL,NULL,NULL,'pendiente','2025-12-10 20:28:20','2025-12-10 20:28:20',NULL,0),(235310,'ETQ2512215','ETQ2512215.03',6316,NULL,NULL,NULL,NULL,NULL,NULL,NULL,NULL,NULL,NULL,'LONG INF-8',NULL,NULL,0.27,NULL,NULL,NULL,NULL,NULL,NULL,'pendiente','2025-12-10 20:28:20','2025-12-10 20:28:20',NULL,0),(235311,'ETQ2512216',NULL,6317,NULL,NULL,NULL,NULL,NULL,NULL,NULL,NULL,NULL,NULL,'TRANS INF-8',NULL,NULL,8.02,NULL,NULL,NULL,NULL,NULL,NULL,'pendiente','2025-12-10 20:28:20','2025-12-10 20:28:20','2025-12-10 20:28:20',0),(235312,'ETQ2512216','ETQ2512216.01',6317,NULL,NULL,NULL,NULL,NULL,NULL,NULL,NULL,NULL,NULL,'TRANS INF-8',NULL,NULL,5.04,NULL,NULL,NULL,NULL,NULL,NULL,'pendiente','2025-12-10 20:28:20','2025-12-10 20:28:20',NULL,0),(235313,'ETQ2512216','ETQ2512216.02',6317,NULL,NULL,NULL,NULL,NULL,NULL,NULL,NULL,NULL,NULL,'TRANS INF-8',NULL,NULL,2.98,NULL,NULL,NULL,NULL,NULL,NULL,'pendiente','2025-12-10 20:28:20','2025-12-10 20:28:20',NULL,0),(235314,'ETQ2512217',NULL,6318,NULL,NULL,NULL,NULL,NULL,NULL,NULL,NULL,NULL,NULL,'LONG SUP-10',NULL,NULL,18.94,NULL,NULL,NULL,NULL,NULL,NULL,'pendiente','2025-12-10 20:28:20','2025-12-10 20:28:20','2025-12-10 20:28:20',0),(235315,'ETQ2512218',NULL,6318,NULL,NULL,NULL,NULL,NULL,NULL,NULL,NULL,NULL,NULL,'LONG SUP-11',NULL,NULL,7.90,NULL,NULL,NULL,NULL,NULL,NULL,'pendiente','2025-12-10 20:28:20','2025-12-10 20:28:20','2025-12-10 20:28:20',0),(235316,'ETQ2512217','ETQ2512217.01',6318,NULL,NULL,NULL,NULL,NULL,NULL,NULL,NULL,NULL,NULL,'LONG SUP-10',NULL,NULL,7.29,NULL,NULL,NULL,NULL,NULL,NULL,'pendiente','2025-12-10 20:28:20','2025-12-10 20:28:20',NULL,0),(235317,'ETQ2512217','ETQ2512217.02',6318,NULL,NULL,NULL,NULL,NULL,NULL,NULL,NULL,NULL,NULL,'LONG SUP-10',NULL,NULL,1.00,NULL,NULL,NULL,NULL,NULL,NULL,'pendiente','2025-12-10 20:28:20','2025-12-10 20:28:20',NULL,0),(235318,'ETQ2512217','ETQ2512217.03',6318,NULL,NULL,NULL,NULL,NULL,NULL,NULL,NULL,NULL,NULL,'LONG SUP-10',NULL,NULL,10.65,NULL,NULL,NULL,NULL,NULL,NULL,'pendiente','2025-12-10 20:28:20','2025-12-10 20:28:20',NULL,0),(235319,'ETQ2512218','ETQ2512218.01',6318,NULL,NULL,NULL,NULL,NULL,NULL,NULL,NULL,NULL,NULL,'LONG SUP-11',NULL,NULL,3.45,NULL,NULL,NULL,NULL,NULL,NULL,'pendiente','2025-12-10 20:28:20','2025-12-10 20:28:20',NULL,0),(235320,'ETQ2512218','ETQ2512218.02',6318,NULL,NULL,NULL,NULL,NULL,NULL,NULL,NULL,NULL,NULL,'LONG SUP-11',NULL,NULL,4.45,NULL,NULL,NULL,NULL,NULL,NULL,'pendiente','2025-12-10 20:28:20','2025-12-10 20:28:20',NULL,0),(235321,'ETQ2512219',NULL,6319,NULL,NULL,NULL,NULL,NULL,NULL,NULL,NULL,NULL,NULL,'TRANS SUP-8',NULL,NULL,3.61,NULL,NULL,NULL,NULL,NULL,NULL,'pendiente','2025-12-10 20:28:20','2025-12-10 20:28:21','2025-12-10 20:28:21',0),(235322,'ETQ2512220',NULL,6319,NULL,NULL,NULL,NULL,NULL,NULL,NULL,NULL,NULL,NULL,'TRANS SUP-9',NULL,NULL,5.07,NULL,NULL,NULL,NULL,NULL,NULL,'pendiente','2025-12-10 20:28:20','2025-12-10 20:28:21','2025-12-10 20:28:21',0),(235323,'ETQ2512221',NULL,6319,NULL,NULL,NULL,NULL,NULL,NULL,NULL,NULL,NULL,NULL,'TRANS SUP-10',NULL,NULL,1.10,NULL,NULL,NULL,NULL,NULL,NULL,'pendiente','2025-12-10 20:28:21','2025-12-10 20:28:21','2025-12-10 20:28:21',0),(235324,'ETQ2512222',NULL,6319,NULL,NULL,NULL,NULL,NULL,NULL,NULL,NULL,NULL,NULL,'TRANS SUP-11',NULL,NULL,9.76,NULL,NULL,NULL,NULL,NULL,NULL,'pendiente','2025-12-10 20:28:21','2025-12-10 20:28:21','2025-12-10 20:28:21',0),(235325,'ETQ2512219','ETQ2512219.01',6319,NULL,NULL,NULL,NULL,NULL,NULL,NULL,NULL,NULL,NULL,'TRANS SUP-8',NULL,NULL,1.53,NULL,NULL,NULL,NULL,NULL,NULL,'pendiente','2025-12-10 20:28:21','2025-12-10 20:28:21',NULL,0),(235326,'ETQ2512219','ETQ2512219.02',6319,NULL,NULL,NULL,NULL,NULL,NULL,NULL,NULL,NULL,NULL,'TRANS SUP-8',NULL,NULL,2.08,NULL,NULL,NULL,NULL,NULL,NULL,'pendiente','2025-12-10 20:28:21','2025-12-10 20:28:21',NULL,0),(235327,'ETQ2512220','ETQ2512220.01',6319,NULL,NULL,NULL,NULL,NULL,NULL,NULL,NULL,NULL,NULL,'TRANS SUP-9',NULL,NULL,3.38,NULL,NULL,NULL,NULL,NULL,NULL,'pendiente','2025-12-10 20:28:21','2025-12-10 20:28:21',NULL,0),(235328,'ETQ2512220','ETQ2512220.02',6319,NULL,NULL,NULL,NULL,NULL,NULL,NULL,NULL,NULL,NULL,'TRANS SUP-9',NULL,NULL,1.69,NULL,NULL,NULL,NULL,NULL,NULL,'pendiente','2025-12-10 20:28:21','2025-12-10 20:28:21',NULL,0),(235329,'ETQ2512221','ETQ2512221.01',6319,NULL,NULL,NULL,NULL,NULL,NULL,NULL,NULL,NULL,NULL,'TRANS SUP-10',NULL,NULL,1.10,NULL,NULL,NULL,NULL,NULL,NULL,'pendiente','2025-12-10 20:28:21','2025-12-10 20:28:21',NULL,0),(235330,'ETQ2512222','ETQ2512222.01',6319,NULL,NULL,NULL,NULL,NULL,NULL,NULL,NULL,NULL,NULL,'TRANS SUP-11',NULL,NULL,6.76,NULL,NULL,NULL,NULL,NULL,NULL,'pendiente','2025-12-10 20:28:21','2025-12-10 20:28:21',NULL,0),(235331,'ETQ2512222','ETQ2512222.02',6319,NULL,NULL,NULL,NULL,NULL,NULL,NULL,NULL,NULL,NULL,'TRANS SUP-11',NULL,NULL,3.00,NULL,NULL,NULL,NULL,NULL,NULL,'pendiente','2025-12-10 20:28:21','2025-12-10 20:28:21',NULL,0),(235332,'ETQ2512223',NULL,6320,NULL,NULL,NULL,NULL,NULL,NULL,NULL,NULL,NULL,NULL,'ARM LONG INFERIOR',NULL,NULL,32.37,NULL,NULL,NULL,NULL,NULL,NULL,'pendiente','2025-12-10 20:28:21','2025-12-10 20:28:22','2025-12-10 20:28:22',0),(235333,'ETQ2512224',NULL,6320,NULL,NULL,NULL,NULL,NULL,NULL,NULL,NULL,NULL,NULL,'ARM TRANS INFERIOR',NULL,NULL,40.98,NULL,NULL,NULL,NULL,NULL,NULL,'pendiente','2025-12-10 20:28:21','2025-12-10 20:28:22','2025-12-10 20:28:22',0),(235334,'ETQ2512225',NULL,6320,NULL,NULL,NULL,NULL,NULL,NULL,NULL,NULL,NULL,NULL,'ARM LONG SUPERIOR',NULL,NULL,22.49,NULL,NULL,NULL,NULL,NULL,NULL,'pendiente','2025-12-10 20:28:21','2025-12-10 20:28:22','2025-12-10 20:28:22',0),(235335,'ETQ2512226',NULL,6320,NULL,NULL,NULL,NULL,NULL,NULL,NULL,NULL,NULL,NULL,'ARM TRANS SUPERIOR',NULL,NULL,28.47,NULL,NULL,NULL,NULL,NULL,NULL,'pendiente','2025-12-10 20:28:21','2025-12-10 20:28:22','2025-12-10 20:28:22',0),(235336,'ETQ2512227',NULL,6320,NULL,NULL,NULL,NULL,NULL,NULL,NULL,NULL,NULL,NULL,'PATES',NULL,NULL,7.34,NULL,NULL,NULL,NULL,NULL,NULL,'pendiente','2025-12-10 20:28:21','2025-12-10 20:28:22','2025-12-10 20:28:22',0),(235337,'ETQ2512228',NULL,6320,NULL,NULL,NULL,NULL,NULL,NULL,NULL,NULL,NULL,NULL,'REF LONG SUP',NULL,NULL,4.29,NULL,NULL,NULL,NULL,NULL,NULL,'pendiente','2025-12-10 20:28:21','2025-12-10 20:28:22','2025-12-10 20:28:22',0),(235338,'ETQ2512229',NULL,6320,NULL,NULL,NULL,NULL,NULL,NULL,NULL,NULL,NULL,NULL,'REF TRANS SUP',NULL,NULL,18.05,NULL,NULL,NULL,NULL,NULL,NULL,'pendiente','2025-12-10 20:28:21','2025-12-10 20:28:22','2025-12-10 20:28:22',0),(235339,'ETQ2512223','ETQ2512223.01',6320,NULL,NULL,NULL,NULL,NULL,NULL,NULL,NULL,NULL,NULL,'ARM LONG INFERIOR',NULL,NULL,32.37,NULL,NULL,NULL,NULL,NULL,NULL,'pendiente','2025-12-10 20:28:21','2025-12-10 20:28:21',NULL,0),(235340,'ETQ2512224','ETQ2512224.01',6320,NULL,NULL,NULL,NULL,NULL,NULL,NULL,NULL,NULL,NULL,'ARM TRANS INFERIOR',NULL,NULL,40.98,NULL,NULL,NULL,NULL,NULL,NULL,'pendiente','2025-12-10 20:28:22','2025-12-10 20:28:22',NULL,0),(235341,'ETQ2512225','ETQ2512225.01',6320,NULL,NULL,NULL,NULL,NULL,NULL,NULL,NULL,NULL,NULL,'ARM LONG SUPERIOR',NULL,NULL,22.49,NULL,NULL,NULL,NULL,NULL,NULL,'pendiente','2025-12-10 20:28:22','2025-12-10 20:28:22',NULL,0),(235342,'ETQ2512226','ETQ2512226.01',6320,NULL,NULL,NULL,NULL,NULL,NULL,NULL,NULL,NULL,NULL,'ARM TRANS SUPERIOR',NULL,NULL,28.47,NULL,NULL,NULL,NULL,NULL,NULL,'pendiente','2025-12-10 20:28:22','2025-12-10 20:28:22',NULL,0),(235343,'ETQ2512227','ETQ2512227.01',6320,NULL,NULL,NULL,NULL,NULL,NULL,NULL,NULL,NULL,NULL,'PATES',NULL,NULL,7.34,NULL,NULL,NULL,NULL,NULL,NULL,'pendiente','2025-12-10 20:28:22','2025-12-10 20:28:22',NULL,0),(235344,'ETQ2512228','ETQ2512228.01',6320,NULL,NULL,NULL,NULL,NULL,NULL,NULL,NULL,NULL,NULL,'REF LONG SUP',NULL,NULL,4.29,NULL,NULL,NULL,NULL,NULL,NULL,'pendiente','2025-12-10 20:28:22','2025-12-10 20:28:22',NULL,0),(235345,'ETQ2512229','ETQ2512229.01',6320,NULL,NULL,NULL,NULL,NULL,NULL,NULL,NULL,NULL,NULL,'REF TRANS SUP',NULL,NULL,14.61,NULL,NULL,NULL,NULL,NULL,NULL,'pendiente','2025-12-10 20:28:22','2025-12-10 20:28:22',NULL,0),(235346,'ETQ2512229','ETQ2512229.02',6320,NULL,NULL,NULL,NULL,NULL,NULL,NULL,NULL,NULL,NULL,'REF TRANS SUP',NULL,NULL,3.44,NULL,NULL,NULL,NULL,NULL,NULL,'pendiente','2025-12-10 20:28:22','2025-12-10 20:28:22',NULL,0),(235347,'ETQ2512230',NULL,6321,NULL,NULL,NULL,NULL,NULL,NULL,NULL,NULL,NULL,NULL,'LONG INF-1',NULL,NULL,187.19,NULL,NULL,NULL,NULL,NULL,NULL,'pendiente','2025-12-10 20:28:22','2025-12-10 20:28:23','2025-12-10 20:28:23',0),(235348,'ETQ2512231',NULL,6321,NULL,NULL,NULL,NULL,NULL,NULL,NULL,NULL,NULL,NULL,'LONG INF-2',NULL,NULL,129.63,NULL,NULL,NULL,NULL,NULL,NULL,'pendiente','2025-12-10 20:28:22','2025-12-10 20:28:23','2025-12-10 20:28:23',0),(235349,'ETQ2512232',NULL,6321,NULL,NULL,NULL,NULL,NULL,NULL,NULL,NULL,NULL,NULL,'LONG INF-3',NULL,NULL,81.24,NULL,NULL,NULL,NULL,NULL,NULL,'pendiente','2025-12-10 20:28:22','2025-12-10 20:28:23','2025-12-10 20:28:23',0),(235350,'ETQ2512233',NULL,6321,NULL,NULL,NULL,NULL,NULL,NULL,NULL,NULL,NULL,NULL,'LONG INF-4',NULL,NULL,50.93,NULL,NULL,NULL,NULL,NULL,NULL,'pendiente','2025-12-10 20:28:22','2025-12-10 20:28:23','2025-12-10 20:28:23',0),(235351,'ETQ2512234',NULL,6321,NULL,NULL,NULL,NULL,NULL,NULL,NULL,NULL,NULL,NULL,'PATES',NULL,NULL,92.49,NULL,NULL,NULL,NULL,NULL,NULL,'pendiente','2025-12-10 20:28:22','2025-12-10 20:28:23','2025-12-10 20:28:23',0),(235352,'ETQ2512235',NULL,6321,NULL,NULL,NULL,NULL,NULL,NULL,NULL,NULL,NULL,NULL,'SUJECCIÓN DE PATILLAS',NULL,NULL,22.95,NULL,NULL,NULL,NULL,NULL,NULL,'pendiente','2025-12-10 20:28:22','2025-12-10 20:28:23','2025-12-10 20:28:23',0),(235353,'ETQ2512230','ETQ2512230.01',6321,NULL,NULL,NULL,NULL,NULL,NULL,NULL,NULL,NULL,NULL,'LONG INF-1',NULL,NULL,187.19,NULL,NULL,NULL,NULL,NULL,NULL,'pendiente','2025-12-10 20:28:22','2025-12-10 20:28:22',NULL,0),(235354,'ETQ2512231','ETQ2512231.01',6321,NULL,NULL,NULL,NULL,NULL,NULL,NULL,NULL,NULL,NULL,'LONG INF-2',NULL,NULL,129.63,NULL,NULL,NULL,NULL,NULL,NULL,'pendiente','2025-12-10 20:28:22','2025-12-10 20:28:22',NULL,0),(235355,'ETQ2512232','ETQ2512232.01',6321,NULL,NULL,NULL,NULL,NULL,NULL,NULL,NULL,NULL,NULL,'LONG INF-3',NULL,NULL,81.24,NULL,NULL,NULL,NULL,NULL,NULL,'pendiente','2025-12-10 20:28:22','2025-12-10 20:28:22',NULL,0),(235356,'ETQ2512233','ETQ2512233.01',6321,NULL,NULL,NULL,NULL,NULL,NULL,NULL,NULL,NULL,NULL,'LONG INF-4',NULL,NULL,50.93,NULL,NULL,NULL,NULL,NULL,NULL,'pendiente','2025-12-10 20:28:23','2025-12-10 20:28:23',NULL,0),(235357,'ETQ2512234','ETQ2512234.01',6321,NULL,NULL,NULL,NULL,NULL,NULL,NULL,NULL,NULL,NULL,'PATES',NULL,NULL,92.49,NULL,NULL,NULL,NULL,NULL,NULL,'pendiente','2025-12-10 20:28:23','2025-12-10 20:28:23',NULL,0),(235358,'ETQ2512235','ETQ2512235.01',6321,NULL,NULL,NULL,NULL,NULL,NULL,NULL,NULL,NULL,NULL,'SUJECCIÓN DE PATILLAS',NULL,NULL,22.95,NULL,NULL,NULL,NULL,NULL,NULL,'pendiente','2025-12-10 20:28:23','2025-12-10 20:28:23',NULL,0),(235359,'ETQ2512236',NULL,6322,NULL,NULL,NULL,NULL,NULL,NULL,NULL,NULL,NULL,NULL,'TRANS INF-1',NULL,NULL,129.78,NULL,NULL,NULL,NULL,NULL,NULL,'pendiente','2025-12-10 20:28:23','2025-12-10 20:28:23','2025-12-10 20:28:23',0),(235360,'ETQ2512237',NULL,6322,NULL,NULL,NULL,NULL,NULL,NULL,NULL,NULL,NULL,NULL,'TRANS INF-2',NULL,NULL,158.72,NULL,NULL,NULL,NULL,NULL,NULL,'pendiente','2025-12-10 20:28:23','2025-12-10 20:28:23','2025-12-10 20:28:23',0),(235361,'ETQ2512238',NULL,6322,NULL,NULL,NULL,NULL,NULL,NULL,NULL,NULL,NULL,NULL,'TRANS INF-3',NULL,NULL,150.48,NULL,NULL,NULL,NULL,NULL,NULL,'pendiente','2025-12-10 20:28:23','2025-12-10 20:28:23','2025-12-10 20:28:23',0),(235362,'ETQ2512236','ETQ2512236.01',6322,NULL,NULL,NULL,NULL,NULL,NULL,NULL,NULL,NULL,NULL,'TRANS INF-1',NULL,NULL,129.78,NULL,NULL,NULL,NULL,NULL,NULL,'pendiente','2025-12-10 20:28:23','2025-12-10 20:28:23',NULL,0),(235363,'ETQ2512237','ETQ2512237.01',6322,NULL,NULL,NULL,NULL,NULL,NULL,NULL,NULL,NULL,NULL,'TRANS INF-2',NULL,NULL,158.72,NULL,NULL,NULL,NULL,NULL,NULL,'pendiente','2025-12-10 20:28:23','2025-12-10 20:28:23',NULL,0),(235364,'ETQ2512238','ETQ2512238.01',6322,NULL,NULL,NULL,NULL,NULL,NULL,NULL,NULL,NULL,NULL,'TRANS INF-3',NULL,NULL,150.48,NULL,NULL,NULL,NULL,NULL,NULL,'pendiente','2025-12-10 20:28:23','2025-12-10 20:28:23',NULL,0),(235365,'ETQ2512239',NULL,6323,NULL,NULL,NULL,NULL,NULL,NULL,NULL,NULL,NULL,NULL,'LONG SUP-1',NULL,NULL,122.41,NULL,NULL,NULL,NULL,NULL,NULL,'pendiente','2025-12-10 20:28:23','2025-12-10 20:28:24','2025-12-10 20:28:24',0),(235366,'ETQ2512240',NULL,6323,NULL,NULL,NULL,NULL,NULL,NULL,NULL,NULL,NULL,NULL,'LONG SUP-2',NULL,NULL,85.79,NULL,NULL,NULL,NULL,NULL,NULL,'pendiente','2025-12-10 20:28:23','2025-12-10 20:28:24','2025-12-10 20:28:24',0),(235367,'ETQ2512241',NULL,6323,NULL,NULL,NULL,NULL,NULL,NULL,NULL,NULL,NULL,NULL,'LONG SUP-3',NULL,NULL,53.48,NULL,NULL,NULL,NULL,NULL,NULL,'pendiente','2025-12-10 20:28:23','2025-12-10 20:28:24','2025-12-10 20:28:24',0),(235368,'ETQ2512242',NULL,6323,NULL,NULL,NULL,NULL,NULL,NULL,NULL,NULL,NULL,NULL,'LONG SUP-4',NULL,NULL,35.38,NULL,NULL,NULL,NULL,NULL,NULL,'pendiente','2025-12-10 20:28:23','2025-12-10 20:28:24','2025-12-10 20:28:24',0),(235369,'ETQ2512243',NULL,6323,NULL,NULL,NULL,NULL,NULL,NULL,NULL,NULL,NULL,NULL,'LONG SUP-P4',NULL,NULL,13.01,NULL,NULL,NULL,NULL,NULL,NULL,'pendiente','2025-12-10 20:28:23','2025-12-10 20:28:24','2025-12-10 20:28:24',0),(235370,'ETQ2512244',NULL,6323,NULL,NULL,NULL,NULL,NULL,NULL,NULL,NULL,NULL,NULL,'LONG SUP-P5',NULL,NULL,26.99,NULL,NULL,NULL,NULL,NULL,NULL,'pendiente','2025-12-10 20:28:23','2025-12-10 20:28:24','2025-12-10 20:28:24',0),(235371,'ETQ2512245',NULL,6323,NULL,NULL,NULL,NULL,NULL,NULL,NULL,NULL,NULL,NULL,'LONG SUP-P6',NULL,NULL,6.43,NULL,NULL,NULL,NULL,NULL,NULL,'pendiente','2025-12-10 20:28:23','2025-12-10 20:28:24','2025-12-10 20:28:24',0),(235372,'ETQ2512246',NULL,6323,NULL,NULL,NULL,NULL,NULL,NULL,NULL,NULL,NULL,NULL,'LONG SUP-P7',NULL,NULL,11.26,NULL,NULL,NULL,NULL,NULL,NULL,'pendiente','2025-12-10 20:28:23','2025-12-10 20:28:24','2025-12-10 20:28:24',0),(235373,'ETQ2512239','ETQ2512239.01',6323,NULL,NULL,NULL,NULL,NULL,NULL,NULL,NULL,NULL,NULL,'LONG SUP-1',NULL,NULL,122.41,NULL,NULL,NULL,NULL,NULL,NULL,'pendiente','2025-12-10 20:28:23','2025-12-10 20:28:23',NULL,0),(235374,'ETQ2512240','ETQ2512240.01',6323,NULL,NULL,NULL,NULL,NULL,NULL,NULL,NULL,NULL,NULL,'LONG SUP-2',NULL,NULL,85.79,NULL,NULL,NULL,NULL,NULL,NULL,'pendiente','2025-12-10 20:28:24','2025-12-10 20:28:24',NULL,0),(235375,'ETQ2512241','ETQ2512241.01',6323,NULL,NULL,NULL,NULL,NULL,NULL,NULL,NULL,NULL,NULL,'LONG SUP-3',NULL,NULL,53.48,NULL,NULL,NULL,NULL,NULL,NULL,'pendiente','2025-12-10 20:28:24','2025-12-10 20:28:24',NULL,0),(235376,'ETQ2512242','ETQ2512242.01',6323,NULL,NULL,NULL,NULL,NULL,NULL,NULL,NULL,NULL,NULL,'LONG SUP-4',NULL,NULL,35.38,NULL,NULL,NULL,NULL,NULL,NULL,'pendiente','2025-12-10 20:28:24','2025-12-10 20:28:24',NULL,0),(235377,'ETQ2512243','ETQ2512243.01',6323,NULL,NULL,NULL,NULL,NULL,NULL,NULL,NULL,NULL,NULL,'LONG SUP-P4',NULL,NULL,9.13,NULL,NULL,NULL,NULL,NULL,NULL,'pendiente','2025-12-10 20:28:24','2025-12-10 20:28:24',NULL,0),(235378,'ETQ2512243','ETQ2512243.02',6323,NULL,NULL,NULL,NULL,NULL,NULL,NULL,NULL,NULL,NULL,'LONG SUP-P4',NULL,NULL,3.88,NULL,NULL,NULL,NULL,NULL,NULL,'pendiente','2025-12-10 20:28:24','2025-12-10 20:28:24',NULL,0),(235379,'ETQ2512244','ETQ2512244.01',6323,NULL,NULL,NULL,NULL,NULL,NULL,NULL,NULL,NULL,NULL,'LONG SUP-P5',NULL,NULL,6.22,NULL,NULL,NULL,NULL,NULL,NULL,'pendiente','2025-12-10 20:28:24','2025-12-10 20:28:24',NULL,0),(235380,'ETQ2512244','ETQ2512244.02',6323,NULL,NULL,NULL,NULL,NULL,NULL,NULL,NULL,NULL,NULL,'LONG SUP-P5',NULL,NULL,20.77,NULL,NULL,NULL,NULL,NULL,NULL,'pendiente','2025-12-10 20:28:24','2025-12-10 20:28:24',NULL,0),(235381,'ETQ2512245','ETQ2512245.01',6323,NULL,NULL,NULL,NULL,NULL,NULL,NULL,NULL,NULL,NULL,'LONG SUP-P6',NULL,NULL,6.43,NULL,NULL,NULL,NULL,NULL,NULL,'pendiente','2025-12-10 20:28:24','2025-12-10 20:28:24',NULL,0),(235382,'ETQ2512246','ETQ2512246.01',6323,NULL,NULL,NULL,NULL,NULL,NULL,NULL,NULL,NULL,NULL,'LONG SUP-P7',NULL,NULL,11.26,NULL,NULL,NULL,NULL,NULL,NULL,'pendiente','2025-12-10 20:28:24','2025-12-10 20:28:24',NULL,0),(235383,'ETQ2512247',NULL,6324,NULL,NULL,NULL,NULL,NULL,NULL,NULL,NULL,NULL,NULL,'TRANS SUP-1',NULL,NULL,86.71,NULL,NULL,NULL,NULL,NULL,NULL,'pendiente','2025-12-10 20:28:24','2025-12-10 20:28:25','2025-12-10 20:28:25',0),(235384,'ETQ2512248',NULL,6324,NULL,NULL,NULL,NULL,NULL,NULL,NULL,NULL,NULL,NULL,'TRANS SUP-2',NULL,NULL,114.78,NULL,NULL,NULL,NULL,NULL,NULL,'pendiente','2025-12-10 20:28:24','2025-12-10 20:28:25','2025-12-10 20:28:25',0),(235385,'ETQ2512249',NULL,6324,NULL,NULL,NULL,NULL,NULL,NULL,NULL,NULL,NULL,NULL,'TRANS SUP-3',NULL,NULL,100.01,NULL,NULL,NULL,NULL,NULL,NULL,'pendiente','2025-12-10 20:28:24','2025-12-10 20:28:25','2025-12-10 20:28:25',0),(235386,'ETQ2512250',NULL,6324,NULL,NULL,NULL,NULL,NULL,NULL,NULL,NULL,NULL,NULL,'TRANS SUP-P4',NULL,NULL,5.10,NULL,NULL,NULL,NULL,NULL,NULL,'pendiente','2025-12-10 20:28:24','2025-12-10 20:28:25','2025-12-10 20:28:25',0),(235387,'ETQ2512251',NULL,6324,NULL,NULL,NULL,NULL,NULL,NULL,NULL,NULL,NULL,NULL,'TRANS SUP-P5',NULL,NULL,5.18,NULL,NULL,NULL,NULL,NULL,NULL,'pendiente','2025-12-10 20:28:24','2025-12-10 20:28:25','2025-12-10 20:28:25',0),(235388,'ETQ2512252',NULL,6324,NULL,NULL,NULL,NULL,NULL,NULL,NULL,NULL,NULL,NULL,'TRANS SUP-P6',NULL,NULL,1.80,NULL,NULL,NULL,NULL,NULL,NULL,'pendiente','2025-12-10 20:28:24','2025-12-10 20:28:25','2025-12-10 20:28:25',0),(235389,'ETQ2512253',NULL,6324,NULL,NULL,NULL,NULL,NULL,NULL,NULL,NULL,NULL,NULL,'TRANS SUP-P7',NULL,NULL,6.33,NULL,NULL,NULL,NULL,NULL,NULL,'pendiente','2025-12-10 20:28:25','2025-12-10 20:28:25','2025-12-10 20:28:25',0),(235390,'ETQ2512247','ETQ2512247.01',6324,NULL,NULL,NULL,NULL,NULL,NULL,NULL,NULL,NULL,NULL,'TRANS SUP-1',NULL,NULL,86.71,NULL,NULL,NULL,NULL,NULL,NULL,'pendiente','2025-12-10 20:28:25','2025-12-10 20:28:25',NULL,0),(235391,'ETQ2512248','ETQ2512248.01',6324,NULL,NULL,NULL,NULL,NULL,NULL,NULL,NULL,NULL,NULL,'TRANS SUP-2',NULL,NULL,114.78,NULL,NULL,NULL,NULL,NULL,NULL,'pendiente','2025-12-10 20:28:25','2025-12-10 20:28:25',NULL,0),(235392,'ETQ2512249','ETQ2512249.01',6324,NULL,NULL,NULL,NULL,NULL,NULL,NULL,NULL,NULL,NULL,'TRANS SUP-3',NULL,NULL,100.01,NULL,NULL,NULL,NULL,NULL,NULL,'pendiente','2025-12-10 20:28:25','2025-12-10 20:28:25',NULL,0),(235393,'ETQ2512250','ETQ2512250.01',6324,NULL,NULL,NULL,NULL,NULL,NULL,NULL,NULL,NULL,NULL,'TRANS SUP-P4',NULL,NULL,5.10,NULL,NULL,NULL,NULL,NULL,NULL,'pendiente','2025-12-10 20:28:25','2025-12-10 20:28:25',NULL,0),(235394,'ETQ2512251','ETQ2512251.01',6324,NULL,NULL,NULL,NULL,NULL,NULL,NULL,NULL,NULL,NULL,'TRANS SUP-P5',NULL,NULL,5.18,NULL,NULL,NULL,NULL,NULL,NULL,'pendiente','2025-12-10 20:28:25','2025-12-10 20:28:25',NULL,0),(235395,'ETQ2512252','ETQ2512252.01',6324,NULL,NULL,NULL,NULL,NULL,NULL,NULL,NULL,NULL,NULL,'TRANS SUP-P6',NULL,NULL,1.80,NULL,NULL,NULL,NULL,NULL,NULL,'pendiente','2025-12-10 20:28:25','2025-12-10 20:28:25',NULL,0),(235396,'ETQ2512253','ETQ2512253.01',6324,NULL,NULL,NULL,NULL,NULL,NULL,NULL,NULL,NULL,NULL,'TRANS SUP-P7',NULL,NULL,6.33,NULL,NULL,NULL,NULL,NULL,NULL,'pendiente','2025-12-10 20:28:25','2025-12-10 20:28:25',NULL,0),(235397,'ETQ2512254',NULL,6325,NULL,NULL,NULL,NULL,NULL,NULL,NULL,NULL,NULL,NULL,'AVIONES',NULL,NULL,152.82,NULL,NULL,NULL,NULL,NULL,NULL,'pendiente','2025-12-10 20:28:25','2025-12-10 20:28:27','2025-12-10 20:28:27',0),(235398,'ETQ2512255',NULL,6325,NULL,NULL,NULL,NULL,NULL,NULL,NULL,NULL,NULL,NULL,'CALIQUEÑOS',NULL,NULL,67.92,NULL,NULL,NULL,NULL,NULL,NULL,'pendiente','2025-12-10 20:28:25','2025-12-10 20:28:27','2025-12-10 20:28:27',0),(235399,'ETQ2512256',NULL,6325,NULL,NULL,NULL,NULL,NULL,NULL,NULL,NULL,NULL,NULL,'MACIZADO DE HUECOS',NULL,NULL,76.51,NULL,NULL,NULL,NULL,NULL,NULL,'pendiente','2025-12-10 20:28:25','2025-12-10 20:28:27','2025-12-10 20:28:27',0),(235400,'ETQ2512257',NULL,6325,NULL,NULL,NULL,NULL,NULL,NULL,NULL,NULL,NULL,NULL,'ARRANQUES DE ESCALERA',NULL,NULL,6.36,NULL,NULL,NULL,NULL,NULL,NULL,'pendiente','2025-12-10 20:28:25','2025-12-10 20:28:27','2025-12-10 20:28:27',0),(235401,'ETQ2512258',NULL,6325,NULL,NULL,NULL,NULL,NULL,NULL,NULL,NULL,NULL,NULL,'P6',NULL,NULL,0.55,NULL,NULL,NULL,NULL,NULL,NULL,'pendiente','2025-12-10 20:28:25','2025-12-10 20:28:27','2025-12-10 20:28:27',0),(235402,'ETQ2512259',NULL,6325,NULL,NULL,NULL,NULL,NULL,NULL,NULL,NULL,NULL,NULL,'P14',NULL,NULL,1.12,NULL,NULL,NULL,NULL,NULL,NULL,'pendiente','2025-12-10 20:28:25','2025-12-10 20:28:27','2025-12-10 20:28:27',0),(235403,'ETQ2512260',NULL,6325,NULL,NULL,NULL,NULL,NULL,NULL,NULL,NULL,NULL,NULL,'P10',NULL,NULL,0.42,NULL,NULL,NULL,NULL,NULL,NULL,'pendiente','2025-12-10 20:28:25','2025-12-10 20:28:27','2025-12-10 20:28:27',0),(235404,'ETQ2512261',NULL,6325,NULL,NULL,NULL,NULL,NULL,NULL,NULL,NULL,NULL,NULL,'P15',NULL,NULL,3.27,NULL,NULL,NULL,NULL,NULL,NULL,'pendiente','2025-12-10 20:28:25','2025-12-10 20:28:27','2025-12-10 20:28:27',0),(235405,'ETQ2512262',NULL,6325,NULL,NULL,NULL,NULL,NULL,NULL,NULL,NULL,NULL,NULL,'P16',NULL,NULL,5.73,NULL,NULL,NULL,NULL,NULL,NULL,'pendiente','2025-12-10 20:28:25','2025-12-10 20:28:27','2025-12-10 20:28:27',0),(235406,'ETQ2512263',NULL,6325,NULL,NULL,NULL,NULL,NULL,NULL,NULL,NULL,NULL,NULL,'P17',NULL,NULL,7.04,NULL,NULL,NULL,NULL,NULL,NULL,'pendiente','2025-12-10 20:28:25','2025-12-10 20:28:27','2025-12-10 20:28:27',0),(235407,'ETQ2512264',NULL,6325,NULL,NULL,NULL,NULL,NULL,NULL,NULL,NULL,NULL,NULL,'P18',NULL,NULL,1.35,NULL,NULL,NULL,NULL,NULL,NULL,'pendiente','2025-12-10 20:28:25','2025-12-10 20:28:27','2025-12-10 20:28:27',0),(235408,'ETQ2512265',NULL,6325,NULL,NULL,NULL,NULL,NULL,NULL,NULL,NULL,NULL,NULL,'P21',NULL,NULL,6.32,NULL,NULL,NULL,NULL,NULL,NULL,'pendiente','2025-12-10 20:28:25','2025-12-10 20:28:27','2025-12-10 20:28:27',0),(235409,'ETQ2512266',NULL,6325,NULL,NULL,NULL,NULL,NULL,NULL,NULL,NULL,NULL,NULL,'P23',NULL,NULL,5.31,NULL,NULL,NULL,NULL,NULL,NULL,'pendiente','2025-12-10 20:28:25','2025-12-10 20:28:27','2025-12-10 20:28:27',0),(235410,'ETQ2512267',NULL,6325,NULL,NULL,NULL,NULL,NULL,NULL,NULL,NULL,NULL,NULL,'P24',NULL,NULL,0.59,NULL,NULL,NULL,NULL,NULL,NULL,'pendiente','2025-12-10 20:28:25','2025-12-10 20:28:27','2025-12-10 20:28:27',0),(235411,'ETQ2512268',NULL,6325,NULL,NULL,NULL,NULL,NULL,NULL,NULL,NULL,NULL,NULL,'P25',NULL,NULL,7.83,NULL,NULL,NULL,NULL,NULL,NULL,'pendiente','2025-12-10 20:28:25','2025-12-10 20:28:27','2025-12-10 20:28:27',0),(235412,'ETQ2512269',NULL,6325,NULL,NULL,NULL,NULL,NULL,NULL,NULL,NULL,NULL,NULL,'P28',NULL,NULL,1.31,NULL,NULL,NULL,NULL,NULL,NULL,'pendiente','2025-12-10 20:28:25','2025-12-10 20:28:27','2025-12-10 20:28:27',0),(235413,'ETQ2512270',NULL,6325,NULL,NULL,NULL,NULL,NULL,NULL,NULL,NULL,NULL,NULL,'P30',NULL,NULL,1.61,NULL,NULL,NULL,NULL,NULL,NULL,'pendiente','2025-12-10 20:28:25','2025-12-10 20:28:27','2025-12-10 20:28:27',0),(235414,'ETQ2512271',NULL,6325,NULL,NULL,NULL,NULL,NULL,NULL,NULL,NULL,NULL,NULL,'P31',NULL,NULL,1.61,NULL,NULL,NULL,NULL,NULL,NULL,'pendiente','2025-12-10 20:28:25','2025-12-10 20:28:27','2025-12-10 20:28:27',0),(235415,'ETQ2512272',NULL,6325,NULL,NULL,NULL,NULL,NULL,NULL,NULL,NULL,NULL,NULL,'PA1',NULL,NULL,5.57,NULL,NULL,NULL,NULL,NULL,NULL,'pendiente','2025-12-10 20:28:25','2025-12-10 20:28:27','2025-12-10 20:28:27',0),(235416,'ETQ2512254','ETQ2512254.01',6325,NULL,NULL,NULL,NULL,NULL,NULL,NULL,NULL,NULL,NULL,'AVIONES',NULL,NULL,152.82,NULL,NULL,NULL,NULL,NULL,NULL,'pendiente','2025-12-10 20:28:26','2025-12-10 20:28:26',NULL,0),(235417,'ETQ2512255','ETQ2512255.01',6325,NULL,NULL,NULL,NULL,NULL,NULL,NULL,NULL,NULL,NULL,'CALIQUEÑOS',NULL,NULL,67.92,NULL,NULL,NULL,NULL,NULL,NULL,'pendiente','2025-12-10 20:28:26','2025-12-10 20:28:26',NULL,0),(235418,'ETQ2512256','ETQ2512256.01',6325,NULL,NULL,NULL,NULL,NULL,NULL,NULL,NULL,NULL,NULL,'MACIZADO DE HUECOS',NULL,NULL,76.51,NULL,NULL,NULL,NULL,NULL,NULL,'pendiente','2025-12-10 20:28:26','2025-12-10 20:28:26',NULL,0),(235419,'ETQ2512257','ETQ2512257.01',6325,NULL,NULL,NULL,NULL,NULL,NULL,NULL,NULL,NULL,NULL,'ARRANQUES DE ESCALERA',NULL,NULL,6.36,NULL,NULL,NULL,NULL,NULL,NULL,'pendiente','2025-12-10 20:28:26','2025-12-10 20:28:26',NULL,0),(235420,'ETQ2512258','ETQ2512258.01',6325,NULL,NULL,NULL,NULL,NULL,NULL,NULL,NULL,NULL,NULL,'P6',NULL,NULL,0.55,NULL,NULL,NULL,NULL,NULL,NULL,'pendiente','2025-12-10 20:28:26','2025-12-10 20:28:26',NULL,0),(235421,'ETQ2512259','ETQ2512259.01',6325,NULL,NULL,NULL,NULL,NULL,NULL,NULL,NULL,NULL,NULL,'P14',NULL,NULL,1.12,NULL,NULL,NULL,NULL,NULL,NULL,'pendiente','2025-12-10 20:28:26','2025-12-10 20:28:26',NULL,0),(235422,'ETQ2512260','ETQ2512260.01',6325,NULL,NULL,NULL,NULL,NULL,NULL,NULL,NULL,NULL,NULL,'P10',NULL,NULL,0.42,NULL,NULL,NULL,NULL,NULL,NULL,'pendiente','2025-12-10 20:28:26','2025-12-10 20:28:26',NULL,0),(235423,'ETQ2512261','ETQ2512261.01',6325,NULL,NULL,NULL,NULL,NULL,NULL,NULL,NULL,NULL,NULL,'P15',NULL,NULL,3.27,NULL,NULL,NULL,NULL,NULL,NULL,'pendiente','2025-12-10 20:28:26','2025-12-10 20:28:26',NULL,0),(235424,'ETQ2512262','ETQ2512262.01',6325,NULL,NULL,NULL,NULL,NULL,NULL,NULL,NULL,NULL,NULL,'P16',NULL,NULL,3.17,NULL,NULL,NULL,NULL,NULL,NULL,'pendiente','2025-12-10 20:28:26','2025-12-10 20:28:26',NULL,0),(235425,'ETQ2512262','ETQ2512262.02',6325,NULL,NULL,NULL,NULL,NULL,NULL,NULL,NULL,NULL,NULL,'P16',NULL,NULL,2.56,NULL,NULL,NULL,NULL,NULL,NULL,'pendiente','2025-12-10 20:28:26','2025-12-10 20:28:26',NULL,0),(235426,'ETQ2512263','ETQ2512263.01',6325,NULL,NULL,NULL,NULL,NULL,NULL,NULL,NULL,NULL,NULL,'P17',NULL,NULL,7.04,NULL,NULL,NULL,NULL,NULL,NULL,'pendiente','2025-12-10 20:28:26','2025-12-10 20:28:26',NULL,0),(235427,'ETQ2512264','ETQ2512264.01',6325,NULL,NULL,NULL,NULL,NULL,NULL,NULL,NULL,NULL,NULL,'P18',NULL,NULL,1.35,NULL,NULL,NULL,NULL,NULL,NULL,'pendiente','2025-12-10 20:28:26','2025-12-10 20:28:26',NULL,0),(235428,'ETQ2512265','ETQ2512265.01',6325,NULL,NULL,NULL,NULL,NULL,NULL,NULL,NULL,NULL,NULL,'P21',NULL,NULL,5.47,NULL,NULL,NULL,NULL,NULL,NULL,'pendiente','2025-12-10 20:28:26','2025-12-10 20:28:27',NULL,0),(235429,'ETQ2512265','ETQ2512265.02',6325,NULL,NULL,NULL,NULL,NULL,NULL,NULL,NULL,NULL,NULL,'P21',NULL,NULL,0.85,NULL,NULL,NULL,NULL,NULL,NULL,'pendiente','2025-12-10 20:28:27','2025-12-10 20:28:27',NULL,0),(235430,'ETQ2512266','ETQ2512266.01',6325,NULL,NULL,NULL,NULL,NULL,NULL,NULL,NULL,NULL,NULL,'P23',NULL,NULL,4.22,NULL,NULL,NULL,NULL,NULL,NULL,'pendiente','2025-12-10 20:28:27','2025-12-10 20:28:27',NULL,0),(235431,'ETQ2512266','ETQ2512266.02',6325,NULL,NULL,NULL,NULL,NULL,NULL,NULL,NULL,NULL,NULL,'P23',NULL,NULL,1.09,NULL,NULL,NULL,NULL,NULL,NULL,'pendiente','2025-12-10 20:28:27','2025-12-10 20:28:27',NULL,0),(235432,'ETQ2512267','ETQ2512267.01',6325,NULL,NULL,NULL,NULL,NULL,NULL,NULL,NULL,NULL,NULL,'P24',NULL,NULL,0.59,NULL,NULL,NULL,NULL,NULL,NULL,'pendiente','2025-12-10 20:28:27','2025-12-10 20:28:27',NULL,0),(235433,'ETQ2512268','ETQ2512268.01',6325,NULL,NULL,NULL,NULL,NULL,NULL,NULL,NULL,NULL,NULL,'P25',NULL,NULL,5.27,NULL,NULL,NULL,NULL,NULL,NULL,'pendiente','2025-12-10 20:28:27','2025-12-10 20:28:27',NULL,0),(235434,'ETQ2512268','ETQ2512268.02',6325,NULL,NULL,NULL,NULL,NULL,NULL,NULL,NULL,NULL,NULL,'P25',NULL,NULL,2.56,NULL,NULL,NULL,NULL,NULL,NULL,'pendiente','2025-12-10 20:28:27','2025-12-10 20:28:27',NULL,0),(235435,'ETQ2512269','ETQ2512269.01',6325,NULL,NULL,NULL,NULL,NULL,NULL,NULL,NULL,NULL,NULL,'P28',NULL,NULL,1.31,NULL,NULL,NULL,NULL,NULL,NULL,'pendiente','2025-12-10 20:28:27','2025-12-10 20:28:27',NULL,0),(235436,'ETQ2512270','ETQ2512270.01',6325,NULL,NULL,NULL,NULL,NULL,NULL,NULL,NULL,NULL,NULL,'P30',NULL,NULL,1.61,NULL,NULL,NULL,NULL,NULL,NULL,'pendiente','2025-12-10 20:28:27','2025-12-10 20:28:27',NULL,0),(235437,'ETQ2512271','ETQ2512271.01',6325,NULL,NULL,NULL,NULL,NULL,NULL,NULL,NULL,NULL,NULL,'P31',NULL,NULL,0.76,NULL,NULL,NULL,NULL,NULL,NULL,'pendiente','2025-12-10 20:28:27','2025-12-10 20:28:27',NULL,0),(235438,'ETQ2512271','ETQ2512271.02',6325,NULL,NULL,NULL,NULL,NULL,NULL,NULL,NULL,NULL,NULL,'P31',NULL,NULL,0.85,NULL,NULL,NULL,NULL,NULL,NULL,'pendiente','2025-12-10 20:28:27','2025-12-10 20:28:27',NULL,0),(235439,'ETQ2512272','ETQ2512272.01',6325,NULL,NULL,NULL,NULL,NULL,NULL,NULL,NULL,NULL,NULL,'PA1',NULL,NULL,3.11,NULL,NULL,NULL,NULL,NULL,NULL,'pendiente','2025-12-10 20:28:27','2025-12-10 20:28:27',NULL,0),(235440,'ETQ2512272','ETQ2512272.02',6325,NULL,NULL,NULL,NULL,NULL,NULL,NULL,NULL,NULL,NULL,'PA1',NULL,NULL,2.46,NULL,NULL,NULL,NULL,NULL,NULL,'pendiente','2025-12-10 20:28:27','2025-12-10 20:28:27',NULL,0),(235441,'ETQ2512273',NULL,6326,NULL,NULL,NULL,NULL,NULL,NULL,NULL,NULL,NULL,NULL,'ZETAS DE SALTO',NULL,NULL,329.93,NULL,NULL,NULL,NULL,NULL,NULL,'pendiente','2025-12-10 20:28:27','2025-12-10 20:28:28','2025-12-10 20:28:28',0),(235442,'ETQ2512274',NULL,6326,NULL,NULL,NULL,NULL,NULL,NULL,NULL,NULL,NULL,NULL,'VERTICALES DE PETOS',NULL,NULL,82.16,NULL,NULL,NULL,NULL,NULL,NULL,'pendiente','2025-12-10 20:28:27','2025-12-10 20:28:28','2025-12-10 20:28:28',0),(235443,'ETQ2512275',NULL,6326,NULL,NULL,NULL,NULL,NULL,NULL,NULL,NULL,NULL,NULL,'SUJECCIÓN VERTICALES PETOS',NULL,NULL,53.47,NULL,NULL,NULL,NULL,NULL,NULL,'pendiente','2025-12-10 20:28:27','2025-12-10 20:28:28','2025-12-10 20:28:28',0),(235444,'ETQ2512276',NULL,6326,NULL,NULL,NULL,NULL,NULL,NULL,NULL,NULL,NULL,NULL,'P4',NULL,NULL,0.40,NULL,NULL,NULL,NULL,NULL,NULL,'pendiente','2025-12-10 20:28:27','2025-12-10 20:28:28','2025-12-10 20:28:28',0),(235445,'ETQ2512277',NULL,6326,NULL,NULL,NULL,NULL,NULL,NULL,NULL,NULL,NULL,NULL,'P5',NULL,NULL,0.17,NULL,NULL,NULL,NULL,NULL,NULL,'pendiente','2025-12-10 20:28:27','2025-12-10 20:28:28','2025-12-10 20:28:28',0),(235446,'ETQ2512278',NULL,6326,NULL,NULL,NULL,NULL,NULL,NULL,NULL,NULL,NULL,NULL,'P6',NULL,NULL,0.69,NULL,NULL,NULL,NULL,NULL,NULL,'pendiente','2025-12-10 20:28:27','2025-12-10 20:28:28','2025-12-10 20:28:28',0),(235447,'ETQ2512279',NULL,6326,NULL,NULL,NULL,NULL,NULL,NULL,NULL,NULL,NULL,NULL,'P7',NULL,NULL,0.17,NULL,NULL,NULL,NULL,NULL,NULL,'pendiente','2025-12-10 20:28:28','2025-12-10 20:28:28','2025-12-10 20:28:28',0),(235448,'ETQ2512280',NULL,6326,NULL,NULL,NULL,NULL,NULL,NULL,NULL,NULL,NULL,NULL,'P26',NULL,NULL,1.37,NULL,NULL,NULL,NULL,NULL,NULL,'pendiente','2025-12-10 20:28:28','2025-12-10 20:28:28','2025-12-10 20:28:28',0),(235449,'ETQ2512273','ETQ2512273.01',6326,NULL,NULL,NULL,NULL,NULL,NULL,NULL,NULL,NULL,NULL,'ZETAS DE SALTO',NULL,NULL,329.93,NULL,NULL,NULL,NULL,NULL,NULL,'pendiente','2025-12-10 20:28:28','2025-12-10 20:28:28',NULL,0),(235450,'ETQ2512274','ETQ2512274.01',6326,NULL,NULL,NULL,NULL,NULL,NULL,NULL,NULL,NULL,NULL,'VERTICALES DE PETOS',NULL,NULL,82.16,NULL,NULL,NULL,NULL,NULL,NULL,'pendiente','2025-12-10 20:28:28','2025-12-10 20:28:28',NULL,0),(235451,'ETQ2512275','ETQ2512275.01',6326,NULL,NULL,NULL,NULL,NULL,NULL,NULL,NULL,NULL,NULL,'SUJECCIÓN VERTICALES PETOS',NULL,NULL,48.98,NULL,NULL,NULL,NULL,NULL,NULL,'pendiente','2025-12-10 20:28:28','2025-12-10 20:28:28',NULL,0),(235452,'ETQ2512275','ETQ2512275.02',6326,NULL,NULL,NULL,NULL,NULL,NULL,NULL,NULL,NULL,NULL,'SUJECCIÓN VERTICALES PETOS',NULL,NULL,4.49,NULL,NULL,NULL,NULL,NULL,NULL,'pendiente','2025-12-10 20:28:28','2025-12-10 20:28:28',NULL,0),(235453,'ETQ2512276','ETQ2512276.01',6326,NULL,NULL,NULL,NULL,NULL,NULL,NULL,NULL,NULL,NULL,'P4',NULL,NULL,0.40,NULL,NULL,NULL,NULL,NULL,NULL,'pendiente','2025-12-10 20:28:28','2025-12-10 20:28:28',NULL,0),(235454,'ETQ2512277','ETQ2512277.01',6326,NULL,NULL,NULL,NULL,NULL,NULL,NULL,NULL,NULL,NULL,'P5',NULL,NULL,0.17,NULL,NULL,NULL,NULL,NULL,NULL,'pendiente','2025-12-10 20:28:28','2025-12-10 20:28:28',NULL,0),(235455,'ETQ2512278','ETQ2512278.01',6326,NULL,NULL,NULL,NULL,NULL,NULL,NULL,NULL,NULL,NULL,'P6',NULL,NULL,0.69,NULL,NULL,NULL,NULL,NULL,NULL,'pendiente','2025-12-10 20:28:28','2025-12-10 20:28:28',NULL,0),(235456,'ETQ2512279','ETQ2512279.01',6326,NULL,NULL,NULL,NULL,NULL,NULL,NULL,NULL,NULL,NULL,'P7',NULL,NULL,0.17,NULL,NULL,NULL,NULL,NULL,NULL,'pendiente','2025-12-10 20:28:28','2025-12-10 20:28:28',NULL,0),(235457,'ETQ2512280','ETQ2512280.01',6326,NULL,NULL,NULL,NULL,NULL,NULL,NULL,NULL,NULL,NULL,'P26',NULL,NULL,1.37,NULL,NULL,NULL,NULL,NULL,NULL,'pendiente','2025-12-10 20:28:28','2025-12-10 20:28:28',NULL,0),(235458,'ETQ2512281',NULL,6327,NULL,NULL,NULL,NULL,NULL,NULL,NULL,NULL,NULL,NULL,'INF-1',NULL,NULL,14.14,NULL,NULL,NULL,NULL,NULL,NULL,'pendiente','2025-12-10 20:28:28','2025-12-10 20:28:29','2025-12-10 20:28:29',0),(235459,'ETQ2512282',NULL,6327,NULL,NULL,NULL,NULL,NULL,NULL,NULL,NULL,NULL,NULL,'INF-2',NULL,NULL,6.24,NULL,NULL,NULL,NULL,NULL,NULL,'pendiente','2025-12-10 20:28:28','2025-12-10 20:28:29','2025-12-10 20:28:29',0),(235460,'ETQ2512283',NULL,6327,NULL,NULL,NULL,NULL,NULL,NULL,NULL,NULL,NULL,NULL,'INF-3',NULL,NULL,24.56,NULL,NULL,NULL,NULL,NULL,NULL,'pendiente','2025-12-10 20:28:28','2025-12-10 20:28:29','2025-12-10 20:28:29',0),(235461,'ETQ2512284',NULL,6327,NULL,NULL,NULL,NULL,NULL,NULL,NULL,NULL,NULL,NULL,'SUP-1',NULL,NULL,8.79,NULL,NULL,NULL,NULL,NULL,NULL,'pendiente','2025-12-10 20:28:28','2025-12-10 20:28:29','2025-12-10 20:28:29',0),(235462,'ETQ2512285',NULL,6327,NULL,NULL,NULL,NULL,NULL,NULL,NULL,NULL,NULL,NULL,'SUP-2',NULL,NULL,4.21,NULL,NULL,NULL,NULL,NULL,NULL,'pendiente','2025-12-10 20:28:28','2025-12-10 20:28:29','2025-12-10 20:28:29',0),(235463,'ETQ2512286',NULL,6327,NULL,NULL,NULL,NULL,NULL,NULL,NULL,NULL,NULL,NULL,'SUP-3',NULL,NULL,10.90,NULL,NULL,NULL,NULL,NULL,NULL,'pendiente','2025-12-10 20:28:28','2025-12-10 20:28:29','2025-12-10 20:28:29',0),(235464,'ETQ2512287',NULL,6327,NULL,NULL,NULL,NULL,NULL,NULL,NULL,NULL,NULL,NULL,'SECC B-B',NULL,NULL,18.20,NULL,NULL,NULL,NULL,NULL,NULL,'pendiente','2025-12-10 20:28:28','2025-12-10 20:28:29','2025-12-10 20:28:29',0),(235465,'ETQ2512288',NULL,6327,NULL,NULL,NULL,NULL,NULL,NULL,NULL,NULL,NULL,NULL,'SECC D-D',NULL,NULL,12.91,NULL,NULL,NULL,NULL,NULL,NULL,'pendiente','2025-12-10 20:28:28','2025-12-10 20:28:29','2025-12-10 20:28:29',0),(235466,'ETQ2512289',NULL,6327,NULL,NULL,NULL,NULL,NULL,NULL,NULL,NULL,NULL,NULL,'SECC E-E',NULL,NULL,1.09,NULL,NULL,NULL,NULL,NULL,NULL,'pendiente','2025-12-10 20:28:28','2025-12-10 20:28:29','2025-12-10 20:28:29',0),(235467,'ETQ2512290',NULL,6327,NULL,NULL,NULL,NULL,NULL,NULL,NULL,NULL,NULL,NULL,'SECC F-F',NULL,NULL,11.99,NULL,NULL,NULL,NULL,NULL,NULL,'pendiente','2025-12-10 20:28:28','2025-12-10 20:28:29','2025-12-10 20:28:29',0),(235468,'ETQ2512291',NULL,6327,NULL,NULL,NULL,NULL,NULL,NULL,NULL,NULL,NULL,NULL,'PATES',NULL,NULL,8.82,NULL,NULL,NULL,NULL,NULL,NULL,'pendiente','2025-12-10 20:28:28','2025-12-10 20:28:29','2025-12-10 20:28:29',0),(235469,'ETQ2512281','ETQ2512281.01',6327,NULL,NULL,NULL,NULL,NULL,NULL,NULL,NULL,NULL,NULL,'INF-1',NULL,NULL,14.14,NULL,NULL,NULL,NULL,NULL,NULL,'pendiente','2025-12-10 20:28:29','2025-12-10 20:28:29',NULL,0),(235470,'ETQ2512282','ETQ2512282.01',6327,NULL,NULL,NULL,NULL,NULL,NULL,NULL,NULL,NULL,NULL,'INF-2',NULL,NULL,6.24,NULL,NULL,NULL,NULL,NULL,NULL,'pendiente','2025-12-10 20:28:29','2025-12-10 20:28:29',NULL,0),(235471,'ETQ2512283','ETQ2512283.01',6327,NULL,NULL,NULL,NULL,NULL,NULL,NULL,NULL,NULL,NULL,'INF-3',NULL,NULL,24.56,NULL,NULL,NULL,NULL,NULL,NULL,'pendiente','2025-12-10 20:28:29','2025-12-10 20:28:29',NULL,0),(235472,'ETQ2512284','ETQ2512284.01',6327,NULL,NULL,NULL,NULL,NULL,NULL,NULL,NULL,NULL,NULL,'SUP-1',NULL,NULL,8.79,NULL,NULL,NULL,NULL,NULL,NULL,'pendiente','2025-12-10 20:28:29','2025-12-10 20:28:29',NULL,0),(235473,'ETQ2512285','ETQ2512285.01',6327,NULL,NULL,NULL,NULL,NULL,NULL,NULL,NULL,NULL,NULL,'SUP-2',NULL,NULL,4.21,NULL,NULL,NULL,NULL,NULL,NULL,'pendiente','2025-12-10 20:28:29','2025-12-10 20:28:29',NULL,0),(235474,'ETQ2512286','ETQ2512286.01',6327,NULL,NULL,NULL,NULL,NULL,NULL,NULL,NULL,NULL,NULL,'SUP-3',NULL,NULL,10.90,NULL,NULL,NULL,NULL,NULL,NULL,'pendiente','2025-12-10 20:28:29','2025-12-10 20:28:29',NULL,0),(235475,'ETQ2512287','ETQ2512287.01',6327,NULL,NULL,NULL,NULL,NULL,NULL,NULL,NULL,NULL,NULL,'SECC B-B',NULL,NULL,18.20,NULL,NULL,NULL,NULL,NULL,NULL,'pendiente','2025-12-10 20:28:29','2025-12-10 20:28:29',NULL,0),(235476,'ETQ2512288','ETQ2512288.01',6327,NULL,NULL,NULL,NULL,NULL,NULL,NULL,NULL,NULL,NULL,'SECC D-D',NULL,NULL,12.91,NULL,NULL,NULL,NULL,NULL,NULL,'pendiente','2025-12-10 20:28:29','2025-12-10 20:28:29',NULL,0),(235477,'ETQ2512289','ETQ2512289.01',6327,NULL,NULL,NULL,NULL,NULL,NULL,NULL,NULL,NULL,NULL,'SECC E-E',NULL,NULL,1.09,NULL,NULL,NULL,NULL,NULL,NULL,'pendiente','2025-12-10 20:28:29','2025-12-10 20:28:29',NULL,0),(235478,'ETQ2512290','ETQ2512290.01',6327,NULL,NULL,NULL,NULL,NULL,NULL,NULL,NULL,NULL,NULL,'SECC F-F',NULL,NULL,11.99,NULL,NULL,NULL,NULL,NULL,NULL,'pendiente','2025-12-10 20:28:29','2025-12-10 20:28:29',NULL,0),(235479,'ETQ2512291','ETQ2512291.01',6327,NULL,NULL,NULL,NULL,NULL,NULL,NULL,NULL,NULL,NULL,'PATES',NULL,NULL,8.82,NULL,NULL,NULL,NULL,NULL,NULL,'pendiente','2025-12-10 20:28:29','2025-12-10 20:28:29',NULL,0);
/*!40000 ALTER TABLE `etiquetas` ENABLE KEYS */;
UNLOCK TABLES;

--
-- Table structure for table `eventos_ficticios_obra`
--

DROP TABLE IF EXISTS `eventos_ficticios_obra`;
/*!40101 SET @saved_cs_client     = @@character_set_client */;
/*!40101 SET character_set_client = utf8 */;
CREATE TABLE `eventos_ficticios_obra` (
  `id` bigint(20) unsigned NOT NULL AUTO_INCREMENT,
  `trabajador_ficticio_id` bigint(20) unsigned NOT NULL,
  `fecha` date NOT NULL,
  `obra_id` bigint(20) unsigned DEFAULT NULL,
  `created_at` timestamp NULL DEFAULT NULL,
  `updated_at` timestamp NULL DEFAULT NULL,
  PRIMARY KEY (`id`),
  KEY `eventos_ficticios_obra_fecha_obra_id_index` (`fecha`,`obra_id`),
  KEY `eventos_ficticios_obra_trabajador_ficticio_id_foreign` (`trabajador_ficticio_id`),
  KEY `eventos_ficticios_obra_obra_id_foreign` (`obra_id`),
  CONSTRAINT `eventos_ficticios_obra_obra_id_foreign` FOREIGN KEY (`obra_id`) REFERENCES `obras` (`id`) ON DELETE SET NULL,
  CONSTRAINT `eventos_ficticios_obra_trabajador_ficticio_id_foreign` FOREIGN KEY (`trabajador_ficticio_id`) REFERENCES `trabajadores_ficticios` (`id`) ON DELETE CASCADE
) ENGINE=InnoDB AUTO_INCREMENT=12 DEFAULT CHARSET=utf8mb4 COLLATE=utf8mb4_unicode_ci;
/*!40101 SET character_set_client = @saved_cs_client */;

--
-- Dumping data for table `eventos_ficticios_obra`
--

LOCK TABLES `eventos_ficticios_obra` WRITE;
/*!40000 ALTER TABLE `eventos_ficticios_obra` DISABLE KEYS */;
INSERT INTO `eventos_ficticios_obra` VALUES (1,1,'2025-12-09',117,'2025-12-09 07:24:32','2025-12-09 07:24:32'),(2,1,'2025-12-10',117,'2025-12-09 07:24:32','2025-12-09 07:24:32'),(3,1,'2025-12-11',117,'2025-12-09 07:24:32','2025-12-09 07:24:32'),(4,1,'2025-12-09',187,'2025-12-09 07:24:39','2025-12-09 07:51:57'),(5,1,'2025-12-10',187,'2025-12-09 07:24:39','2025-12-09 07:51:57'),(6,1,'2025-12-11',187,'2025-12-09 07:24:39','2025-12-09 07:51:57'),(8,1,'2025-12-09',143,'2025-12-09 07:34:57','2025-12-09 07:35:02'),(9,1,'2025-12-10',137,'2025-12-09 07:34:57','2025-12-09 07:34:57'),(10,1,'2025-12-11',137,'2025-12-09 07:34:57','2025-12-09 07:34:57'),(11,1,'2025-12-12',137,'2025-12-09 07:34:57','2025-12-09 07:34:57');
/*!40000 ALTER TABLE `eventos_ficticios_obra` ENABLE KEYS */;
UNLOCK TABLES;

--
-- Table structure for table `fabricacion_logs`
--

DROP TABLE IF EXISTS `fabricacion_logs`;
/*!40101 SET @saved_cs_client     = @@character_set_client */;
/*!40101 SET character_set_client = utf8 */;
CREATE TABLE `fabricacion_logs` (
  `id` bigint(20) unsigned NOT NULL AUTO_INCREMENT,
  `created_at` timestamp NULL DEFAULT NULL,
  `updated_at` timestamp NULL DEFAULT NULL,
  PRIMARY KEY (`id`)
) ENGINE=InnoDB DEFAULT CHARSET=utf8mb4 COLLATE=utf8mb4_unicode_ci;
/*!40101 SET character_set_client = @saved_cs_client */;

--
-- Dumping data for table `fabricacion_logs`
--

LOCK TABLES `fabricacion_logs` WRITE;
/*!40000 ALTER TABLE `fabricacion_logs` DISABLE KEYS */;
/*!40000 ALTER TABLE `fabricacion_logs` ENABLE KEYS */;
UNLOCK TABLES;

--
-- Table structure for table `fabricantes`
--

DROP TABLE IF EXISTS `fabricantes`;
/*!40101 SET @saved_cs_client     = @@character_set_client */;
/*!40101 SET character_set_client = utf8 */;
CREATE TABLE `fabricantes` (
  `id` bigint(20) unsigned NOT NULL AUTO_INCREMENT,
  `nombre` varchar(255) NOT NULL,
  `telefono` varchar(50) DEFAULT NULL,
  `email` varchar(255) DEFAULT NULL,
  `direccion` text DEFAULT NULL,
  `created_at` timestamp NOT NULL DEFAULT current_timestamp(),
  `updated_at` timestamp NOT NULL DEFAULT current_timestamp() ON UPDATE current_timestamp(),
  `deleted_at` timestamp NULL DEFAULT NULL,
  PRIMARY KEY (`id`)
) ENGINE=InnoDB AUTO_INCREMENT=8 DEFAULT CHARSET=utf8mb4 COLLATE=utf8mb4_general_ci;
/*!40101 SET character_set_client = @saved_cs_client */;

--
-- Dumping data for table `fabricantes`
--

LOCK TABLES `fabricantes` WRITE;
/*!40000 ALTER TABLE `fabricantes` DISABLE KEYS */;
INSERT INTO `fabricantes` VALUES (2,'MEGASA','----','edumagrolemus@hotmail.com','Polígono La Isla, Sevilla','2025-05-01 15:04:59','2025-11-06 19:18:00',NULL),(3,'SIDERURGICA SEVILLANA','954222332','ventas.sise@rivagroup.com','Calle Forja, Córdoba','2025-05-01 15:04:59','2025-09-09 09:44:44',NULL),(7,'CELSA','76544333','celsaa@hotmail.com',NULL,'2025-05-30 05:03:37','2025-08-25 07:44:38',NULL);
/*!40000 ALTER TABLE `fabricantes` ENABLE KEYS */;
UNLOCK TABLES;

--
-- Table structure for table `failed_jobs`
--

DROP TABLE IF EXISTS `failed_jobs`;
/*!40101 SET @saved_cs_client     = @@character_set_client */;
/*!40101 SET character_set_client = utf8 */;
CREATE TABLE `failed_jobs` (
  `id` bigint(20) unsigned NOT NULL AUTO_INCREMENT,
  `uuid` varchar(255) NOT NULL,
  `connection` text NOT NULL,
  `queue` text NOT NULL,
  `payload` longtext NOT NULL,
  `exception` longtext NOT NULL,
  `failed_at` timestamp NOT NULL DEFAULT current_timestamp(),
  PRIMARY KEY (`id`),
  UNIQUE KEY `failed_jobs_uuid_unique` (`uuid`)
) ENGINE=InnoDB AUTO_INCREMENT=4 DEFAULT CHARSET=utf8mb4 COLLATE=utf8mb4_unicode_ci;
/*!40101 SET character_set_client = @saved_cs_client */;

--
-- Dumping data for table `failed_jobs`
--

LOCK TABLES `failed_jobs` WRITE;
/*!40000 ALTER TABLE `failed_jobs` DISABLE KEYS */;
INSERT INTO `failed_jobs` VALUES (1,'8766942e-a535-4f04-be28-2a3df69953e9','database','default','{\"uuid\":\"8766942e-a535-4f04-be28-2a3df69953e9\",\"displayName\":\"App\\\\Jobs\\\\DividirNominasJob\",\"job\":\"Illuminate\\\\Queue\\\\CallQueuedHandler@call\",\"maxTries\":null,\"maxExceptions\":null,\"failOnTimeout\":false,\"backoff\":null,\"timeout\":null,\"retryUntil\":null,\"data\":{\"commandName\":\"App\\\\Jobs\\\\DividirNominasJob\",\"command\":\"O:26:\\\"App\\\\Jobs\\\\DividirNominasJob\\\":3:{s:15:\\\"\\u0000*\\u0000rutaAbsoluta\\\";s:93:\\\"C:\\\\xampp\\\\htdocs\\\\manager\\\\storage\\\\app\\/private\\/temp\\/WZyHAkFed241o8JpG2hNhNBAkbc3DoBnvDdq1WCN.pdf\\\";s:10:\\\"\\u0000*\\u0000mesAnio\\\";s:7:\\\"2025-01\\\";s:9:\\\"\\u0000*\\u0000userId\\\";i:1;}\"}}','setasign\\Fpdi\\PdfParser\\CrossReference\\CrossReferenceException: This PDF document probably uses a compression technique which is not supported by the free parser shipped with FPDI. (See https://www.setasign.com/fpdi-pdf-parser for more details) in C:\\xampp\\htdocs\\manager\\vendor\\setasign\\fpdi\\src\\PdfParser\\CrossReference\\CrossReference.php:257\nStack trace:\n#0 C:\\xampp\\htdocs\\manager\\vendor\\setasign\\fpdi\\src\\PdfParser\\CrossReference\\CrossReference.php(209): setasign\\Fpdi\\PdfParser\\CrossReference\\CrossReference->initReaderInstance(Object(setasign\\Fpdi\\PdfParser\\Type\\PdfIndirectObject))\n#1 C:\\xampp\\htdocs\\manager\\vendor\\setasign\\fpdi\\src\\PdfParser\\CrossReference\\CrossReference.php(67): setasign\\Fpdi\\PdfParser\\CrossReference\\CrossReference->readXref(116)\n#2 C:\\xampp\\htdocs\\manager\\vendor\\setasign\\fpdi\\src\\PdfParser\\PdfParser.php(158): setasign\\Fpdi\\PdfParser\\CrossReference\\CrossReference->__construct(Object(setasign\\Fpdi\\PdfParser\\PdfParser), 0)\n#3 C:\\xampp\\htdocs\\manager\\vendor\\setasign\\fpdi\\src\\PdfParser\\PdfParser.php(206): setasign\\Fpdi\\PdfParser\\PdfParser->getCrossReference()\n#4 C:\\xampp\\htdocs\\manager\\vendor\\setasign\\fpdi\\src\\PdfParser\\PdfParser.php(182): setasign\\Fpdi\\PdfParser\\PdfParser->getCatalog()\n#5 C:\\xampp\\htdocs\\manager\\vendor\\setasign\\fpdi\\src\\PdfReader\\PdfReader.php(84): setasign\\Fpdi\\PdfParser\\PdfParser->getPdfVersion()\n#6 C:\\xampp\\htdocs\\manager\\vendor\\setasign\\fpdi\\src\\FpdiTrait.php(237): setasign\\Fpdi\\PdfReader\\PdfReader->getPdfVersion()\n#7 C:\\xampp\\htdocs\\manager\\vendor\\setasign\\fpdi\\src\\FpdiTrait.php(216): setasign\\Fpdi\\Fpdi->setSourceFileWithParserParams(\'C:\\\\xampp\\\\htdocs...\')\n#8 C:\\xampp\\htdocs\\manager\\app\\Jobs\\DividirNominasJob.php(101): setasign\\Fpdi\\Fpdi->setSourceFile(\'C:\\\\xampp\\\\htdocs...\')\n#9 C:\\xampp\\htdocs\\manager\\vendor\\laravel\\framework\\src\\Illuminate\\Container\\BoundMethod.php(36): App\\Jobs\\DividirNominasJob->handle()\n#10 C:\\xampp\\htdocs\\manager\\vendor\\laravel\\framework\\src\\Illuminate\\Container\\Util.php(43): Illuminate\\Container\\BoundMethod::Illuminate\\Container\\{closure}()\n#11 C:\\xampp\\htdocs\\manager\\vendor\\laravel\\framework\\src\\Illuminate\\Container\\BoundMethod.php(95): Illuminate\\Container\\Util::unwrapIfClosure(Object(Closure))\n#12 C:\\xampp\\htdocs\\manager\\vendor\\laravel\\framework\\src\\Illuminate\\Container\\BoundMethod.php(35): Illuminate\\Container\\BoundMethod::callBoundMethod(Object(Illuminate\\Foundation\\Application), Array, Object(Closure))\n#13 C:\\xampp\\htdocs\\manager\\vendor\\laravel\\framework\\src\\Illuminate\\Container\\Container.php(696): Illuminate\\Container\\BoundMethod::call(Object(Illuminate\\Foundation\\Application), Array, Array, NULL)\n#14 C:\\xampp\\htdocs\\manager\\vendor\\laravel\\framework\\src\\Illuminate\\Bus\\Dispatcher.php(126): Illuminate\\Container\\Container->call(Array)\n#15 C:\\xampp\\htdocs\\manager\\vendor\\laravel\\framework\\src\\Illuminate\\Pipeline\\Pipeline.php(170): Illuminate\\Bus\\Dispatcher->Illuminate\\Bus\\{closure}(Object(App\\Jobs\\DividirNominasJob))\n#16 C:\\xampp\\htdocs\\manager\\vendor\\laravel\\framework\\src\\Illuminate\\Pipeline\\Pipeline.php(127): Illuminate\\Pipeline\\Pipeline->Illuminate\\Pipeline\\{closure}(Object(App\\Jobs\\DividirNominasJob))\n#17 C:\\xampp\\htdocs\\manager\\vendor\\laravel\\framework\\src\\Illuminate\\Bus\\Dispatcher.php(130): Illuminate\\Pipeline\\Pipeline->then(Object(Closure))\n#18 C:\\xampp\\htdocs\\manager\\vendor\\laravel\\framework\\src\\Illuminate\\Queue\\CallQueuedHandler.php(126): Illuminate\\Bus\\Dispatcher->dispatchNow(Object(App\\Jobs\\DividirNominasJob), false)\n#19 C:\\xampp\\htdocs\\manager\\vendor\\laravel\\framework\\src\\Illuminate\\Pipeline\\Pipeline.php(170): Illuminate\\Queue\\CallQueuedHandler->Illuminate\\Queue\\{closure}(Object(App\\Jobs\\DividirNominasJob))\n#20 C:\\xampp\\htdocs\\manager\\vendor\\laravel\\framework\\src\\Illuminate\\Pipeline\\Pipeline.php(127): Illuminate\\Pipeline\\Pipeline->Illuminate\\Pipeline\\{closure}(Object(App\\Jobs\\DividirNominasJob))\n#21 C:\\xampp\\htdocs\\manager\\vendor\\laravel\\framework\\src\\Illuminate\\Queue\\CallQueuedHandler.php(121): Illuminate\\Pipeline\\Pipeline->then(Object(Closure))\n#22 C:\\xampp\\htdocs\\manager\\vendor\\laravel\\framework\\src\\Illuminate\\Queue\\CallQueuedHandler.php(69): Illuminate\\Queue\\CallQueuedHandler->dispatchThroughMiddleware(Object(Illuminate\\Queue\\Jobs\\DatabaseJob), Object(App\\Jobs\\DividirNominasJob))\n#23 C:\\xampp\\htdocs\\manager\\vendor\\laravel\\framework\\src\\Illuminate\\Queue\\Jobs\\Job.php(102): Illuminate\\Queue\\CallQueuedHandler->call(Object(Illuminate\\Queue\\Jobs\\DatabaseJob), Array)\n#24 C:\\xampp\\htdocs\\manager\\vendor\\laravel\\framework\\src\\Illuminate\\Queue\\Worker.php(442): Illuminate\\Queue\\Jobs\\Job->fire()\n#25 C:\\xampp\\htdocs\\manager\\vendor\\laravel\\framework\\src\\Illuminate\\Queue\\Worker.php(392): Illuminate\\Queue\\Worker->process(\'database\', Object(Illuminate\\Queue\\Jobs\\DatabaseJob), Object(Illuminate\\Queue\\WorkerOptions))\n#26 C:\\xampp\\htdocs\\manager\\vendor\\laravel\\framework\\src\\Illuminate\\Queue\\Worker.php(178): Illuminate\\Queue\\Worker->runJob(Object(Illuminate\\Queue\\Jobs\\DatabaseJob), \'database\', Object(Illuminate\\Queue\\WorkerOptions))\n#27 C:\\xampp\\htdocs\\manager\\vendor\\laravel\\framework\\src\\Illuminate\\Queue\\Console\\WorkCommand.php(149): Illuminate\\Queue\\Worker->daemon(\'database\', \'default\', Object(Illuminate\\Queue\\WorkerOptions))\n#28 C:\\xampp\\htdocs\\manager\\vendor\\laravel\\framework\\src\\Illuminate\\Queue\\Console\\WorkCommand.php(132): Illuminate\\Queue\\Console\\WorkCommand->runWorker(\'database\', \'default\')\n#29 C:\\xampp\\htdocs\\manager\\vendor\\laravel\\framework\\src\\Illuminate\\Container\\BoundMethod.php(36): Illuminate\\Queue\\Console\\WorkCommand->handle()\n#30 C:\\xampp\\htdocs\\manager\\vendor\\laravel\\framework\\src\\Illuminate\\Container\\Util.php(43): Illuminate\\Container\\BoundMethod::Illuminate\\Container\\{closure}()\n#31 C:\\xampp\\htdocs\\manager\\vendor\\laravel\\framework\\src\\Illuminate\\Container\\BoundMethod.php(95): Illuminate\\Container\\Util::unwrapIfClosure(Object(Closure))\n#32 C:\\xampp\\htdocs\\manager\\vendor\\laravel\\framework\\src\\Illuminate\\Container\\BoundMethod.php(35): Illuminate\\Container\\BoundMethod::callBoundMethod(Object(Illuminate\\Foundation\\Application), Array, Object(Closure))\n#33 C:\\xampp\\htdocs\\manager\\vendor\\laravel\\framework\\src\\Illuminate\\Container\\Container.php(696): Illuminate\\Container\\BoundMethod::call(Object(Illuminate\\Foundation\\Application), Array, Array, NULL)\n#34 C:\\xampp\\htdocs\\manager\\vendor\\laravel\\framework\\src\\Illuminate\\Console\\Command.php(213): Illuminate\\Container\\Container->call(Array)\n#35 C:\\xampp\\htdocs\\manager\\vendor\\symfony\\console\\Command\\Command.php(279): Illuminate\\Console\\Command->execute(Object(Symfony\\Component\\Console\\Input\\ArgvInput), Object(Illuminate\\Console\\OutputStyle))\n#36 C:\\xampp\\htdocs\\manager\\vendor\\laravel\\framework\\src\\Illuminate\\Console\\Command.php(182): Symfony\\Component\\Console\\Command\\Command->run(Object(Symfony\\Component\\Console\\Input\\ArgvInput), Object(Illuminate\\Console\\OutputStyle))\n#37 C:\\xampp\\htdocs\\manager\\vendor\\symfony\\console\\Application.php(1094): Illuminate\\Console\\Command->run(Object(Symfony\\Component\\Console\\Input\\ArgvInput), Object(Symfony\\Component\\Console\\Output\\ConsoleOutput))\n#38 C:\\xampp\\htdocs\\manager\\vendor\\symfony\\console\\Application.php(342): Symfony\\Component\\Console\\Application->doRunCommand(Object(Illuminate\\Queue\\Console\\WorkCommand), Object(Symfony\\Component\\Console\\Input\\ArgvInput), Object(Symfony\\Component\\Console\\Output\\ConsoleOutput))\n#39 C:\\xampp\\htdocs\\manager\\vendor\\symfony\\console\\Application.php(193): Symfony\\Component\\Console\\Application->doRun(Object(Symfony\\Component\\Console\\Input\\ArgvInput), Object(Symfony\\Component\\Console\\Output\\ConsoleOutput))\n#40 C:\\xampp\\htdocs\\manager\\vendor\\laravel\\framework\\src\\Illuminate\\Foundation\\Console\\Kernel.php(198): Symfony\\Component\\Console\\Application->run(Object(Symfony\\Component\\Console\\Input\\ArgvInput), Object(Symfony\\Component\\Console\\Output\\ConsoleOutput))\n#41 C:\\xampp\\htdocs\\manager\\vendor\\laravel\\framework\\src\\Illuminate\\Foundation\\Application.php(1235): Illuminate\\Foundation\\Console\\Kernel->handle(Object(Symfony\\Component\\Console\\Input\\ArgvInput), Object(Symfony\\Component\\Console\\Output\\ConsoleOutput))\n#42 C:\\xampp\\htdocs\\manager\\artisan(13): Illuminate\\Foundation\\Application->handleCommand(Object(Symfony\\Component\\Console\\Input\\ArgvInput))\n#43 {main}','2025-07-24 20:21:22'),(2,'0d07ac9e-bb2e-4e8f-b931-7e375ea9ada7','database','default','{\"uuid\":\"0d07ac9e-bb2e-4e8f-b931-7e375ea9ada7\",\"displayName\":\"App\\\\Jobs\\\\DividirNominasJob\",\"job\":\"Illuminate\\\\Queue\\\\CallQueuedHandler@call\",\"maxTries\":1,\"maxExceptions\":null,\"failOnTimeout\":false,\"backoff\":null,\"timeout\":180,\"retryUntil\":null,\"data\":{\"commandName\":\"App\\\\Jobs\\\\DividirNominasJob\",\"command\":\"O:26:\\\"App\\\\Jobs\\\\DividirNominasJob\\\":4:{s:15:\\\"\\u0000*\\u0000rutaAbsoluta\\\";s:93:\\\"C:\\\\xampp\\\\htdocs\\\\manager\\\\storage\\\\app\\/private\\/temp\\/ax840eppYc68YROHbEq6EMKJMXzmwbJSMJ9ng2Rl.pdf\\\";s:10:\\\"\\u0000*\\u0000mesAnio\\\";s:7:\\\"2025-08\\\";s:9:\\\"\\u0000*\\u0000userId\\\";i:1;s:11:\\\"afterCommit\\\";b:1;}\"}}','Illuminate\\Queue\\MaxAttemptsExceededException: App\\Jobs\\DividirNominasJob has been attempted too many times. in C:\\xampp\\htdocs\\manager\\vendor\\laravel\\framework\\src\\Illuminate\\Queue\\MaxAttemptsExceededException.php:24\nStack trace:\n#0 C:\\xampp\\htdocs\\manager\\vendor\\laravel\\framework\\src\\Illuminate\\Queue\\Worker.php(794): Illuminate\\Queue\\MaxAttemptsExceededException::forJob(Object(Illuminate\\Queue\\Jobs\\DatabaseJob))\n#1 C:\\xampp\\htdocs\\manager\\vendor\\laravel\\framework\\src\\Illuminate\\Queue\\Worker.php(528): Illuminate\\Queue\\Worker->maxAttemptsExceededException(Object(Illuminate\\Queue\\Jobs\\DatabaseJob))\n#2 C:\\xampp\\htdocs\\manager\\vendor\\laravel\\framework\\src\\Illuminate\\Queue\\Worker.php(431): Illuminate\\Queue\\Worker->markJobAsFailedIfAlreadyExceedsMaxAttempts(\'database\', Object(Illuminate\\Queue\\Jobs\\DatabaseJob), 1)\n#3 C:\\xampp\\htdocs\\manager\\vendor\\laravel\\framework\\src\\Illuminate\\Queue\\Worker.php(392): Illuminate\\Queue\\Worker->process(\'database\', Object(Illuminate\\Queue\\Jobs\\DatabaseJob), Object(Illuminate\\Queue\\WorkerOptions))\n#4 C:\\xampp\\htdocs\\manager\\vendor\\laravel\\framework\\src\\Illuminate\\Queue\\Worker.php(178): Illuminate\\Queue\\Worker->runJob(Object(Illuminate\\Queue\\Jobs\\DatabaseJob), \'database\', Object(Illuminate\\Queue\\WorkerOptions))\n#5 C:\\xampp\\htdocs\\manager\\vendor\\laravel\\framework\\src\\Illuminate\\Queue\\Console\\WorkCommand.php(149): Illuminate\\Queue\\Worker->daemon(\'database\', \'default\', Object(Illuminate\\Queue\\WorkerOptions))\n#6 C:\\xampp\\htdocs\\manager\\vendor\\laravel\\framework\\src\\Illuminate\\Queue\\Console\\WorkCommand.php(132): Illuminate\\Queue\\Console\\WorkCommand->runWorker(\'database\', \'default\')\n#7 C:\\xampp\\htdocs\\manager\\vendor\\laravel\\framework\\src\\Illuminate\\Container\\BoundMethod.php(36): Illuminate\\Queue\\Console\\WorkCommand->handle()\n#8 C:\\xampp\\htdocs\\manager\\vendor\\laravel\\framework\\src\\Illuminate\\Container\\Util.php(43): Illuminate\\Container\\BoundMethod::Illuminate\\Container\\{closure}()\n#9 C:\\xampp\\htdocs\\manager\\vendor\\laravel\\framework\\src\\Illuminate\\Container\\BoundMethod.php(95): Illuminate\\Container\\Util::unwrapIfClosure(Object(Closure))\n#10 C:\\xampp\\htdocs\\manager\\vendor\\laravel\\framework\\src\\Illuminate\\Container\\BoundMethod.php(35): Illuminate\\Container\\BoundMethod::callBoundMethod(Object(Illuminate\\Foundation\\Application), Array, Object(Closure))\n#11 C:\\xampp\\htdocs\\manager\\vendor\\laravel\\framework\\src\\Illuminate\\Container\\Container.php(696): Illuminate\\Container\\BoundMethod::call(Object(Illuminate\\Foundation\\Application), Array, Array, NULL)\n#12 C:\\xampp\\htdocs\\manager\\vendor\\laravel\\framework\\src\\Illuminate\\Console\\Command.php(213): Illuminate\\Container\\Container->call(Array)\n#13 C:\\xampp\\htdocs\\manager\\vendor\\symfony\\console\\Command\\Command.php(279): Illuminate\\Console\\Command->execute(Object(Symfony\\Component\\Console\\Input\\ArgvInput), Object(Illuminate\\Console\\OutputStyle))\n#14 C:\\xampp\\htdocs\\manager\\vendor\\laravel\\framework\\src\\Illuminate\\Console\\Command.php(182): Symfony\\Component\\Console\\Command\\Command->run(Object(Symfony\\Component\\Console\\Input\\ArgvInput), Object(Illuminate\\Console\\OutputStyle))\n#15 C:\\xampp\\htdocs\\manager\\vendor\\symfony\\console\\Application.php(1094): Illuminate\\Console\\Command->run(Object(Symfony\\Component\\Console\\Input\\ArgvInput), Object(Symfony\\Component\\Console\\Output\\ConsoleOutput))\n#16 C:\\xampp\\htdocs\\manager\\vendor\\symfony\\console\\Application.php(342): Symfony\\Component\\Console\\Application->doRunCommand(Object(Illuminate\\Queue\\Console\\WorkCommand), Object(Symfony\\Component\\Console\\Input\\ArgvInput), Object(Symfony\\Component\\Console\\Output\\ConsoleOutput))\n#17 C:\\xampp\\htdocs\\manager\\vendor\\symfony\\console\\Application.php(193): Symfony\\Component\\Console\\Application->doRun(Object(Symfony\\Component\\Console\\Input\\ArgvInput), Object(Symfony\\Component\\Console\\Output\\ConsoleOutput))\n#18 C:\\xampp\\htdocs\\manager\\vendor\\laravel\\framework\\src\\Illuminate\\Foundation\\Console\\Kernel.php(198): Symfony\\Component\\Console\\Application->run(Object(Symfony\\Component\\Console\\Input\\ArgvInput), Object(Symfony\\Component\\Console\\Output\\ConsoleOutput))\n#19 C:\\xampp\\htdocs\\manager\\vendor\\laravel\\framework\\src\\Illuminate\\Foundation\\Application.php(1235): Illuminate\\Foundation\\Console\\Kernel->handle(Object(Symfony\\Component\\Console\\Input\\ArgvInput), Object(Symfony\\Component\\Console\\Output\\ConsoleOutput))\n#20 C:\\xampp\\htdocs\\manager\\artisan(13): Illuminate\\Foundation\\Application->handleCommand(Object(Symfony\\Component\\Console\\Input\\ArgvInput))\n#21 {main}','2025-09-02 15:13:29'),(3,'25ea5e0f-f62b-41da-9392-d567d62a5dc9','database','default','{\"uuid\":\"25ea5e0f-f62b-41da-9392-d567d62a5dc9\",\"displayName\":\"App\\\\Jobs\\\\DividirNominasJob\",\"job\":\"Illuminate\\\\Queue\\\\CallQueuedHandler@call\",\"maxTries\":null,\"maxExceptions\":null,\"failOnTimeout\":false,\"backoff\":null,\"timeout\":null,\"retryUntil\":null,\"data\":{\"commandName\":\"App\\\\Jobs\\\\DividirNominasJob\",\"command\":\"O:26:\\\"App\\\\Jobs\\\\DividirNominasJob\\\":3:{s:15:\\\"\\u0000*\\u0000rutaAbsoluta\\\";s:93:\\\"C:\\\\xampp\\\\htdocs\\\\manager\\\\storage\\\\app\\/private\\/temp\\/udJLcCL8gGnfjMGA6xsIP4EBDjR5u7nrKZkRbCS1.pdf\\\";s:10:\\\"\\u0000*\\u0000mesAnio\\\";s:7:\\\"2025-08\\\";s:9:\\\"\\u0000*\\u0000userId\\\";i:1;}\"}}','Illuminate\\Queue\\MaxAttemptsExceededException: App\\Jobs\\DividirNominasJob has been attempted too many times. in C:\\xampp\\htdocs\\manager\\vendor\\laravel\\framework\\src\\Illuminate\\Queue\\MaxAttemptsExceededException.php:24\nStack trace:\n#0 C:\\xampp\\htdocs\\manager\\vendor\\laravel\\framework\\src\\Illuminate\\Queue\\Worker.php(794): Illuminate\\Queue\\MaxAttemptsExceededException::forJob(Object(Illuminate\\Queue\\Jobs\\DatabaseJob))\n#1 C:\\xampp\\htdocs\\manager\\vendor\\laravel\\framework\\src\\Illuminate\\Queue\\Worker.php(528): Illuminate\\Queue\\Worker->maxAttemptsExceededException(Object(Illuminate\\Queue\\Jobs\\DatabaseJob))\n#2 C:\\xampp\\htdocs\\manager\\vendor\\laravel\\framework\\src\\Illuminate\\Queue\\Worker.php(431): Illuminate\\Queue\\Worker->markJobAsFailedIfAlreadyExceedsMaxAttempts(\'database\', Object(Illuminate\\Queue\\Jobs\\DatabaseJob), 1)\n#3 C:\\xampp\\htdocs\\manager\\vendor\\laravel\\framework\\src\\Illuminate\\Queue\\Worker.php(392): Illuminate\\Queue\\Worker->process(\'database\', Object(Illuminate\\Queue\\Jobs\\DatabaseJob), Object(Illuminate\\Queue\\WorkerOptions))\n#4 C:\\xampp\\htdocs\\manager\\vendor\\laravel\\framework\\src\\Illuminate\\Queue\\Worker.php(178): Illuminate\\Queue\\Worker->runJob(Object(Illuminate\\Queue\\Jobs\\DatabaseJob), \'database\', Object(Illuminate\\Queue\\WorkerOptions))\n#5 C:\\xampp\\htdocs\\manager\\vendor\\laravel\\framework\\src\\Illuminate\\Queue\\Console\\WorkCommand.php(149): Illuminate\\Queue\\Worker->daemon(\'database\', \'default\', Object(Illuminate\\Queue\\WorkerOptions))\n#6 C:\\xampp\\htdocs\\manager\\vendor\\laravel\\framework\\src\\Illuminate\\Queue\\Console\\WorkCommand.php(132): Illuminate\\Queue\\Console\\WorkCommand->runWorker(\'database\', \'default\')\n#7 C:\\xampp\\htdocs\\manager\\vendor\\laravel\\framework\\src\\Illuminate\\Container\\BoundMethod.php(36): Illuminate\\Queue\\Console\\WorkCommand->handle()\n#8 C:\\xampp\\htdocs\\manager\\vendor\\laravel\\framework\\src\\Illuminate\\Container\\Util.php(43): Illuminate\\Container\\BoundMethod::Illuminate\\Container\\{closure}()\n#9 C:\\xampp\\htdocs\\manager\\vendor\\laravel\\framework\\src\\Illuminate\\Container\\BoundMethod.php(95): Illuminate\\Container\\Util::unwrapIfClosure(Object(Closure))\n#10 C:\\xampp\\htdocs\\manager\\vendor\\laravel\\framework\\src\\Illuminate\\Container\\BoundMethod.php(35): Illuminate\\Container\\BoundMethod::callBoundMethod(Object(Illuminate\\Foundation\\Application), Array, Object(Closure))\n#11 C:\\xampp\\htdocs\\manager\\vendor\\laravel\\framework\\src\\Illuminate\\Container\\Container.php(696): Illuminate\\Container\\BoundMethod::call(Object(Illuminate\\Foundation\\Application), Array, Array, NULL)\n#12 C:\\xampp\\htdocs\\manager\\vendor\\laravel\\framework\\src\\Illuminate\\Console\\Command.php(213): Illuminate\\Container\\Container->call(Array)\n#13 C:\\xampp\\htdocs\\manager\\vendor\\symfony\\console\\Command\\Command.php(279): Illuminate\\Console\\Command->execute(Object(Symfony\\Component\\Console\\Input\\ArgvInput), Object(Illuminate\\Console\\OutputStyle))\n#14 C:\\xampp\\htdocs\\manager\\vendor\\laravel\\framework\\src\\Illuminate\\Console\\Command.php(182): Symfony\\Component\\Console\\Command\\Command->run(Object(Symfony\\Component\\Console\\Input\\ArgvInput), Object(Illuminate\\Console\\OutputStyle))\n#15 C:\\xampp\\htdocs\\manager\\vendor\\symfony\\console\\Application.php(1094): Illuminate\\Console\\Command->run(Object(Symfony\\Component\\Console\\Input\\ArgvInput), Object(Symfony\\Component\\Console\\Output\\ConsoleOutput))\n#16 C:\\xampp\\htdocs\\manager\\vendor\\symfony\\console\\Application.php(342): Symfony\\Component\\Console\\Application->doRunCommand(Object(Illuminate\\Queue\\Console\\WorkCommand), Object(Symfony\\Component\\Console\\Input\\ArgvInput), Object(Symfony\\Component\\Console\\Output\\ConsoleOutput))\n#17 C:\\xampp\\htdocs\\manager\\vendor\\symfony\\console\\Application.php(193): Symfony\\Component\\Console\\Application->doRun(Object(Symfony\\Component\\Console\\Input\\ArgvInput), Object(Symfony\\Component\\Console\\Output\\ConsoleOutput))\n#18 C:\\xampp\\htdocs\\manager\\vendor\\laravel\\framework\\src\\Illuminate\\Foundation\\Console\\Kernel.php(198): Symfony\\Component\\Console\\Application->run(Object(Symfony\\Component\\Console\\Input\\ArgvInput), Object(Symfony\\Component\\Console\\Output\\ConsoleOutput))\n#19 C:\\xampp\\htdocs\\manager\\vendor\\laravel\\framework\\src\\Illuminate\\Foundation\\Application.php(1235): Illuminate\\Foundation\\Console\\Kernel->handle(Object(Symfony\\Component\\Console\\Input\\ArgvInput), Object(Symfony\\Component\\Console\\Output\\ConsoleOutput))\n#20 C:\\xampp\\htdocs\\manager\\artisan(13): Illuminate\\Foundation\\Application->handleCommand(Object(Symfony\\Component\\Console\\Input\\ArgvInput))\n#21 {main}','2025-09-02 15:16:53');
/*!40000 ALTER TABLE `failed_jobs` ENABLE KEYS */;
UNLOCK TABLES;

--
-- Table structure for table `festivos`
--

DROP TABLE IF EXISTS `festivos`;
/*!40101 SET @saved_cs_client     = @@character_set_client */;
/*!40101 SET character_set_client = utf8 */;
CREATE TABLE `festivos` (
  `id` bigint(20) unsigned NOT NULL AUTO_INCREMENT,
  `titulo` varchar(255) NOT NULL,
  `fecha` date NOT NULL,
  `editable` tinyint(1) NOT NULL DEFAULT 1,
  `anio` smallint(5) unsigned NOT NULL,
  `created_at` timestamp NULL DEFAULT NULL,
  `updated_at` timestamp NULL DEFAULT NULL,
  PRIMARY KEY (`id`),
  UNIQUE KEY `unique_fecha_anio` (`fecha`,`anio`)
) ENGINE=InnoDB AUTO_INCREMENT=20 DEFAULT CHARSET=utf8mb4 COLLATE=utf8mb4_unicode_ci;
/*!40101 SET character_set_client = @saved_cs_client */;

--
-- Dumping data for table `festivos`
--

LOCK TABLES `festivos` WRITE;
/*!40000 ALTER TABLE `festivos` DISABLE KEYS */;
INSERT INTO `festivos` VALUES (1,'Año Nuevo','2025-01-01',1,2025,'2025-05-02 16:03:05','2025-08-11 12:25:57'),(2,'Día de Reyes / Epifanía del Señor','2025-01-06',1,2025,'2025-05-02 16:03:05','2025-08-11 12:25:57'),(3,'Día de Andalucía','2025-02-28',1,2025,'2025-05-02 16:03:05','2025-08-11 12:25:57'),(4,'Jueves Santo','2025-04-17',1,2025,'2025-05-02 16:03:05','2025-08-11 12:25:57'),(5,'Viernes Santo','2025-04-18',1,2025,'2025-05-02 16:03:05','2025-08-11 12:25:57'),(6,'Fiesta del trabajo','2025-05-01',1,2025,'2025-05-02 16:03:05','2025-08-11 12:25:57'),(7,'Asunción','2025-08-15',1,2025,'2025-05-02 16:03:05','2025-08-11 22:17:49'),(8,'Fiesta Nacional de España','2025-10-12',1,2025,'2025-05-02 16:03:05','2025-08-11 12:25:57'),(9,'Día de todos los Santos','2025-11-01',1,2025,'2025-05-02 16:03:05','2025-08-11 12:25:57'),(10,'Día de la Constitución','2025-12-06',1,2025,'2025-05-02 16:03:05','2025-08-11 12:25:57'),(11,'Inmaculada Concepción','2025-12-08',1,2025,'2025-05-02 16:03:05','2025-08-11 12:25:57'),(12,'Navidad','2025-12-25',1,2025,'2025-05-02 16:03:05','2025-08-11 12:25:57'),(13,'Festividad de Nuestra Señora de las Nieves','2025-08-02',1,2025,'2025-05-02 16:03:05','2025-08-11 17:55:15'),(14,'Feria Los Palacios y Vfca','2025-09-25',1,2025,'2025-05-02 16:03:05','2025-08-11 12:25:57'),(19,'Festivo Feria el Trobal','2025-08-20',1,2025,'2025-08-11 21:56:29','2025-08-11 21:56:38');
/*!40000 ALTER TABLE `festivos` ENABLE KEYS */;
UNLOCK TABLES;

--
-- Table structure for table `incorporacion_documentos`
--

DROP TABLE IF EXISTS `incorporacion_documentos`;
/*!40101 SET @saved_cs_client     = @@character_set_client */;
/*!40101 SET character_set_client = utf8 */;
CREATE TABLE `incorporacion_documentos` (
  `id` bigint(20) unsigned NOT NULL AUTO_INCREMENT,
  `incorporacion_id` bigint(20) unsigned NOT NULL,
  `tipo` varchar(50) NOT NULL,
  `archivo` varchar(255) DEFAULT NULL,
  `notas` text DEFAULT NULL,
  `completado` tinyint(1) DEFAULT 0,
  `completado_at` timestamp NULL DEFAULT NULL,
  `subido_por` bigint(20) unsigned DEFAULT NULL,
  `created_at` timestamp NOT NULL DEFAULT current_timestamp(),
  `updated_at` timestamp NOT NULL DEFAULT current_timestamp() ON UPDATE current_timestamp(),
  PRIMARY KEY (`id`),
  UNIQUE KEY `uk_incorporacion_tipo` (`incorporacion_id`,`tipo`),
  KEY `fk_documentos_subido_por` (`subido_por`),
  KEY `idx_documentos_incorporacion` (`incorporacion_id`),
  KEY `idx_documentos_tipo` (`tipo`),
  CONSTRAINT `fk_documentos_incorporacion` FOREIGN KEY (`incorporacion_id`) REFERENCES `incorporaciones` (`id`) ON DELETE CASCADE,
  CONSTRAINT `fk_documentos_subido_por` FOREIGN KEY (`subido_por`) REFERENCES `users` (`id`) ON DELETE SET NULL
) ENGINE=InnoDB AUTO_INCREMENT=5 DEFAULT CHARSET=utf8mb4 COLLATE=utf8mb4_unicode_ci;
/*!40101 SET character_set_client = @saved_cs_client */;

--
-- Dumping data for table `incorporacion_documentos`
--

LOCK TABLES `incorporacion_documentos` WRITE;
/*!40000 ALTER TABLE `incorporacion_documentos` DISABLE KEYS */;
INSERT INTO `incorporacion_documentos` VALUES (1,8,'info_preventiva','info_preventiva_1764230565.pdf','Nota de prueba',1,'2025-11-27 08:02:45',1,'2025-11-27 08:02:45','2025-11-27 08:02:45'),(2,10,'cv','cv_1764668958.pdf','Este chaval es de pernanbuco',1,'2025-12-02 09:49:18',1,'2025-12-02 09:49:18','2025-12-02 09:49:18'),(4,11,'cv','cv_1764777368.pdf','chaval del trobal',1,'2025-12-03 15:56:08',1,'2025-12-03 15:56:08','2025-12-03 15:56:08');
/*!40000 ALTER TABLE `incorporacion_documentos` ENABLE KEYS */;
UNLOCK TABLES;

--
-- Table structure for table `incorporacion_formaciones`
--

DROP TABLE IF EXISTS `incorporacion_formaciones`;
/*!40101 SET @saved_cs_client     = @@character_set_client */;
/*!40101 SET character_set_client = utf8 */;
CREATE TABLE `incorporacion_formaciones` (
  `id` bigint(20) unsigned NOT NULL AUTO_INCREMENT,
  `incorporacion_id` bigint(20) unsigned NOT NULL,
  `tipo` enum('curso_20h_generico','curso_6h_ferralla','otros_cursos','formacion_generica_puesto','formacion_especifica_puesto') NOT NULL,
  `nombre` varchar(255) DEFAULT NULL COMMENT 'Nombre descriptivo del curso',
  `archivo` varchar(255) NOT NULL,
  `created_at` timestamp NOT NULL DEFAULT current_timestamp(),
  PRIMARY KEY (`id`),
  KEY `idx_formaciones_incorporacion` (`incorporacion_id`),
  KEY `idx_formaciones_tipo` (`tipo`),
  CONSTRAINT `fk_formaciones_incorporacion` FOREIGN KEY (`incorporacion_id`) REFERENCES `incorporaciones` (`id`) ON DELETE CASCADE
) ENGINE=InnoDB AUTO_INCREMENT=7 DEFAULT CHARSET=utf8mb4 COLLATE=utf8mb4_unicode_ci;
/*!40101 SET character_set_client = @saved_cs_client */;

--
-- Dumping data for table `incorporacion_formaciones`
--

LOCK TABLES `incorporacion_formaciones` WRITE;
/*!40000 ALTER TABLE `incorporacion_formaciones` DISABLE KEYS */;
INSERT INTO `incorporacion_formaciones` VALUES (5,8,'curso_20h_generico',NULL,'curso_20h_generico_1764227102_6927f81e434fd.pdf','2025-11-27 07:05:02'),(6,8,'curso_6h_ferralla',NULL,'curso_6h_ferralla_1764227102_6927f81e43dbf.pdf','2025-11-27 07:05:02');
/*!40000 ALTER TABLE `incorporacion_formaciones` ENABLE KEYS */;
UNLOCK TABLES;

--
-- Table structure for table `incorporacion_logs`
--

DROP TABLE IF EXISTS `incorporacion_logs`;
/*!40101 SET @saved_cs_client     = @@character_set_client */;
/*!40101 SET character_set_client = utf8 */;
CREATE TABLE `incorporacion_logs` (
  `id` bigint(20) unsigned NOT NULL AUTO_INCREMENT,
  `incorporacion_id` bigint(20) unsigned NOT NULL,
  `accion` varchar(100) NOT NULL,
  `descripcion` text DEFAULT NULL,
  `datos_anteriores` longtext CHARACTER SET utf8mb4 COLLATE utf8mb4_bin DEFAULT NULL CHECK (json_valid(`datos_anteriores`)),
  `datos_nuevos` longtext CHARACTER SET utf8mb4 COLLATE utf8mb4_bin DEFAULT NULL CHECK (json_valid(`datos_nuevos`)),
  `ip` varchar(45) DEFAULT NULL,
  `user_agent` varchar(500) DEFAULT NULL,
  `user_id` bigint(20) unsigned DEFAULT NULL,
  `created_at` timestamp NOT NULL DEFAULT current_timestamp(),
  PRIMARY KEY (`id`),
  KEY `fk_logs_user` (`user_id`),
  KEY `idx_logs_incorporacion` (`incorporacion_id`),
  KEY `idx_logs_accion` (`accion`),
  KEY `idx_logs_created` (`created_at`),
  CONSTRAINT `fk_logs_incorporacion` FOREIGN KEY (`incorporacion_id`) REFERENCES `incorporaciones` (`id`) ON DELETE CASCADE,
  CONSTRAINT `fk_logs_user` FOREIGN KEY (`user_id`) REFERENCES `users` (`id`) ON DELETE SET NULL
) ENGINE=InnoDB AUTO_INCREMENT=30 DEFAULT CHARSET=utf8mb4 COLLATE=utf8mb4_unicode_ci;
/*!40101 SET character_set_client = @saved_cs_client */;

--
-- Dumping data for table `incorporacion_logs`
--

LOCK TABLES `incorporacion_logs` WRITE;
/*!40000 ALTER TABLE `incorporacion_logs` DISABLE KEYS */;
INSERT INTO `incorporacion_logs` VALUES (13,8,'incorporacion_creada','Incorporación creada para Nombre de prueba',NULL,NULL,'127.0.0.1','Mozilla/5.0 (Windows NT 10.0; Win64; x64) AppleWebKit/537.36 (KHTML, like Gecko) Chrome/142.0.0.0 Safari/537.36',1,'2025-11-27 06:52:29'),(14,8,'datos_completados','El candidato ha completado el formulario de incorporación. Usuario creado automáticamente.',NULL,'{\"dni\":\"12345677P\",\"email\":\"aaaaaaaaaa@hotmail.com\",\"telefono\":\"685244132\",\"user_id\":91}','127.0.0.1','Mozilla/5.0 (iPhone; CPU iPhone OS 18_5 like Mac OS X) AppleWebKit/605.1.15 (KHTML, like Gecko) Version/18.5 Mobile/15E148 Safari/604.1',1,'2025-11-27 07:05:02'),(15,8,'documento_subido','Documento subido: Información materia preventiva',NULL,NULL,'127.0.0.1','Mozilla/5.0 (Windows NT 10.0; Win64; x64) AppleWebKit/537.36 (KHTML, like Gecko) Chrome/142.0.0.0 Safari/537.36',1,'2025-11-27 08:02:45'),(16,9,'incorporacion_creada','Incorporación creada para edu magro',NULL,NULL,'127.0.0.1','Mozilla/5.0 (Windows NT 10.0; Win64; x64) AppleWebKit/537.36 (KHTML, like Gecko) Chrome/142.0.0.0 Safari/537.36',1,'2025-12-02 07:20:27'),(17,9,'datos_completados','El candidato ha completado el formulario de incorporación. Usuario creado automáticamente.',NULL,'{\"dni\":\"49031707P\",\"email\":\"edumagrolemus@hotmail.com\",\"telefono\":\"685244132\",\"user_id\":1}','127.0.0.1','Mozilla/5.0 (Windows NT 10.0; Win64; x64) AppleWebKit/537.36 (KHTML, like Gecko) Chrome/142.0.0.0 Safari/537.36',1,'2025-12-02 08:36:06'),(18,9,'enlace_enviado','Enlace marcado como enviado',NULL,NULL,'127.0.0.1','Mozilla/5.0 (Windows NT 10.0; Win64; x64) AppleWebKit/537.36 (KHTML, like Gecko) Chrome/142.0.0.0 Safari/537.36',1,'2025-12-02 08:54:30'),(19,10,'incorporacion_creada','Incorporación creada para edu magro',NULL,NULL,'127.0.0.1','Mozilla/5.0 (Windows NT 10.0; Win64; x64) AppleWebKit/537.36 (KHTML, like Gecko) Chrome/142.0.0.0 Safari/537.36',1,'2025-12-02 09:29:35'),(20,10,'documento_subido','Documento subido: Currículum Vitae',NULL,NULL,'127.0.0.1','Mozilla/5.0 (Windows NT 10.0; Win64; x64) AppleWebKit/537.36 (KHTML, like Gecko) Chrome/142.0.0.0 Safari/537.36',1,'2025-12-02 09:49:18'),(21,10,'aprobacion_rrhh','Incorporación aprobada por RRHH. Entrevista realizada y propuesto al CEO.',NULL,NULL,'127.0.0.1','Mozilla/5.0 (Windows NT 10.0; Win64; x64) AppleWebKit/537.36 (KHTML, like Gecko) Chrome/142.0.0.0 Safari/537.36',1,'2025-12-02 11:22:37'),(22,10,'revocacion_rrhh','Aprobación de RRHH revocada.',NULL,NULL,'127.0.0.1','Mozilla/5.0 (Windows NT 10.0; Win64; x64) AppleWebKit/537.36 (KHTML, like Gecko) Chrome/142.0.0.0 Safari/537.36',1,'2025-12-02 11:23:13'),(23,10,'aprobacion_rrhh','Incorporación aprobada por RRHH. Entrevista realizada y propuesto al CEO.',NULL,NULL,'127.0.0.1','Mozilla/5.0 (Windows NT 10.0; Win64; x64) AppleWebKit/537.36 (KHTML, like Gecko) Chrome/142.0.0.0 Safari/537.36',1,'2025-12-02 11:23:39'),(24,11,'incorporacion_creada','Incorporación creada para EDUAR MAGRO',NULL,NULL,'127.0.0.1','Mozilla/5.0 (Windows NT 10.0; Win64; x64) AppleWebKit/537.36 (KHTML, like Gecko) Chrome/142.0.0.0 Safari/537.36',1,'2025-12-02 11:57:27'),(25,11,'documento_subido','Documento subido: Currículum Vitae',NULL,NULL,'127.0.0.1','Mozilla/5.0 (Windows NT 10.0; Win64; x64) AppleWebKit/537.36 (KHTML, like Gecko) Chrome/142.0.0.0 Safari/537.36',1,'2025-12-02 11:57:52'),(26,11,'aprobacion_rrhh','Incorporación aprobada por RRHH. Entrevista realizada y propuesto al CEO.',NULL,NULL,'127.0.0.1','Mozilla/5.0 (Windows NT 10.0; Win64; x64) AppleWebKit/537.36 (KHTML, like Gecko) Chrome/142.0.0.0 Safari/537.36',1,'2025-12-02 11:58:00'),(27,11,'aprobacion_ceo','Incorporación aprobada por CEO. Trabajador autorizado para incorporarse.',NULL,NULL,'127.0.0.1','Mozilla/5.0 (Windows NT 10.0; Win64; x64) AppleWebKit/537.36 (KHTML, like Gecko) Chrome/142.0.0.0 Safari/537.36',1,'2025-12-02 12:00:23'),(28,11,'documento_subido','Documento subido: Currículum Vitae',NULL,NULL,'127.0.0.1','Mozilla/5.0 (Windows NT 10.0; Win64; x64) AppleWebKit/537.36 (KHTML, like Gecko) Chrome/143.0.0.0 Safari/537.36',1,'2025-12-03 15:56:08'),(29,8,'archivo_actualizado','Archivo actualizado: DNI Frontal',NULL,NULL,'127.0.0.1','Mozilla/5.0 (Windows NT 10.0; Win64; x64) AppleWebKit/537.36 (KHTML, like Gecko) Chrome/143.0.0.0 Safari/537.36',1,'2025-12-03 15:57:02');
/*!40000 ALTER TABLE `incorporacion_logs` ENABLE KEYS */;
UNLOCK TABLES;

--
-- Table structure for table `incorporaciones`
--

DROP TABLE IF EXISTS `incorporaciones`;
/*!40101 SET @saved_cs_client     = @@character_set_client */;
/*!40101 SET character_set_client = utf8 */;
CREATE TABLE `incorporaciones` (
  `id` bigint(20) unsigned NOT NULL AUTO_INCREMENT,
  `user_id` bigint(20) unsigned DEFAULT NULL,
  `token` varchar(64) NOT NULL,
  `estado` enum('pendiente','datos_recibidos','en_proceso','completada','cancelada') DEFAULT 'pendiente',
  `empresa_destino` enum('hpr_servicios','hierros_paco_reyes') NOT NULL,
  `name` varchar(255) DEFAULT NULL,
  `primer_apellido` varchar(255) DEFAULT NULL,
  `segundo_apellido` varchar(255) DEFAULT NULL,
  `email_provisional` varchar(255) DEFAULT NULL,
  `telefono_provisional` varchar(20) DEFAULT NULL,
  `dni` varchar(9) DEFAULT NULL,
  `dni_frontal` varchar(255) DEFAULT NULL,
  `dni_trasero` varchar(255) DEFAULT NULL,
  `numero_afiliacion_ss` varchar(12) DEFAULT NULL,
  `email` varchar(255) DEFAULT NULL,
  `telefono` varchar(20) DEFAULT NULL,
  `certificado_bancario` varchar(255) DEFAULT NULL,
  `datos_completados_at` timestamp NULL DEFAULT NULL,
  `enlace_enviado_at` timestamp NULL DEFAULT NULL,
  `recordatorio_enviado_at` timestamp NULL DEFAULT NULL,
  `created_by` bigint(20) unsigned DEFAULT NULL,
  `updated_by` bigint(20) unsigned DEFAULT NULL,
  `created_at` timestamp NOT NULL DEFAULT current_timestamp(),
  `updated_at` timestamp NOT NULL DEFAULT current_timestamp() ON UPDATE current_timestamp(),
  `aprobado_rrhh` tinyint(1) DEFAULT 0,
  `aprobado_rrhh_at` datetime DEFAULT NULL,
  `aprobado_rrhh_by` bigint(20) unsigned DEFAULT NULL,
  `aprobado_ceo` tinyint(1) DEFAULT 0,
  `aprobado_ceo_at` datetime DEFAULT NULL,
  `aprobado_ceo_by` bigint(20) unsigned DEFAULT NULL,
  PRIMARY KEY (`id`),
  UNIQUE KEY `token` (`token`),
  KEY `fk_incorporaciones_created_by` (`created_by`),
  KEY `fk_incorporaciones_updated_by` (`updated_by`),
  KEY `idx_incorporaciones_estado` (`estado`),
  KEY `idx_incorporaciones_empresa` (`empresa_destino`),
  KEY `idx_incorporaciones_created` (`created_at`),
  KEY `idx_incorporaciones_user_id` (`user_id`),
  CONSTRAINT `fk_incorporaciones_created_by` FOREIGN KEY (`created_by`) REFERENCES `users` (`id`) ON DELETE SET NULL,
  CONSTRAINT `fk_incorporaciones_updated_by` FOREIGN KEY (`updated_by`) REFERENCES `users` (`id`) ON DELETE SET NULL,
  CONSTRAINT `fk_incorporaciones_user_id` FOREIGN KEY (`user_id`) REFERENCES `users` (`id`) ON DELETE SET NULL
) ENGINE=InnoDB AUTO_INCREMENT=12 DEFAULT CHARSET=utf8mb4 COLLATE=utf8mb4_unicode_ci;
/*!40101 SET character_set_client = @saved_cs_client */;

--
-- Dumping data for table `incorporaciones`
--

LOCK TABLES `incorporaciones` WRITE;
/*!40000 ALTER TABLE `incorporaciones` DISABLE KEYS */;
INSERT INTO `incorporaciones` VALUES (8,91,'ViIGgOt2YxvteyzOyEUhkKC64PdowAtJbU1Iihjbl0VJbttMTyNdJTS9oxXbVjSu','datos_recibidos','hpr_servicios','Nombre','de','prueba',NULL,'123456789','12345677P','dni_frontal_1764777422.pdf',NULL,'123456789011','aaaaaaaaaa@hotmail.com','685244132','certificado_bancario_1764227102.pdf','2025-11-27 07:05:02',NULL,NULL,1,NULL,'2025-11-27 06:52:29','2025-12-03 15:57:02',0,NULL,NULL,0,NULL,NULL),(9,1,'el1NACsjSt07Xpv4w4lcFrOEJniPR2eZQp5qNgOcic7009f6kHLCWvKGzz2yFyKj','datos_recibidos','hierros_paco_reyes','edu','magro',NULL,NULL,'685244132','49031707P','dni_frontal_1764664566.pdf','dni_trasero_1764664566.pdf','123465789999','edumagrolemus@hotmail.com','685244132','certificado_bancario_1764664566.jpg','2025-12-02 08:36:06','2025-12-02 08:54:30',NULL,1,NULL,'2025-12-02 07:20:27','2025-12-02 08:54:30',0,NULL,NULL,0,NULL,NULL),(10,NULL,'V00mGVN5khVC3yKuwa2u45MceN9d969T2kEbF1LdxxaZNuC6olUyNHFERfvOjXhg','pendiente','hierros_paco_reyes','edu','magro',NULL,NULL,'685244132',NULL,NULL,NULL,NULL,NULL,NULL,NULL,NULL,NULL,NULL,1,NULL,'2025-12-02 09:29:35','2025-12-02 11:23:39',1,'2025-12-02 12:23:39',1,0,NULL,NULL),(11,NULL,'AJFHUEpPXifrqA7HDnzcEQQXOi2GHt0iwSvvjRotzNnkXqnHD0PvKtZ5Yri56G6P','pendiente','hierros_paco_reyes','EDUAR','MAGRO',NULL,NULL,'685244132',NULL,NULL,NULL,NULL,NULL,NULL,NULL,NULL,NULL,NULL,1,NULL,'2025-12-02 11:57:27','2025-12-02 12:00:23',1,'2025-12-02 12:58:00',1,1,'2025-12-02 13:00:23',1);
/*!40000 ALTER TABLE `incorporaciones` ENABLE KEYS */;
UNLOCK TABLES;

--
-- Table structure for table `irpf_tramos`
--

DROP TABLE IF EXISTS `irpf_tramos`;
/*!40101 SET @saved_cs_client     = @@character_set_client */;
/*!40101 SET character_set_client = utf8 */;
CREATE TABLE `irpf_tramos` (
  `id` bigint(20) NOT NULL AUTO_INCREMENT,
  `tramo_inicial` decimal(10,2) NOT NULL,
  `tramo_final` decimal(10,2) NOT NULL,
  `porcentaje` decimal(5,2) NOT NULL,
  PRIMARY KEY (`id`)
) ENGINE=InnoDB AUTO_INCREMENT=7 DEFAULT CHARSET=utf8mb4 COLLATE=utf8mb4_unicode_ci;
/*!40101 SET character_set_client = @saved_cs_client */;

--
-- Dumping data for table `irpf_tramos`
--

LOCK TABLES `irpf_tramos` WRITE;
/*!40000 ALTER TABLE `irpf_tramos` DISABLE KEYS */;
INSERT INTO `irpf_tramos` VALUES (1,0.00,12450.00,19.00),(2,12450.01,20200.00,24.00),(3,20200.01,35200.00,30.00),(4,35200.01,60000.00,37.00),(5,60000.01,300000.00,45.00),(6,300000.01,999999.99,49.00);
/*!40000 ALTER TABLE `irpf_tramos` ENABLE KEYS */;
UNLOCK TABLES;

--
-- Table structure for table `job_batches`
--

DROP TABLE IF EXISTS `job_batches`;
/*!40101 SET @saved_cs_client     = @@character_set_client */;
/*!40101 SET character_set_client = utf8 */;
CREATE TABLE `job_batches` (
  `id` varchar(255) NOT NULL,
  `name` varchar(255) NOT NULL,
  `total_jobs` int(11) NOT NULL,
  `pending_jobs` int(11) NOT NULL,
  `failed_jobs` int(11) NOT NULL,
  `failed_job_ids` longtext NOT NULL,
  `options` mediumtext DEFAULT NULL,
  `cancelled_at` int(11) DEFAULT NULL,
  `created_at` int(11) NOT NULL,
  `finished_at` int(11) DEFAULT NULL,
  PRIMARY KEY (`id`)
) ENGINE=InnoDB DEFAULT CHARSET=utf8mb4 COLLATE=utf8mb4_unicode_ci;
/*!40101 SET character_set_client = @saved_cs_client */;

--
-- Dumping data for table `job_batches`
--

LOCK TABLES `job_batches` WRITE;
/*!40000 ALTER TABLE `job_batches` DISABLE KEYS */;
/*!40000 ALTER TABLE `job_batches` ENABLE KEYS */;
UNLOCK TABLES;

--
-- Table structure for table `jobs`
--

DROP TABLE IF EXISTS `jobs`;
/*!40101 SET @saved_cs_client     = @@character_set_client */;
/*!40101 SET character_set_client = utf8 */;
CREATE TABLE `jobs` (
  `id` bigint(20) unsigned NOT NULL AUTO_INCREMENT,
  `queue` varchar(255) NOT NULL,
  `payload` longtext NOT NULL,
  `attempts` tinyint(3) unsigned NOT NULL,
  `reserved_at` int(10) unsigned DEFAULT NULL,
  `available_at` int(10) unsigned NOT NULL,
  `created_at` int(10) unsigned NOT NULL,
  PRIMARY KEY (`id`),
  KEY `jobs_queue_index` (`queue`)
) ENGINE=InnoDB AUTO_INCREMENT=11 DEFAULT CHARSET=utf8mb4 COLLATE=utf8mb4_unicode_ci;
/*!40101 SET character_set_client = @saved_cs_client */;

--
-- Dumping data for table `jobs`
--

LOCK TABLES `jobs` WRITE;
/*!40000 ALTER TABLE `jobs` DISABLE KEYS */;
/*!40000 ALTER TABLE `jobs` ENABLE KEYS */;
UNLOCK TABLES;

--
-- Table structure for table `localizaciones`
--

DROP TABLE IF EXISTS `localizaciones`;
/*!40101 SET @saved_cs_client     = @@character_set_client */;
/*!40101 SET character_set_client = utf8 */;
CREATE TABLE `localizaciones` (
  `id` bigint(20) unsigned NOT NULL AUTO_INCREMENT,
  `x1` int(11) NOT NULL,
  `y1` int(11) NOT NULL,
  `x2` int(11) NOT NULL,
  `y2` int(11) NOT NULL,
  `tipo` varchar(20) NOT NULL,
  `maquina_id` bigint(20) unsigned DEFAULT NULL,
  `nombre` varchar(100) DEFAULT NULL,
  `nave_id` bigint(20) unsigned DEFAULT NULL,
  `created_at` timestamp NULL DEFAULT current_timestamp(),
  `updated_at` timestamp NULL DEFAULT current_timestamp() ON UPDATE current_timestamp(),
  `deleted_at` timestamp NULL DEFAULT NULL,
  PRIMARY KEY (`id`),
  UNIQUE KEY `idx_unico_maquina_por_nave` (`nave_id`,`maquina_id`),
  KEY `fk_localizaciones_maquina` (`maquina_id`),
  CONSTRAINT `fk_localizaciones_maquina` FOREIGN KEY (`maquina_id`) REFERENCES `maquinas` (`id`) ON DELETE SET NULL ON UPDATE CASCADE,
  CONSTRAINT `fk_localizaciones_nave` FOREIGN KEY (`nave_id`) REFERENCES `obras` (`id`) ON DELETE CASCADE ON UPDATE CASCADE
) ENGINE=InnoDB AUTO_INCREMENT=148 DEFAULT CHARSET=utf8mb4 COLLATE=utf8mb4_general_ci;
/*!40101 SET character_set_client = @saved_cs_client */;

--
-- Dumping data for table `localizaciones`
--

LOCK TABLES `localizaciones` WRITE;
/*!40000 ALTER TABLE `localizaciones` DISABLE KEYS */;
INSERT INTO `localizaciones` VALUES (60,15,10,16,11,'maquina',18,NULL,2,'2025-09-03 08:31:33','2025-09-03 08:31:33',NULL),(62,18,2,19,3,'maquina',17,NULL,2,'2025-09-03 10:45:47','2025-09-03 10:45:47',NULL),(66,29,194,33,207,'maquina',10,NULL,2,'2025-09-03 11:08:47','2025-09-03 11:08:47',NULL),(67,23,194,27,207,'maquina',9,NULL,2,'2025-09-03 11:08:54','2025-09-03 11:08:54',NULL),(68,17,194,21,207,'maquina',8,NULL,2,'2025-09-03 11:08:59','2025-09-03 11:08:59',NULL),(69,35,194,39,207,'maquina',11,NULL,2,'2025-09-03 11:09:06','2025-09-03 11:09:06',NULL),(87,1,38,18,103,'maquina',1,NULL,1,'2025-09-03 15:42:23','2025-09-03 15:42:23',NULL),(89,49,75,60,124,'maquina',3,NULL,1,'2025-09-03 15:42:47','2025-09-03 21:28:08',NULL),(90,53,132,59,156,'maquina',4,NULL,1,'2025-09-03 15:43:04','2025-09-03 21:24:19',NULL),(97,41,100,47,124,'maquina',5,NULL,1,'2025-09-03 16:03:45','2025-10-30 07:42:29',NULL),(102,49,1,60,70,'maquina',2,NULL,1,'2025-09-03 17:13:30','2025-09-03 20:56:15',NULL),(125,1,117,26,131,'carga_descarga',NULL,'Muelle 3',1,'2025-09-03 18:27:13','2025-10-30 07:43:33',NULL),(126,1,1,14,29,'carga_descarga',NULL,'Muelle 1',1,'2025-09-03 18:27:32','2025-09-03 18:27:32',NULL),(128,22,4,24,32,'almacenamiento',NULL,'S1-1',1,'2025-09-03 18:52:59','2025-09-03 20:57:16',NULL),(129,25,4,26,32,'almacenamiento',NULL,'S1-2',1,'2025-09-03 18:53:18','2025-09-03 20:57:19',NULL),(130,27,4,28,32,'almacenamiento',NULL,'S1-3',1,'2025-09-03 18:53:30','2025-09-03 20:57:22',NULL),(131,29,4,30,32,'almacenamiento',NULL,'S1-4',1,'2025-09-03 18:53:40','2025-09-03 20:57:29',NULL),(132,31,4,32,32,'almacenamiento',NULL,'S1-5',1,'2025-09-03 18:53:52','2025-09-03 20:57:32',NULL),(133,34,4,35,32,'almacenamiento',NULL,'S1-6',1,'2025-09-03 18:54:03','2025-10-30 07:44:26',NULL),(134,36,4,37,32,'almacenamiento',NULL,'S1-7',1,'2025-09-03 18:54:13','2025-10-30 07:44:04',NULL),(135,38,4,39,32,'almacenamiento',NULL,'S1-8',1,'2025-09-03 18:54:29','2025-10-30 07:44:01',NULL),(139,19,33,21,116,'transitable',NULL,'TRANSITABLE',1,'2025-09-03 21:26:25','2025-10-30 07:43:30',NULL),(141,15,1,18,37,'transitable',NULL,'TRANSITABLE',1,'2025-09-03 21:26:56','2025-09-03 21:26:56',NULL),(142,22,33,48,36,'transitable',NULL,'TRANSITABLE',1,'2025-09-03 21:27:24','2025-10-30 07:43:23',NULL),(145,28,153,31,182,'maquina',15,'Cortadora Manual',1,'2025-09-04 09:30:58','2025-10-30 07:43:40',NULL),(146,1,158,6,163,'maquina',21,'Dobladora Manual',1,'2025-09-04 09:32:39','2025-09-04 09:34:02',NULL),(147,1,246,25,263,'carga_descarga',NULL,'CARGA/DESCARGA 1-246',1,'2025-10-06 11:32:37','2025-10-06 11:32:37',NULL);
/*!40000 ALTER TABLE `localizaciones` ENABLE KEYS */;
UNLOCK TABLES;

--
-- Table structure for table `localizaciones_paquetes`
--

DROP TABLE IF EXISTS `localizaciones_paquetes`;
/*!40101 SET @saved_cs_client     = @@character_set_client */;
/*!40101 SET character_set_client = utf8 */;
CREATE TABLE `localizaciones_paquetes` (
  `id` bigint(20) unsigned NOT NULL,
  `paquete_id` bigint(20) unsigned NOT NULL,
  `x1` int(11) NOT NULL,
  `y1` int(11) NOT NULL,
  `x2` int(11) NOT NULL,
  `y2` int(11) NOT NULL,
  `created_at` timestamp NULL DEFAULT NULL,
  `updated_at` timestamp NULL DEFAULT NULL
) ENGINE=InnoDB DEFAULT CHARSET=utf8mb4 COLLATE=utf8mb4_unicode_ci;
/*!40101 SET character_set_client = @saved_cs_client */;

--
-- Dumping data for table `localizaciones_paquetes`
--

LOCK TABLES `localizaciones_paquetes` WRITE;
/*!40000 ALTER TABLE `localizaciones_paquetes` DISABLE KEYS */;
INSERT INTO `localizaciones_paquetes` VALUES (2,2478,3,111,12,112,'2025-11-14 16:03:51','2025-11-14 20:16:47');
/*!40000 ALTER TABLE `localizaciones_paquetes` ENABLE KEYS */;
UNLOCK TABLES;

--
-- Table structure for table `maquinas`
--

DROP TABLE IF EXISTS `maquinas`;
/*!40101 SET @saved_cs_client     = @@character_set_client */;
/*!40101 SET character_set_client = utf8 */;
CREATE TABLE `maquinas` (
  `id` bigint(20) unsigned NOT NULL AUTO_INCREMENT,
  `codigo` varchar(255) NOT NULL,
  `nombre` varchar(255) NOT NULL,
  `imagen` varchar(255) DEFAULT NULL,
  `estado` varchar(255) DEFAULT NULL,
  `tipo` varchar(50) DEFAULT NULL,
  `tiene_carro` tinyint(1) NOT NULL DEFAULT 0 COMMENT '1 = la máquina tiene carro',
  `obra_id` bigint(20) unsigned DEFAULT NULL,
  `tipo_material` varchar(20) DEFAULT NULL,
  `diametro_min` int(11) DEFAULT NULL,
  `diametro_max` int(11) DEFAULT NULL,
  `peso_min` int(11) DEFAULT NULL,
  `peso_max` int(11) DEFAULT NULL,
  `ancho_m` decimal(6,2) DEFAULT NULL,
  `largo_m` decimal(6,2) DEFAULT NULL,
  `created_at` timestamp NULL DEFAULT current_timestamp(),
  `updated_at` timestamp NULL DEFAULT current_timestamp() ON UPDATE current_timestamp(),
  `deleted_at` timestamp NULL DEFAULT NULL,
  PRIMARY KEY (`id`),
  KEY `maquinas_obra_id_foreign` (`obra_id`),
  CONSTRAINT `maquinas_obra_id_foreign` FOREIGN KEY (`obra_id`) REFERENCES `obras` (`id`) ON DELETE SET NULL
) ENGINE=InnoDB AUTO_INCREMENT=39 DEFAULT CHARSET=utf8 COLLATE=utf8_general_ci;
/*!40101 SET character_set_client = @saved_cs_client */;

--
-- Dumping data for table `maquinas`
--

LOCK TABLES `maquinas` WRITE;
/*!40000 ALTER TABLE `maquinas` DISABLE KEYS */;
INSERT INTO `maquinas` VALUES (1,'SL28','Syntax Line 28','maquinasImagenes/sl28.png','activa','cortadora_dobladora',1,1,'barra',12,25,NULL,NULL,9.00,33.00,'2025-01-02 11:25:00','2025-11-17 04:13:26',NULL),(2,'MSR20','MSR20','maquinasImagenes/msr20.png','activa','cortadora_dobladora',1,1,'encarretado',8,20,3000,5000,6.00,35.00,'2025-01-02 11:25:58','2025-11-29 20:41:16',NULL),(3,'MS16','Mini Syntax 16','maquinasImagenes/ms16.png','activa','cortadora_dobladora',0,1,'encarretado',10,16,3000,3000,6.00,25.00,'2025-01-02 11:26:20','2025-12-01 09:43:18',NULL),(4,'F12','Format 12','maquinasImagenes/format12.png','activa','estribadora',0,2,'encarretado',8,12,3000,3000,3.60,12.50,'2025-01-02 11:26:40','2025-11-19 10:23:59',NULL),(5,'PS12','Prima Smart','maquinasImagenes/format12.png','activa','estribadora',0,1,'encarretado',8,12,3000,3000,3.60,12.50,'2025-01-02 11:26:58','2025-11-17 18:16:06',NULL),(7,'ID5','Idea 5','maquinasImagenes/idea5.png','activa','ensambladora',0,NULL,'encarretado',5,5,NULL,NULL,3.00,10.00,'2025-01-16 13:59:57','2025-11-17 18:22:10',NULL),(8,'S1','Calle 1 Soldadora 1','maquinasImagenes/soldadora.png','activa','soldadora',0,2,NULL,0,0,NULL,NULL,2.50,7.00,'2025-02-12 07:00:24','2025-11-17 18:34:39',NULL),(9,'S2','Calle 1 Soldadora 2','maquinasImagenes/soldadora.png','activa','soldadora',0,2,NULL,NULL,NULL,NULL,NULL,2.50,7.00,'2025-02-12 07:00:39','2025-11-29 16:23:43',NULL),(10,'S3','Calle 2 Soldadora 1','maquinasImagenes/soldadora.png','activa','soldadora',0,2,NULL,NULL,NULL,NULL,NULL,2.50,7.00,'2025-02-12 07:00:54','2025-11-29 16:23:44',NULL),(11,'S4','Calle 2 Soldadora 2','maquinasImagenes/soldadora.png','activa','soldadora',0,2,NULL,NULL,NULL,NULL,NULL,2.50,7.00,'2025-02-12 07:02:45','2025-11-29 16:23:46',NULL),(12,'Grua 1','Grua 1','maquinasImagenes/grua.png','activa','grua',0,1,NULL,NULL,NULL,NULL,NULL,NULL,NULL,'2025-05-07 10:30:36','2025-11-17 18:57:52',NULL),(13,'Grua 2','Grua 2','maquinasImagenes/grua.png','activa','grua',0,1,NULL,NULL,NULL,NULL,NULL,NULL,NULL,'2025-05-07 10:30:47','2025-11-17 18:58:10',NULL),(14,'Grua 3','Grua 3','maquinasImagenes/grua.png','activa','grua',0,1,NULL,NULL,NULL,NULL,NULL,NULL,NULL,'2025-05-07 10:30:56','2025-11-17 18:58:19',NULL),(15,'CM','Cortadora Manual','maquinasImagenes/cortadoramanual.png','activa','cortadora_manual',0,1,'barra',8,32,NULL,NULL,2.00,2.00,'2025-05-07 10:31:36','2025-11-17 18:55:20',NULL),(16,'PL16','PILOTERA','maquinasImagenes/pilotera16.png','activa','soldadora',0,NULL,NULL,8,32,3000,3000,7.00,36.00,'2025-06-18 10:20:25','2025-11-29 16:23:50',NULL),(17,'TWIN','TWIN - MASTER20','maquinasImagenes/twinmsr20.png','activa','cortadora_dobladora',0,2,NULL,8,20,NULL,NULL,NULL,NULL,'2025-07-16 09:31:40','2025-11-29 16:23:51',NULL),(18,'PS12 X','Prima Smart NUEVA','maquinasImagenes/format12.png',NULL,NULL,0,2,NULL,NULL,NULL,NULL,NULL,NULL,NULL,'2025-07-16 09:34:04','2025-11-17 18:59:13',NULL),(19,'ID5 X','Idea 5 Nueva','maquinasImagenes/idea5.png',NULL,NULL,0,2,NULL,NULL,NULL,NULL,NULL,NULL,NULL,'2025-07-16 09:34:42','2025-11-17 18:59:00',NULL),(20,'CCORTE','Carro de corte','maquinasImagenes/carrocorte.png','activa','cortadora_dobladora',0,2,NULL,NULL,NULL,NULL,NULL,NULL,NULL,'2025-07-16 09:35:18','2025-11-29 16:23:54',NULL),(21,'DM','Dobladora Manual','maquinasImagenes/dobladoramanual.png','activa','dobladora manual',0,1,NULL,8,32,NULL,NULL,3.00,3.00,'2025-08-27 08:02:14','2025-11-29 16:23:56',NULL),(22,'Grua Almacén','Grua Almacén','maquinasImagenes/grua.png',NULL,'grua',0,3,NULL,NULL,NULL,NULL,NULL,NULL,NULL,'2025-09-11 12:11:24','2025-11-17 18:58:45',NULL),(23,'Grua Gaviduque','Grua Gaviduque','maquinasImagenes/grua.png',NULL,'grua',0,2,NULL,NULL,NULL,NULL,NULL,NULL,NULL,'2025-10-29 12:50:33','2025-11-17 18:58:37',NULL);
/*!40000 ALTER TABLE `maquinas` ENABLE KEYS */;
UNLOCK TABLES;

--
-- Table structure for table `migrations`
--

DROP TABLE IF EXISTS `migrations`;
/*!40101 SET @saved_cs_client     = @@character_set_client */;
/*!40101 SET character_set_client = utf8 */;
CREATE TABLE `migrations` (
  `id` int(10) unsigned NOT NULL AUTO_INCREMENT,
  `migration` varchar(255) NOT NULL,
  `batch` int(11) NOT NULL,
  PRIMARY KEY (`id`)
) ENGINE=InnoDB AUTO_INCREMENT=22 DEFAULT CHARSET=utf8mb4 COLLATE=utf8mb4_unicode_ci;
/*!40101 SET character_set_client = @saved_cs_client */;

--
-- Dumping data for table `migrations`
--

LOCK TABLES `migrations` WRITE;
/*!40000 ALTER TABLE `migrations` DISABLE KEYS */;
INSERT INTO `migrations` VALUES (1,'0001_01_01_000001_create_cache_table',1),(2,'0001_01_01_000002_create_jobs_table',1),(3,'2024_12_03_212223_create_sessions_table',1),(4,'2025_02_26_162533_create_personal_access_tokens_table',2),(6,'2025_11_12_155044_create_chat_tables',3),(7,'2025_11_12_182539_add_asistente_permissions_to_users_table',3),(8,'2025_11_12_195006_add_indexes_to_chat_tables',3),(10,'2025_11_12_155044_create_chat_tables',1),(11,'2025_11_12_182539_add_asistente_permissions_to_users_table',1),(12,'2025_11_12_195006_add_indexes_to_chat_tables',1),(13,'2025_11_20_125008_add_user_id_to_pedido_producto_coladas_table',4),(14,'2025_11_13_083308_add_parent_id_to_alertas_table',5),(15,'2025_11_17_171142_create_fabricacion_logs_table',5),(16,'2025_11_17_210000_update_turnos_table_add_columns',5),(17,'2025_11_17_211500_add_estado_to_paquetes_table',5),(18,'2025_11_17_211600_update_estado_column_on_paquetes',5),(19,'2025_11_27_125953_add_justificante_to_asignaciones_turnos',6),(21,'2025_12_09_074158_create_eventos_ficticios_obra_table',7);
/*!40000 ALTER TABLE `migrations` ENABLE KEYS */;
UNLOCK TABLES;

--
-- Table structure for table `modelo_145`
--

DROP TABLE IF EXISTS `modelo_145`;
/*!40101 SET @saved_cs_client     = @@character_set_client */;
/*!40101 SET character_set_client = utf8 */;
CREATE TABLE `modelo_145` (
  `id` int(11) NOT NULL AUTO_INCREMENT,
  `user_id` bigint(20) unsigned DEFAULT NULL,
  `nombre` varchar(100) DEFAULT NULL,
  `edad` int(11) DEFAULT NULL,
  `estado_civil` varchar(20) DEFAULT NULL,
  `hijos_a_cargo` int(11) DEFAULT 0,
  `hijos_menores_3` int(11) DEFAULT 0,
  `ascendientes_mayores_65` tinyint(1) DEFAULT 0,
  `ascendientes_mayores_75` tinyint(1) DEFAULT 0,
  `discapacidad_porcentaje` int(11) DEFAULT 0,
  `discapacidad_familiares` tinyint(1) DEFAULT 0,
  `contrato_indefinido` tinyint(1) DEFAULT 1,
  `fecha_declaracion` date DEFAULT NULL,
  `es_simulacion` tinyint(1) DEFAULT 0,
  `created_at` timestamp NULL DEFAULT current_timestamp(),
  `updated_at` timestamp NULL DEFAULT current_timestamp() ON UPDATE current_timestamp(),
  PRIMARY KEY (`id`),
  KEY `user_id` (`user_id`),
  CONSTRAINT `modelo_145_ibfk_1` FOREIGN KEY (`user_id`) REFERENCES `users` (`id`) ON DELETE CASCADE
) ENGINE=InnoDB AUTO_INCREMENT=39 DEFAULT CHARSET=utf8mb4 COLLATE=utf8mb4_general_ci;
/*!40101 SET character_set_client = @saved_cs_client */;

--
-- Dumping data for table `modelo_145`
--

LOCK TABLES `modelo_145` WRITE;
/*!40000 ALTER TABLE `modelo_145` DISABLE KEYS */;
/*!40000 ALTER TABLE `modelo_145` ENABLE KEYS */;
UNLOCK TABLES;

--
-- Table structure for table `movimientos`
--

DROP TABLE IF EXISTS `movimientos`;
/*!40101 SET @saved_cs_client     = @@character_set_client */;
/*!40101 SET character_set_client = utf8 */;
CREATE TABLE `movimientos` (
  `id` bigint(20) unsigned NOT NULL AUTO_INCREMENT,
  `tipo` varchar(70) DEFAULT NULL,
  `producto_id` bigint(20) unsigned DEFAULT NULL,
  `producto_base_id` bigint(20) unsigned DEFAULT NULL,
  `ubicacion_origen` bigint(20) unsigned DEFAULT NULL,
  `ubicacion_destino` bigint(20) unsigned DEFAULT NULL,
  `maquina_origen` bigint(20) unsigned DEFAULT NULL,
  `maquina_destino` bigint(20) unsigned DEFAULT NULL,
  `paquete_id` bigint(20) unsigned DEFAULT NULL,
  `estado` varchar(50) DEFAULT 'pendiente',
  `prioridad` tinyint(4) DEFAULT 1,
  `descripcion` text DEFAULT NULL,
  `fecha_solicitud` datetime DEFAULT NULL,
  `fecha_ejecucion` datetime DEFAULT NULL,
  `solicitado_por` bigint(20) unsigned DEFAULT NULL,
  `ejecutado_por` bigint(20) unsigned DEFAULT NULL,
  `nave_id` bigint(20) unsigned DEFAULT NULL,
  `created_at` timestamp NULL DEFAULT current_timestamp(),
  `updated_at` timestamp NULL DEFAULT current_timestamp() ON UPDATE current_timestamp(),
  `deleted_at` timestamp NULL DEFAULT NULL,
  `pedido_id` bigint(20) unsigned DEFAULT NULL,
  `pedido_producto_id` bigint(20) unsigned DEFAULT NULL,
  `salida_id` bigint(20) DEFAULT NULL,
  `salida_almacen_id` bigint(20) unsigned DEFAULT NULL,
  PRIMARY KEY (`id`),
  KEY `producto_id` (`producto_id`),
  KEY `ubicacion_origen` (`ubicacion_origen`),
  KEY `ubicacion_destino` (`ubicacion_destino`),
  KEY `maquina_origen` (`maquina_origen`),
  KEY `maquina_id` (`maquina_destino`),
  KEY `fk_paquete_id` (`paquete_id`),
  KEY `solicitado_por` (`solicitado_por`),
  KEY `ejecutado_por` (`ejecutado_por`),
  KEY `movimientos_producto_base_id_foreign` (`producto_base_id`),
  KEY `movimientos_pedido_id_foreign` (`pedido_id`),
  KEY `movimientos_salida_id_foreign` (`salida_id`),
  KEY `fk_movimientos_pedido_producto` (`pedido_producto_id`),
  KEY `movimientos_nave_id_foreign` (`nave_id`),
  KEY `movimientos_salida_almacen_id_foreign` (`salida_almacen_id`),
  CONSTRAINT `fk_movimientos_pedido_producto` FOREIGN KEY (`pedido_producto_id`) REFERENCES `pedido_productos` (`id`) ON DELETE SET NULL,
  CONSTRAINT `fk_paquete_id` FOREIGN KEY (`paquete_id`) REFERENCES `paquetes` (`id`) ON DELETE SET NULL,
  CONSTRAINT `movimientos_ibfk_1` FOREIGN KEY (`producto_id`) REFERENCES `productos` (`id`) ON DELETE CASCADE,
  CONSTRAINT `movimientos_ibfk_2` FOREIGN KEY (`ubicacion_origen`) REFERENCES `ubicaciones` (`id`) ON DELETE CASCADE,
  CONSTRAINT `movimientos_ibfk_3` FOREIGN KEY (`ubicacion_destino`) REFERENCES `ubicaciones` (`id`) ON DELETE CASCADE,
  CONSTRAINT `movimientos_ibfk_4` FOREIGN KEY (`maquina_origen`) REFERENCES `maquinas` (`id`) ON DELETE CASCADE,
  CONSTRAINT `movimientos_ibfk_7` FOREIGN KEY (`solicitado_por`) REFERENCES `users` (`id`) ON DELETE SET NULL,
  CONSTRAINT `movimientos_ibfk_8` FOREIGN KEY (`ejecutado_por`) REFERENCES `users` (`id`) ON DELETE SET NULL,
  CONSTRAINT `movimientos_maquina_destino_foreign` FOREIGN KEY (`maquina_destino`) REFERENCES `maquinas` (`id`) ON DELETE CASCADE,
  CONSTRAINT `movimientos_nave_id_foreign` FOREIGN KEY (`nave_id`) REFERENCES `obras` (`id`) ON DELETE SET NULL ON UPDATE CASCADE,
  CONSTRAINT `movimientos_producto_base_id_foreign` FOREIGN KEY (`producto_base_id`) REFERENCES `productos_base` (`id`) ON DELETE SET NULL,
  CONSTRAINT `movimientos_salida_almacen_id_foreign` FOREIGN KEY (`salida_almacen_id`) REFERENCES `salidas_almacen` (`id`) ON DELETE SET NULL ON UPDATE CASCADE,
  CONSTRAINT `movimientos_salida_id_foreign` FOREIGN KEY (`salida_id`) REFERENCES `salidas` (`id`) ON DELETE SET NULL
) ENGINE=InnoDB AUTO_INCREMENT=910 DEFAULT CHARSET=utf8 COLLATE=utf8_general_ci;
/*!40101 SET character_set_client = @saved_cs_client */;

--
-- Dumping data for table `movimientos`
--

LOCK TABLES `movimientos` WRITE;
/*!40000 ALTER TABLE `movimientos` DISABLE KEYS */;
INSERT INTO `movimientos` VALUES (865,'entrada',NULL,30,NULL,NULL,NULL,NULL,NULL,'pendiente',2,'Se solicita descarga para producto encarretado Ø10 | Pedido PC25/0011 | Proveedor: MEGASA | Línea: PC25/0011–001 | Cantidad solicitada: 25.000 kg | Fecha prevista: 19/11/2025','2025-11-20 18:04:09',NULL,1,NULL,1,'2025-11-20 17:04:09','2025-11-20 17:12:26','2025-11-20 17:12:26',27,NULL,NULL,NULL),(866,'entrada',NULL,18,NULL,NULL,NULL,NULL,NULL,'pendiente',2,'Se solicita descarga para producto barra Ø20 de 14 m | Pedido PC25/0010 | Proveedor: MEGASA | Línea: PC25/0010–001 | Cantidad solicitada: 25.000 kg | Fecha prevista: 17/11/2025','2025-11-20 18:04:15',NULL,1,NULL,2,'2025-11-20 17:04:15','2025-11-20 17:12:29','2025-11-20 17:12:29',26,NULL,NULL,NULL),(867,'entrada',NULL,30,NULL,NULL,NULL,NULL,NULL,'pendiente',2,'Se solicita descarga para producto encarretado Ø10 | Pedido PC25/0011 | Proveedor: MEGASA | Línea: PC25/0011–001 | Cantidad solicitada: 25.000 kg | Fecha prevista: 19/11/2025','2025-11-20 18:12:33',NULL,1,NULL,1,'2025-11-20 17:12:33','2025-11-20 17:18:17','2025-11-20 17:18:17',27,NULL,NULL,NULL),(868,'entrada',NULL,18,NULL,NULL,NULL,NULL,NULL,'pendiente',2,'Se solicita descarga para producto barra Ø20 de 14 m | Pedido PC25/0010 | Proveedor: MEGASA | Línea: PC25/0010–001 | Cantidad solicitada: 25.000 kg | Fecha prevista: 17/11/2025','2025-11-20 18:16:37',NULL,1,NULL,2,'2025-11-20 17:16:37','2025-11-20 17:18:14','2025-11-20 17:18:14',26,NULL,NULL,NULL),(869,'entrada',NULL,14,NULL,NULL,NULL,NULL,NULL,'pendiente',2,'Se solicita descarga para producto barra Ø16 de 14 m | Pedido PC25/0009 | Proveedor: MEGASA | Línea: PC25/0009–001 | Cantidad solicitada: 25.000 kg | Fecha prevista: 07/11/2025','2025-11-20 18:18:08',NULL,1,NULL,1,'2025-11-20 17:18:08','2025-11-20 17:18:11','2025-11-20 17:18:11',25,NULL,NULL,NULL),(870,'entrada',NULL,21,NULL,NULL,NULL,NULL,NULL,'pendiente',2,'Se solicita descarga para producto barra Ø25 de 12 m | Pedido PC25/0005 | Proveedor: CELSA | Línea: PC25/0005–002 | Cantidad solicitada: 25.000 kg | Fecha prevista: 28/11/2025','2025-11-20 18:18:34',NULL,1,NULL,1,'2025-11-20 17:18:34','2025-11-20 17:55:25','2025-11-20 17:55:25',19,NULL,NULL,NULL),(871,'entrada',NULL,36,NULL,NULL,NULL,NULL,NULL,'pendiente',2,'Se solicita descarga para producto encarretado Ø6 | Pedido PC25/0003 | Proveedor: MEGASA | Línea: PC25/0003–001 | Cantidad solicitada: 25.000 kg | Fecha prevista: 13/11/2025','2025-11-20 18:18:38',NULL,1,NULL,1,'2025-11-20 17:18:38','2025-11-20 17:55:29','2025-11-20 17:55:29',17,NULL,NULL,NULL),(872,'entrada',NULL,30,NULL,NULL,NULL,NULL,NULL,'pendiente',2,'Se solicita descarga para producto encarretado Ø10 | Pedido PC25/0011 | Proveedor: MEGASA | Línea: PC25/0011–001 | Cantidad solicitada: 25.000 kg | Fecha prevista: 19/11/2025','2025-11-20 18:18:59',NULL,1,NULL,1,'2025-11-20 17:18:59','2025-11-20 17:19:07','2025-11-20 17:19:07',27,NULL,NULL,NULL),(873,'entrada',NULL,30,NULL,NULL,NULL,NULL,NULL,'pendiente',2,'Se solicita descarga para producto encarretado Ø10 | Pedido PC25/0011 | Proveedor: MEGASA | Línea: PC25/0011–001 | Cantidad solicitada: 25.000 kg | Fecha prevista: 19/11/2025','2025-11-20 18:19:14',NULL,1,NULL,1,'2025-11-20 17:19:14','2025-11-20 17:19:18','2025-11-20 17:19:18',27,NULL,NULL,NULL),(874,'entrada',NULL,30,NULL,NULL,NULL,NULL,NULL,'pendiente',2,'Se solicita descarga para producto encarretado Ø10 | Pedido PC25/0011 | Proveedor: MEGASA | Línea: PC25/0011–001 | Cantidad solicitada: 25.000 kg | Fecha prevista: 19/11/2025','2025-11-20 18:19:23',NULL,1,NULL,1,'2025-11-20 17:19:23','2025-11-20 17:19:27','2025-11-20 17:19:27',27,NULL,NULL,NULL),(875,'entrada',NULL,30,NULL,NULL,NULL,NULL,NULL,'pendiente',2,'Se solicita descarga para producto encarretado Ø10 | Pedido PC25/0011 | Proveedor: MEGASA | Línea: PC25/0011–001 | Cantidad solicitada: 25.000 kg | Fecha prevista: 19/11/2025','2025-11-20 18:19:53',NULL,1,NULL,1,'2025-11-20 17:19:53','2025-11-20 17:55:22','2025-11-20 17:55:22',27,NULL,NULL,NULL),(876,'entrada',NULL,18,NULL,NULL,NULL,NULL,NULL,'pendiente',2,'Se solicita descarga para producto barra Ø20 de 14 m | Pedido PC25/0010 | Proveedor: MEGASA | Línea: PC25/0010–001 | Cantidad solicitada: 25.000 kg | Fecha prevista: 17/11/2025','2025-11-20 18:22:35',NULL,1,NULL,2,'2025-11-20 17:22:35','2025-11-20 17:55:18','2025-11-20 17:55:18',26,NULL,NULL,NULL),(877,'entrada',NULL,14,NULL,NULL,NULL,NULL,NULL,'pendiente',2,'Se solicita descarga para producto barra Ø16 de 14 m | Pedido PC25/0009 | Proveedor: MEGASA | Línea: PC25/0009–001 | Cantidad solicitada: 25.000 kg | Fecha prevista: 07/11/2025','2025-11-20 18:26:17',NULL,1,NULL,1,'2025-11-20 17:26:17','2025-11-20 17:55:14','2025-11-20 17:55:14',25,NULL,NULL,NULL),(878,'entrada',NULL,19,NULL,NULL,NULL,NULL,NULL,'pendiente',2,'Se solicita descarga para producto barra Ø20 de 15 m | Pedido PC25/0008 | Proveedor: MEGASA | Línea: PC25/0008–001 | Cantidad solicitada: 25.000 kg | Fecha prevista: 20/11/2025','2025-11-20 18:39:46',NULL,1,NULL,1,'2025-11-20 17:39:46','2025-11-20 17:55:10','2025-11-20 17:55:10',24,NULL,NULL,NULL),(879,'salida',NULL,NULL,NULL,NULL,NULL,NULL,NULL,'pendiente',2,'S25110012. Se solicita carga del camión (Sin modelo) - (Paco Reyes Transporte) para [EDIFICIO DOTACIONAL FASE 1 - EIFFAGE INFRAESTRUCTURAS SAU], tiene que estar listo a las 00:00','2025-11-26 10:36:50',NULL,NULL,NULL,1,'2025-11-26 09:36:50','2025-11-30 16:57:02','2025-11-30 16:57:02',NULL,NULL,NULL,NULL),(880,'Recarga materia prima',405,31,26,NULL,NULL,5,NULL,'completado',1,'Se solicita materia prima del tipo encarretado (Ø12, ? mm) en la máquina Prima Smart','2025-12-01 09:38:28','2025-12-01 09:39:48',1,1,1,'2025-12-01 08:38:28','2025-12-01 08:39:48',NULL,NULL,NULL,NULL,NULL),(881,'movimiento libre',405,31,NULL,1,5,NULL,NULL,'completado',1,'Movemos encarretado (Código: MP25060427) Ø12 mm de origen desconocido a ubicación Almacén 0A, Sector 1, Ubicación 1',NULL,'2025-12-01 10:22:53',NULL,1,1,'2025-12-01 09:22:53','2025-12-01 09:22:53',NULL,NULL,NULL,NULL,NULL),(882,'entrada',NULL,31,NULL,NULL,NULL,NULL,NULL,'pendiente',2,'Se solicita descarga para producto encarretado Ø12 | Pedido PC25/0002 | Proveedor: MEGASA | Línea: PC25/0002–001 | Cantidad solicitada: 25.000 kg | Fecha prevista: 05/12/2025','2025-12-02 12:53:41',NULL,1,NULL,2,'2025-12-02 11:53:41','2025-12-02 11:53:41',NULL,30,331,NULL,NULL),(883,'entrada',NULL,31,NULL,NULL,NULL,NULL,NULL,'pendiente',2,'Se solicita descarga para producto encarretado Ø12 | Pedido PC25/0002 | Proveedor: MEGASA | Línea: PC25/0002–002 | Cantidad solicitada: 25.000 kg | Fecha prevista: 08/01/2026','2025-12-02 13:37:47',NULL,1,NULL,2,'2025-12-02 12:37:47','2025-12-02 12:37:47',NULL,30,332,NULL,NULL),(884,'Recarga materia prima',404,32,26,NULL,NULL,3,NULL,'completado',1,'Se solicita materia prima encarretado (Ø16, N/D) en la máquina Mini Syntax 16','2025-12-02 23:24:39','2025-12-02 23:25:23',NULL,1,1,'2025-12-02 22:24:39','2025-12-02 22:25:23',NULL,NULL,NULL,NULL,NULL),(885,'Preparación paquete',NULL,NULL,NULL,NULL,NULL,12,NULL,'pendiente',2,'Preparar paquete P25120001 para salida S25120001 - UTE SANDO-OHL-HORMACESA / UTE FERROCARRIL LORCA - 7 elementos (8232.1 kg): 3x Ø32.00 L:1200.00mm, 1x Ø32.00 L:1400.00mm, 1x Ø32.00 L:600.00mm, 2x Ø16.00 L:1200.00mm','2025-12-03 10:28:42',NULL,NULL,NULL,1,'2025-12-03 09:28:42','2025-12-03 09:36:08','2025-12-03 09:36:08',NULL,NULL,NULL,NULL),(886,'Preparación paquete',NULL,NULL,NULL,NULL,NULL,12,NULL,'pendiente',2,'Preparar paquete P25120002 para salida S25120002 - UTE SANDO-OHL-HORMACESA / UTE FERROCARRIL LORCA - 7 elementos (8232.1 kg): 3x Ø32.00 L:1200.00mm, 1x Ø32.00 L:1400.00mm, 1x Ø32.00 L:600.00mm, 2x Ø16.00 L:1200.00mm','2025-12-03 10:28:42',NULL,NULL,NULL,1,'2025-12-03 09:28:42','2025-12-03 09:36:13','2025-12-03 09:36:13',NULL,NULL,NULL,NULL),(887,'Preparación paquete',NULL,NULL,NULL,NULL,NULL,12,NULL,'pendiente',2,'Preparar paquete P25120003 para salida S25120003 - UTE SANDO-OHL-HORMACESA / UTE FERROCARRIL LORCA - 7 elementos (8232.1 kg): 3x Ø32.00 L:1200.00mm, 1x Ø32.00 L:1400.00mm, 1x Ø32.00 L:600.00mm, 2x Ø16.00 L:1200.00mm','2025-12-03 10:28:42',NULL,NULL,NULL,1,'2025-12-03 09:28:42','2025-12-03 09:36:17','2025-12-03 09:36:17',NULL,NULL,NULL,NULL),(888,'Preparación paquete',NULL,NULL,NULL,NULL,NULL,12,NULL,'pendiente',2,'Preparar paquete P25120004 para salida S25120003 - UTE SANDO-OHL-HORMACESA / UTE FERROCARRIL LORCA - 7 elementos (8232.1 kg): 3x Ø32.00 L:1200.00mm, 1x Ø32.00 L:1400.00mm, 1x Ø32.00 L:600.00mm, 2x Ø16.00 L:1200.00mm','2025-12-03 10:28:42',NULL,NULL,NULL,1,'2025-12-03 09:28:42','2025-12-03 09:36:21','2025-12-03 09:36:21',NULL,NULL,NULL,NULL),(889,'Preparación paquete',NULL,NULL,NULL,NULL,NULL,12,NULL,'pendiente',2,'Preparar paquete P25120001 para salida S25120001 - UTE SANDO-OHL-HORMACESA / UTE FERROCARRIL LORCA - 7 elementos (8232.1 kg): 3x Ø32.00 L:1200.00mm, 1x Ø32.00 L:1400.00mm, 1x Ø32.00 L:600.00mm, 2x Ø16.00 L:1200.00mm','2025-12-03 10:36:34',NULL,NULL,NULL,1,'2025-12-03 09:36:34','2025-12-03 09:57:18','2025-12-03 09:57:18',NULL,NULL,NULL,NULL),(890,'Preparación paquete',NULL,NULL,NULL,NULL,NULL,12,NULL,'pendiente',2,'Preparar paquete P25120002 para salida S25120002 - UTE SANDO-OHL-HORMACESA / UTE FERROCARRIL LORCA - 7 elementos (8232.1 kg): 3x Ø32.00 L:1200.00mm, 1x Ø32.00 L:1400.00mm, 1x Ø32.00 L:600.00mm, 2x Ø16.00 L:1200.00mm','2025-12-03 10:36:34',NULL,NULL,NULL,1,'2025-12-03 09:36:34','2025-12-03 09:57:22','2025-12-03 09:57:22',NULL,NULL,NULL,NULL),(891,'Preparación paquete',NULL,NULL,NULL,NULL,NULL,12,NULL,'pendiente',2,'Preparar paquete P25120003 para salida S25120003 - UTE SANDO-OHL-HORMACESA / UTE FERROCARRIL LORCA - 7 elementos (8232.1 kg): 3x Ø32.00 L:1200.00mm, 1x Ø32.00 L:1400.00mm, 1x Ø32.00 L:600.00mm, 2x Ø16.00 L:1200.00mm','2025-12-03 10:36:34',NULL,NULL,NULL,1,'2025-12-03 09:36:34','2025-12-03 09:57:27','2025-12-03 09:57:27',NULL,NULL,NULL,NULL),(892,'Preparación paquete',NULL,NULL,NULL,NULL,NULL,12,NULL,'pendiente',2,'Preparar paquete P25120004 para salida S25120003 - UTE SANDO-OHL-HORMACESA / UTE FERROCARRIL LORCA - 7 elementos (8232.1 kg): 3x Ø32.00 L:1200.00mm, 1x Ø32.00 L:1400.00mm, 1x Ø32.00 L:600.00mm, 2x Ø16.00 L:1200.00mm','2025-12-03 10:36:34',NULL,NULL,NULL,1,'2025-12-03 09:36:34','2025-12-03 09:57:31','2025-12-03 09:57:31',NULL,NULL,NULL,NULL),(893,'Preparación elementos',NULL,NULL,NULL,NULL,NULL,NULL,NULL,'pendiente',1,'⚠️ URGENTE: Fabricar 7 elementos (8232.1 kg) de planilla 2025-000497 para salida S25120001 [UTE SANDO-OHL-HORMACESA / UTE FERROCARRIL LORCA]. Diámetros: 5xØ32.00, 2xØ16.00. Máquinas: Grua 1. [planilla_id:6285]','2025-12-03 11:25:21',NULL,NULL,NULL,1,'2025-12-03 10:25:21','2025-12-03 19:38:04','2025-12-03 19:38:04',NULL,NULL,NULL,NULL),(894,'Preparación elementos',NULL,NULL,NULL,NULL,NULL,NULL,NULL,'pendiente',1,'⚠️ URGENTE: Fabricar 7 elementos (8232.1 kg) de planilla 2025-000497 para salida S25120002 [UTE SANDO-OHL-HORMACESA / UTE FERROCARRIL LORCA]. Diámetros: 5xØ32.00, 2xØ16.00. Máquinas: Grua 1. [planilla_id:6285]','2025-12-03 11:25:21',NULL,NULL,NULL,1,'2025-12-03 10:25:21','2025-12-03 19:38:07','2025-12-03 19:38:07',NULL,NULL,NULL,NULL),(895,'Preparación elementos',NULL,NULL,NULL,NULL,NULL,NULL,NULL,'pendiente',1,'⚠️ URGENTE: Fabricar 7 elementos (8232.1 kg) de planilla 2025-000497 para salida S25120003 [UTE SANDO-OHL-HORMACESA / UTE FERROCARRIL LORCA]. Diámetros: 5xØ32.00, 2xØ16.00. Máquinas: Grua 1. [planilla_id:6285]','2025-12-03 11:25:21',NULL,NULL,NULL,1,'2025-12-03 10:25:21','2025-12-03 19:38:10','2025-12-03 19:38:10',NULL,NULL,NULL,NULL),(896,'salida',NULL,NULL,NULL,NULL,NULL,NULL,NULL,'pendiente',2,'S25120003. [Nave A] Cargar 2 paquete(s) (1,426 kg) - Camión (Sin modelo) - (Paco Reyes Transporte) para [UTE FERROCARRIL LORCA - UTE SANDO-OHL-HORMACESA], listo a las 00:00','2025-12-03 16:50:26',NULL,NULL,NULL,1,'2025-12-03 15:50:26','2025-12-03 19:38:00','2025-12-03 19:38:00',NULL,NULL,NULL,NULL),(897,'Preparación elementos',NULL,NULL,NULL,NULL,NULL,NULL,NULL,'pendiente',1,'⚠️ URGENTE: Fabricar 2 elementos (784.1 kg) de planilla 2025-001584 [CIMBRAS ESTRUCTURAS Y FERRALLAS S.L. / 913-MERCACONA ECIJA 2025]. Diámetros: 1xØ16.00, 1xØ10.00. Máquinas: Grua 1. [planilla_id:6287]','2025-12-03 21:15:39',NULL,NULL,NULL,1,'2025-12-03 20:15:39','2025-12-03 20:15:39',NULL,NULL,NULL,NULL,NULL),(898,'Preparación elementos',NULL,NULL,NULL,NULL,NULL,NULL,NULL,'pendiente',1,'⚠️ URGENTE: Fabricar 1 elementos (842.6 kg) de planilla 2025-001587 [CIMBRAS ESTRUCTURAS Y FERRALLAS S.L. / 913-MERCACONA ECIJA 2025]. Diámetros: 1xØ16.00. Máquinas: Grua 1. [planilla_id:6288]','2025-12-03 21:15:39',NULL,NULL,NULL,1,'2025-12-03 20:15:39','2025-12-03 20:15:39',NULL,NULL,NULL,NULL,NULL),(899,'Preparación elementos',NULL,NULL,NULL,NULL,NULL,NULL,NULL,'pendiente',1,'⚠️ URGENTE: Fabricar 1 elementos (251.7 kg) de planilla 2025-001588 [CIMBRAS ESTRUCTURAS Y FERRALLAS S.L. / 913-MERCACONA ECIJA 2025]. Diámetros: 1xØ10.00. Máquinas: Grua 1. [planilla_id:6289]','2025-12-03 21:15:39',NULL,NULL,NULL,1,'2025-12-03 20:15:39','2025-12-03 20:15:39',NULL,NULL,NULL,NULL,NULL),(900,'Preparación elementos',NULL,NULL,NULL,NULL,NULL,NULL,NULL,'pendiente',1,'⚠️ URGENTE: Fabricar 7 elementos (8232.1 kg) de planilla 2025-000497 [UTE SANDO-OHL-HORMACESA / UTE FERROCARRIL LORCA]. Diámetros: 5xØ32.00, 2xØ16.00. Máquinas: Grua 1. [planilla_id:6295]','2025-12-03 21:37:49',NULL,NULL,NULL,1,'2025-12-03 20:37:49','2025-12-03 20:37:49',NULL,NULL,NULL,NULL,NULL),(901,'Preparación elementos',NULL,NULL,NULL,NULL,NULL,NULL,NULL,'pendiente',1,'⚠️ URGENTE: Fabricar 7 elementos (8232.1 kg) de planilla 2025-000497 [UTE SANDO-OHL-HORMACESA / UTE FERROCARRIL LORCA]. Diámetros: 5xØ32.00, 2xØ16.00. Máquinas: Grua 1. [planilla_id:6295]','2025-12-03 21:37:49',NULL,NULL,NULL,1,'2025-12-03 20:37:49','2025-12-03 20:37:49',NULL,NULL,NULL,NULL,NULL),(902,'Recarga materia prima',455,31,18,NULL,NULL,5,NULL,'completado',1,'Se solicita materia prima del tipo encarretado (Ø12, ? mm) en la máquina Prima Smart','2025-12-04 11:16:12','2025-12-04 11:16:39',1,1,1,'2025-12-04 10:16:12','2025-12-04 10:16:39',NULL,NULL,NULL,NULL,NULL),(903,'Movimiento paquete',NULL,NULL,NULL,NULL,NULL,NULL,NULL,'completado',1,'Paquete P25120004 eliminado completamente. 0 etiquetas liberadas','2025-12-09 11:37:01',NULL,NULL,NULL,NULL,'2025-12-09 10:37:01','2025-12-09 10:37:01',NULL,NULL,NULL,NULL,NULL),(904,'Movimiento paquete',NULL,NULL,NULL,NULL,NULL,NULL,NULL,'completado',1,'Paquete P25120003 eliminado completamente. 0 etiquetas liberadas','2025-12-09 11:37:04',NULL,NULL,NULL,NULL,'2025-12-09 10:37:04','2025-12-09 10:37:04',NULL,NULL,NULL,NULL,NULL),(905,'Movimiento paquete',NULL,NULL,NULL,NULL,NULL,NULL,NULL,'completado',1,'Paquete P25120002 eliminado completamente. 0 etiquetas liberadas','2025-12-09 11:37:08',NULL,NULL,NULL,NULL,'2025-12-09 10:37:08','2025-12-09 10:37:08',NULL,NULL,NULL,NULL,NULL),(906,'Movimiento paquete',NULL,NULL,NULL,NULL,NULL,NULL,NULL,'completado',1,'Paquete P25120001 eliminado completamente. 0 etiquetas liberadas','2025-12-09 11:37:12',NULL,NULL,NULL,NULL,'2025-12-09 10:37:12','2025-12-09 10:37:12',NULL,NULL,NULL,NULL,NULL),(907,'Movimiento paquete',NULL,NULL,NULL,NULL,NULL,NULL,NULL,'completado',1,'Paquete P25120005 eliminado completamente. 0 etiquetas liberadas','2025-12-09 11:42:56',NULL,NULL,NULL,NULL,'2025-12-09 10:42:56','2025-12-09 10:42:56',NULL,NULL,NULL,NULL,NULL),(908,'Movimiento paquete',NULL,NULL,NULL,NULL,NULL,NULL,NULL,'completado',1,'Etiqueta ETQ2512007.02 añadida al paquete P25120013','2025-12-09 23:49:36',NULL,NULL,NULL,NULL,'2025-12-09 22:49:36','2025-12-09 22:49:36',NULL,NULL,NULL,NULL,NULL),(909,'Movimiento paquete',NULL,NULL,NULL,NULL,NULL,NULL,NULL,'completado',1,'Paquete P25120013 eliminado completamente. 4 etiquetas liberadas','2025-12-10 00:13:13',NULL,NULL,NULL,NULL,'2025-12-09 23:13:13','2025-12-09 23:13:13',NULL,NULL,NULL,NULL,NULL);
/*!40000 ALTER TABLE `movimientos` ENABLE KEYS */;
UNLOCK TABLES;

--
-- Table structure for table `nominas`
--

DROP TABLE IF EXISTS `nominas`;
/*!40101 SET @saved_cs_client     = @@character_set_client */;
/*!40101 SET character_set_client = utf8 */;
CREATE TABLE `nominas` (
  `id` int(11) NOT NULL AUTO_INCREMENT,
  `empleado_id` bigint(20) unsigned DEFAULT NULL,
  `categoria_id` bigint(20) DEFAULT NULL,
  `dias_trabajados` decimal(5,2) DEFAULT NULL,
  `salario_base` decimal(10,2) DEFAULT NULL,
  `plus_ajustado` tinyint(1) DEFAULT 0,
  `plus_actividad` decimal(10,2) DEFAULT NULL,
  `plus_asistencia` decimal(8,2) DEFAULT NULL,
  `plus_transporte` decimal(8,2) DEFAULT NULL,
  `plus_dieta` decimal(8,2) DEFAULT NULL,
  `plus_turnicidad` decimal(10,2) DEFAULT NULL,
  `plus_productividad` decimal(8,2) DEFAULT NULL,
  `prorrateo` decimal(10,2) DEFAULT NULL,
  `horas_extra` decimal(10,2) DEFAULT NULL,
  `valor_hora_extra` decimal(10,2) DEFAULT NULL,
  `total_devengado` decimal(10,2) DEFAULT NULL,
  `total_deducciones_ss` decimal(10,2) DEFAULT NULL,
  `irpf_mensual` decimal(10,2) DEFAULT NULL,
  `irpf_porcentaje` decimal(5,2) DEFAULT NULL,
  `liquido` decimal(10,2) DEFAULT NULL,
  `coste_empresa` decimal(10,2) DEFAULT NULL,
  `bruto_anual_estimado` decimal(12,2) DEFAULT NULL,
  `base_irpf_previa` decimal(12,2) DEFAULT NULL,
  `cuota_irpf_anual_sin_minimo` decimal(12,2) DEFAULT NULL,
  `cuota_minimo_personal` decimal(12,2) DEFAULT NULL,
  `cuota_irpf_anual` decimal(12,2) DEFAULT NULL,
  `fecha` date DEFAULT curdate(),
  `created_at` timestamp NULL DEFAULT NULL,
  `updated_at` timestamp NULL DEFAULT NULL,
  PRIMARY KEY (`id`),
  KEY `fk_nominas_empleado` (`empleado_id`),
  KEY `fk_nominas_categoria` (`categoria_id`),
  CONSTRAINT `fk_nominas_categoria` FOREIGN KEY (`categoria_id`) REFERENCES `categorias` (`id`) ON DELETE SET NULL ON UPDATE CASCADE,
  CONSTRAINT `fk_nominas_empleado` FOREIGN KEY (`empleado_id`) REFERENCES `users` (`id`) ON DELETE SET NULL ON UPDATE CASCADE
) ENGINE=InnoDB AUTO_INCREMENT=45 DEFAULT CHARSET=utf8mb4 COLLATE=utf8mb4_general_ci;
/*!40101 SET character_set_client = @saved_cs_client */;

--
-- Dumping data for table `nominas`
--

LOCK TABLES `nominas` WRITE;
/*!40000 ALTER TABLE `nominas` DISABLE KEYS */;
INSERT INTO `nominas` VALUES (1,NULL,10,30.00,1036.92,0,129.00,0.00,0.00,33.33,0.00,0.00,172.82,0.00,14.00,1372.07,88.91,133.00,9.69,1150.16,1650.60,14916.83,8400.22,2725.55,5550.00,1596.04,'2025-01-01','2025-04-23 09:27:58','2025-04-23 09:27:58'),(2,NULL,9,30.00,1118.08,0,183.00,0.00,0.00,33.33,0.00,0.00,186.35,0.00,14.00,1520.76,98.55,0.00,0.00,1422.22,1829.48,16053.16,0.00,2980.60,17600.00,0.00,'2025-01-01','2025-04-23 09:27:58','2025-04-23 09:27:58'),(3,NULL,8,30.00,1185.75,0,200.00,200.00,18.00,33.33,0.00,0.00,197.63,0.00,14.00,1834.71,118.89,125.86,6.86,1589.96,2207.15,17000.50,7948.87,3193.23,7950.00,1510.28,'2025-01-01','2025-04-23 09:27:58','2025-04-23 09:27:58'),(4,NULL,3,30.00,1200.00,0,200.00,200.00,200.00,129.33,0.00,0.00,200.00,0.00,14.00,2129.33,137.98,166.81,7.83,1824.54,2561.59,17200.00,10535.44,3238.01,5550.00,2001.73,'2025-01-01','2025-04-23 09:27:58','2025-04-23 09:27:58'),(5,NULL,10,30.00,1036.92,0,129.00,0.00,0.00,33.33,0.00,0.00,172.82,0.00,14.00,1372.07,88.91,133.00,9.69,1150.16,1650.60,14916.83,8400.22,2725.55,5550.00,1596.04,'2025-02-01','2025-04-23 09:28:04','2025-04-23 09:28:04'),(6,NULL,9,30.00,1118.08,0,183.00,0.00,0.00,33.33,0.00,0.00,186.35,0.00,14.00,1520.76,98.55,0.00,0.00,1422.22,1829.48,16053.16,0.00,2980.60,17600.00,0.00,'2025-02-01','2025-04-23 09:28:04','2025-04-23 09:28:04'),(7,NULL,8,30.00,1185.75,0,200.00,200.00,18.00,33.33,0.00,0.00,197.63,0.00,14.00,1834.71,118.89,125.86,6.86,1589.96,2207.15,17000.50,7948.87,3193.23,7950.00,1510.28,'2025-02-01','2025-04-23 09:28:04','2025-04-23 09:28:04'),(8,NULL,3,30.00,1200.00,0,200.00,200.00,200.00,129.33,0.00,0.00,200.00,0.00,14.00,2129.33,137.98,166.81,7.83,1824.54,2561.59,17200.00,10535.44,3238.01,5550.00,2001.73,'2025-02-01','2025-04-23 09:28:04','2025-04-23 09:28:04'),(9,NULL,10,30.00,1036.92,0,129.00,0.00,0.00,33.33,0.00,0.00,172.82,0.00,14.00,1372.07,88.91,133.00,9.69,1150.15,1650.60,14916.83,8400.22,2725.55,5550.00,1596.04,'2025-03-01','2025-04-23 09:28:10','2025-04-23 09:28:10'),(10,NULL,9,30.00,1118.08,0,183.00,0.00,0.00,33.33,0.00,0.00,186.35,0.00,14.00,1520.76,98.55,0.00,0.00,1422.22,1829.48,16053.16,0.00,2980.60,17600.00,0.00,'2025-03-01','2025-04-23 09:28:10','2025-04-23 09:28:10'),(11,NULL,8,30.00,1185.75,0,200.00,200.00,18.00,33.33,0.00,0.00,197.63,0.00,14.00,1834.71,118.89,125.86,6.86,1589.96,2207.15,17000.50,7948.87,3193.23,7950.00,1510.28,'2025-03-01','2025-04-23 09:28:10','2025-04-23 09:28:10'),(12,NULL,3,30.00,1200.00,0,200.00,200.00,200.00,129.33,0.00,0.00,200.00,0.00,14.00,2129.33,137.98,166.81,7.83,1824.54,2561.59,17200.00,10535.44,3238.01,5550.00,2001.73,'2025-03-01','2025-04-23 09:28:10','2025-04-23 09:28:10'),(13,NULL,10,30.00,1036.92,0,129.00,0.00,0.00,33.33,0.00,0.00,172.82,0.00,14.00,1372.07,88.91,133.00,9.69,1150.15,1650.60,14916.83,8400.22,2725.55,5550.00,1596.04,'2025-04-01','2025-04-23 09:31:03','2025-04-23 09:31:03'),(14,NULL,9,30.00,1118.08,0,183.00,0.00,0.00,33.33,0.00,0.00,186.35,0.00,14.00,1520.76,98.55,0.00,0.00,1422.22,1829.48,16053.16,0.00,2980.60,17600.00,0.00,'2025-04-01','2025-04-23 09:31:03','2025-04-23 09:31:03'),(15,NULL,8,30.00,1185.75,0,200.00,200.00,18.00,33.33,0.00,0.00,197.63,0.00,14.00,1834.71,118.89,125.86,6.86,1589.96,2207.15,17000.50,7948.87,3193.23,7950.00,1510.28,'2025-04-01','2025-04-23 09:31:03','2025-04-23 09:31:03'),(16,NULL,3,30.00,1200.00,0,200.00,200.00,200.00,129.33,0.00,0.00,200.00,0.00,14.00,2129.33,137.98,166.81,7.83,1824.54,2561.59,17200.00,10535.44,3238.01,5550.00,2001.73,'2025-04-01','2025-04-23 09:31:03','2025-04-23 09:31:03'),(17,NULL,10,30.00,1036.92,0,129.00,0.00,0.00,33.33,0.00,0.00,172.82,0.00,14.00,1372.07,88.91,133.01,9.69,1150.15,1650.60,14916.83,8400.22,2725.55,5550.00,1596.04,'2025-05-01','2025-04-23 09:31:14','2025-04-23 09:31:14'),(18,NULL,9,30.00,1118.08,0,183.00,0.00,0.00,33.33,0.00,0.00,186.35,0.00,14.00,1520.76,98.55,0.00,0.00,1422.22,1829.48,16053.16,0.00,2980.60,17600.00,0.00,'2025-05-01','2025-04-23 09:31:14','2025-04-23 09:31:14'),(19,NULL,8,30.00,1185.75,0,200.00,200.00,18.00,33.33,0.00,0.00,197.63,0.00,14.00,1834.71,118.89,125.86,6.86,1589.96,2207.15,17000.50,7948.87,3193.23,7950.00,1510.28,'2025-05-01','2025-04-23 09:31:14','2025-04-23 09:31:14'),(20,NULL,3,30.00,1200.00,0,200.00,200.00,200.00,129.33,0.00,0.00,200.00,0.00,14.00,2129.33,137.98,166.81,7.83,1824.54,2561.59,17200.00,10535.44,3238.01,5550.00,2001.73,'2025-05-01','2025-04-23 09:31:14','2025-04-23 09:31:14'),(21,NULL,10,30.00,1036.92,0,129.00,0.00,0.00,33.33,0.00,0.00,172.82,0.00,14.00,1372.07,88.91,133.00,9.69,1150.15,1650.60,14916.83,8400.22,2725.55,5550.00,1596.04,'2025-06-01','2025-04-23 09:31:21','2025-04-23 09:31:21'),(22,NULL,9,30.00,1118.08,0,183.00,0.00,0.00,33.33,0.00,0.00,186.35,0.00,14.00,1520.76,98.55,0.00,0.00,1422.22,1829.48,16053.16,0.00,2980.60,17600.00,0.00,'2025-06-01','2025-04-23 09:31:21','2025-04-23 09:31:21'),(23,NULL,8,30.00,1185.75,0,200.00,200.00,18.00,33.33,0.00,0.00,197.63,0.00,14.00,1834.71,118.89,125.85,6.86,1589.96,2207.15,17000.50,7948.87,3193.23,7950.00,1510.28,'2025-06-01','2025-04-23 09:31:21','2025-04-23 09:31:21'),(24,NULL,3,30.00,1200.00,0,200.00,200.00,200.00,129.33,0.00,0.00,200.00,0.00,14.00,2129.33,137.98,166.81,7.83,1824.54,2561.59,17200.00,10535.44,3238.01,5550.00,2001.73,'2025-06-01','2025-04-23 09:31:21','2025-04-23 09:31:21'),(25,NULL,10,30.00,1036.92,0,129.00,0.00,0.00,33.33,0.00,0.00,172.82,0.00,14.00,1372.07,88.91,133.01,9.69,1150.15,1650.60,14916.83,8400.22,2725.55,5550.00,1596.04,'2025-07-01','2025-04-23 09:31:27','2025-04-23 09:31:27'),(26,NULL,9,30.00,1118.08,0,183.00,0.00,0.00,33.33,0.00,0.00,186.35,0.00,14.00,1520.76,98.55,0.00,0.00,1422.22,1829.48,16053.16,0.00,2980.60,17600.00,0.00,'2025-07-01','2025-04-23 09:31:27','2025-04-23 09:31:27'),(27,NULL,8,30.00,1185.75,0,200.00,200.00,18.00,33.33,0.00,0.00,197.63,0.00,14.00,1834.71,118.89,125.86,6.86,1589.96,2207.15,17000.50,7948.87,3193.23,7950.00,1510.28,'2025-07-01','2025-04-23 09:31:27','2025-04-23 09:31:27'),(28,NULL,3,30.00,1200.00,0,200.00,200.00,200.00,129.33,0.00,0.00,200.00,0.00,14.00,2129.33,137.98,166.81,7.83,1824.54,2561.59,17200.00,10535.44,3238.01,5550.00,2001.73,'2025-07-01','2025-04-23 09:31:27','2025-04-23 09:31:27'),(29,NULL,8,30.00,1185.75,0,200.00,200.00,104.00,33.33,0.00,0.00,197.63,0.00,14.00,1920.71,124.46,207.05,10.78,1589.19,2310.61,17000.50,10348.87,3193.23,5550.00,1966.28,'2025-09-01','2025-04-23 09:32:05','2025-04-23 09:32:05'),(30,NULL,9,30.00,1118.08,0,183.00,0.00,0.00,33.33,0.00,0.00,186.35,0.00,14.00,1520.76,98.55,0.00,0.00,1422.22,1829.48,16053.16,0.00,2980.60,17600.00,0.00,'2025-09-01','2025-04-23 09:32:05','2025-04-23 09:32:05'),(31,NULL,8,30.00,1185.75,0,200.00,200.00,18.00,33.33,0.00,0.00,197.63,0.00,14.00,1834.71,118.89,125.85,6.86,1589.96,2207.15,17000.50,7948.87,3193.23,7950.00,1510.28,'2025-09-01','2025-04-23 09:32:05','2025-04-23 09:32:05'),(32,NULL,3,30.00,1200.00,0,200.00,200.00,200.00,129.33,0.00,0.00,200.00,0.00,14.00,2129.33,137.98,166.81,7.83,1824.54,2561.59,17200.00,10535.44,3238.01,5550.00,2001.73,'2025-09-01','2025-04-23 09:32:05','2025-04-23 09:32:05'),(33,NULL,8,30.00,1185.75,0,200.00,200.00,104.00,33.33,0.00,0.00,197.63,0.00,14.00,1920.71,124.46,207.05,10.78,1589.19,2310.61,17000.50,10348.87,3193.23,5550.00,1966.28,'2025-10-01','2025-04-23 09:32:10','2025-04-23 09:32:10'),(34,NULL,9,30.00,1118.08,0,183.00,0.00,0.00,33.33,0.00,0.00,186.35,0.00,14.00,1520.76,98.55,0.00,0.00,1422.22,1829.48,16053.16,0.00,2980.60,17600.00,0.00,'2025-10-01','2025-04-23 09:32:10','2025-04-23 09:32:10'),(35,NULL,8,30.00,1185.75,0,200.00,200.00,18.00,33.33,0.00,0.00,197.63,0.00,14.00,1834.71,118.89,125.86,6.86,1589.96,2207.15,17000.50,7948.87,3193.23,7950.00,1510.28,'2025-10-01','2025-04-23 09:32:10','2025-04-23 09:32:10'),(36,NULL,3,30.00,1200.00,0,200.00,200.00,200.00,129.33,0.00,0.00,200.00,0.00,14.00,2129.33,137.98,166.81,7.83,1824.54,2561.59,17200.00,10535.44,3238.01,5550.00,2001.73,'2025-10-01','2025-04-23 09:32:10','2025-04-23 09:32:10'),(37,NULL,8,30.00,1185.75,0,200.00,200.00,104.00,33.33,0.00,0.00,197.63,0.00,14.00,1920.71,124.46,207.05,10.78,1589.19,2310.61,17000.50,10348.87,3193.23,5550.00,1966.28,'2025-11-01','2025-04-23 09:32:15','2025-04-23 09:32:15'),(38,NULL,9,30.00,1118.08,0,183.00,0.00,0.00,33.33,0.00,0.00,186.35,0.00,14.00,1520.76,98.55,0.00,0.00,1422.22,1829.48,16053.16,0.00,2980.60,17600.00,0.00,'2025-11-01','2025-04-23 09:32:15','2025-04-23 09:32:15'),(39,NULL,8,30.00,1185.75,0,200.00,200.00,18.00,33.33,0.00,0.00,197.63,0.00,14.00,1834.71,118.89,125.85,6.86,1589.96,2207.15,17000.50,7948.87,3193.23,7950.00,1510.28,'2025-11-01','2025-04-23 09:32:15','2025-04-23 09:32:15'),(40,NULL,3,30.00,1200.00,0,200.00,200.00,200.00,129.33,0.00,0.00,200.00,0.00,14.00,2129.33,137.98,166.81,7.83,1824.54,2561.59,17200.00,10535.44,3238.01,5550.00,2001.73,'2025-11-01','2025-04-23 09:32:15','2025-04-23 09:32:15'),(41,NULL,8,30.00,1185.75,0,200.00,200.00,104.00,33.33,0.00,0.00,197.63,0.00,14.00,1920.71,124.46,207.06,10.78,1589.19,2310.61,17000.50,10348.87,3193.23,5550.00,1966.28,'2025-12-01','2025-04-23 09:32:19','2025-04-23 09:32:19'),(42,NULL,9,30.00,1118.08,0,183.00,0.00,0.00,33.33,0.00,0.00,186.35,0.00,14.00,1520.76,98.55,0.00,0.00,1422.22,1829.48,16053.16,0.00,2980.60,17600.00,0.00,'2025-12-01','2025-04-23 09:32:19','2025-04-23 09:32:19'),(43,NULL,8,30.00,1185.75,0,200.00,200.00,18.00,33.33,0.00,0.00,197.63,0.00,14.00,1834.71,118.89,125.86,6.86,1589.96,2207.15,17000.50,7948.87,3193.23,7950.00,1510.28,'2025-12-01','2025-04-23 09:32:19','2025-04-23 09:32:19'),(44,NULL,3,30.00,1200.00,0,200.00,200.00,200.00,129.33,0.00,0.00,200.00,0.00,14.00,2129.33,137.98,166.82,7.83,1824.54,2561.59,17200.00,10535.44,3238.01,5550.00,2001.73,'2025-12-01','2025-04-23 09:32:19','2025-04-23 09:32:19');
/*!40000 ALTER TABLE `nominas` ENABLE KEYS */;
UNLOCK TABLES;

--
-- Table structure for table `obras`
--

DROP TABLE IF EXISTS `obras`;
/*!40101 SET @saved_cs_client     = @@character_set_client */;
/*!40101 SET character_set_client = utf8 */;
CREATE TABLE `obras` (
  `id` bigint(20) unsigned NOT NULL AUTO_INCREMENT,
  `obra` varchar(255) NOT NULL,
  `cod_obra` varchar(50) NOT NULL,
  `cliente_id` bigint(20) unsigned DEFAULT NULL,
  `ciudad` varchar(255) DEFAULT NULL,
  `direccion` varchar(255) DEFAULT NULL,
  `estado` varchar(255) DEFAULT NULL,
  `tipo` enum('montaje','suministro') DEFAULT 'suministro',
  `latitud` decimal(17,15) DEFAULT NULL,
  `longitud` decimal(17,15) DEFAULT NULL,
  `distancia` int(10) unsigned DEFAULT NULL COMMENT 'Distancia en metros',
  `ancho_m` int(11) DEFAULT NULL,
  `largo_m` int(11) DEFAULT NULL,
  `created_at` timestamp NULL DEFAULT current_timestamp(),
  `updated_at` timestamp NULL DEFAULT current_timestamp() ON UPDATE current_timestamp(),
  `deleted_at` timestamp NULL DEFAULT NULL,
  PRIMARY KEY (`id`),
  UNIQUE KEY `cod_obra` (`cod_obra`),
  KEY `fk_obras_clientes` (`cliente_id`),
  CONSTRAINT `fk_obras_clientes` FOREIGN KEY (`cliente_id`) REFERENCES `clientes` (`id`) ON DELETE CASCADE ON UPDATE CASCADE
) ENGINE=InnoDB AUTO_INCREMENT=335 DEFAULT CHARSET=utf8 COLLATE=utf8_general_ci;
/*!40101 SET character_set_client = @saved_cs_client */;

--
-- Dumping data for table `obras`
--

LOCK TABLES `obras` WRITE;
/*!40000 ALTER TABLE `obras` DISABLE KEYS */;
INSERT INTO `obras` VALUES (1,'Nave A','1',1,'Los Palacios Y Vfca','Carretera N-IV CISMAN, Polígono 21 Parcela 31','activa','suministro',37.202070000000000,-5.928986000000000,150,30,165,'2025-03-17 14:29:11','2025-11-06 20:00:26',NULL),(2,'Nave B','2',1,'Los Palacios Y Vfca','Boulevar Siglo XXI','activa','suministro',NULL,NULL,NULL,20,125,'2025-03-17 14:29:24','2025-11-06 20:04:37',NULL),(3,'Almacén','3',1,'Los Palacios Y Vfca','C/Los Molares nº11','activa','suministro',37.167254371366944,-5.928366371251076,NULL,NULL,NULL,'2025-03-17 14:29:35','2025-11-06 20:01:24',NULL),(5,'EPC CUBICA','189',179,NULL,NULL,'completada','suministro',NULL,NULL,NULL,NULL,NULL,'2025-03-17 14:29:56','2025-04-30 12:59:03',NULL),(6,'CARBONELL FIGUERAS','190',180,NULL,NULL,'completada','suministro',NULL,NULL,NULL,NULL,NULL,'2025-03-17 14:29:56','2025-04-30 12:59:03',NULL),(7,'REVESAN SL','192',181,NULL,NULL,'completada','suministro',NULL,NULL,NULL,NULL,NULL,'2025-03-17 14:29:56','2025-04-30 12:59:03',NULL),(8,'SITESUR CIMENTACIONES','193',182,NULL,NULL,'completada','suministro',NULL,NULL,NULL,NULL,NULL,'2025-03-17 14:29:56','2025-04-30 12:59:03',NULL),(9,'PRUEBA','194',145,NULL,NULL,'completada','suministro',NULL,NULL,NULL,NULL,NULL,'2025-03-17 14:29:56','2025-04-30 12:59:03',NULL),(10,'DRAGADOS','195',184,NULL,NULL,'completada','suministro',NULL,NULL,NULL,NULL,NULL,'2025-03-17 14:29:56','2025-04-30 12:59:03',NULL),(11,'GUAMAR','196',185,NULL,NULL,'completada','suministro',NULL,NULL,NULL,NULL,NULL,'2025-03-17 14:29:56','2025-04-30 12:59:03',NULL),(12,'UTE SIFON DEL ODIEL','197',186,NULL,NULL,'completada','suministro',NULL,NULL,NULL,NULL,NULL,'2025-03-17 14:29:56','2025-04-30 12:59:03',NULL),(13,'OYRSA SOLUCIONES SL','198',187,NULL,NULL,'completada','suministro',NULL,NULL,NULL,NULL,NULL,'2025-03-17 14:29:56','2025-04-30 12:59:03',NULL),(14,'IMAGINE TOTAL PROJETS S.L.','199',188,NULL,NULL,'completada','suministro',NULL,NULL,NULL,NULL,NULL,'2025-03-17 14:29:56','2025-04-30 12:59:03',NULL),(15,'CONSTRUMARBEL','200',189,NULL,NULL,'completada','suministro',NULL,NULL,NULL,NULL,NULL,'2025-03-17 14:29:56','2025-04-30 12:59:03',NULL),(16,'COPUNO','201',190,NULL,NULL,'completada','suministro',NULL,NULL,NULL,NULL,NULL,'2025-03-17 14:29:56','2025-04-30 12:59:03',NULL),(17,'DAVAL SL','202',191,NULL,NULL,'completada','suministro',NULL,NULL,NULL,NULL,NULL,'2025-03-17 14:29:56','2025-04-30 12:59:03',NULL),(18,'UTE SANDO-OHL-HORMACESA','203',192,NULL,NULL,'completada','suministro',NULL,NULL,NULL,NULL,NULL,'2025-03-17 14:29:56','2025-04-30 12:59:03',NULL),(19,'SOLTUM','204',193,NULL,NULL,'completada','suministro',NULL,NULL,NULL,NULL,NULL,'2025-03-17 14:29:56','2025-04-30 12:59:03',NULL),(20,'STNAPAL','205',194,NULL,NULL,'completada','suministro',NULL,NULL,NULL,NULL,NULL,'2025-03-17 14:29:56','2025-04-30 12:59:03',NULL),(21,'AMENABAR SA','206',195,NULL,NULL,'completada','suministro',NULL,NULL,NULL,NULL,NULL,'2025-03-17 14:29:56','2025-04-30 12:59:03',NULL),(22,'BESPI CONSTRUCCIONES SL','207',196,NULL,NULL,'completada','suministro',NULL,NULL,NULL,NULL,NULL,'2025-03-17 14:29:56','2025-04-30 12:59:03',NULL),(23,'UTE FCC AQUALIA - HELIOPOL','208',197,NULL,NULL,'completada','suministro',NULL,NULL,NULL,NULL,NULL,'2025-03-17 14:29:56','2025-04-30 12:59:03',NULL),(24,'BEATRIZ DE SUABIA Nº/60-62','42',26,NULL,NULL,'completada','suministro',NULL,NULL,NULL,NULL,NULL,'2025-03-17 14:33:51','2025-04-30 12:59:03',NULL),(25,'EL REPILAO','104',9,NULL,NULL,'completada','suministro',NULL,NULL,NULL,NULL,NULL,'2025-03-17 14:33:51','2025-04-30 12:59:03',NULL),(26,'NAVE DE HUEVAR','156',9,NULL,NULL,'completada','suministro',NULL,NULL,NULL,NULL,NULL,'2025-03-17 14:33:51','2025-04-30 12:59:03',NULL),(27,'CHAPU','224',16,NULL,NULL,'completada','suministro',NULL,NULL,NULL,NULL,NULL,'2025-03-17 14:33:51','2025-04-30 12:59:03',NULL),(28,'ALCALA','225',13,NULL,NULL,'completada','suministro',NULL,NULL,NULL,NULL,NULL,'2025-03-17 14:33:51','2025-04-30 12:59:03',NULL),(29,'PEDIDO DE PARTICULARES','287',70,NULL,NULL,'completada','suministro',NULL,NULL,NULL,NULL,NULL,'2025-03-17 14:33:51','2025-04-30 12:59:03',NULL),(30,'CHAPUCES','345',13,NULL,NULL,'completada','suministro',NULL,NULL,NULL,NULL,NULL,'2025-03-17 14:33:51','2025-04-30 12:59:03',NULL),(31,'CHAPÙ CAMPO 04-01-22','368',27,NULL,NULL,'completada','suministro',NULL,NULL,NULL,NULL,NULL,'2025-03-17 14:33:51','2025-04-30 12:59:03',NULL),(32,'VDR','462',99,NULL,NULL,'completada','suministro',NULL,NULL,NULL,NULL,NULL,'2025-03-17 14:33:51','2025-04-30 12:59:03',NULL),(33,'ALMAZARA LEBRIJA','466',100,NULL,NULL,'completada','suministro',NULL,NULL,NULL,NULL,NULL,'2025-03-17 14:33:51','2025-04-30 12:59:03',NULL),(34,'PEÑAFLOR','468',77,NULL,NULL,'completada','suministro',NULL,NULL,NULL,NULL,NULL,'2025-03-17 14:33:51','2025-04-30 12:59:03',NULL),(35,'78 VIVI RESIDENCIAL NOGAL','480',52,NULL,NULL,'completada','suministro',NULL,NULL,NULL,NULL,NULL,'2025-03-17 14:33:51','2025-04-30 12:59:03',NULL),(36,'RESID. ESTUD. CAMPUS DEL CARMEN','484',103,NULL,NULL,'completada','suministro',NULL,NULL,NULL,NULL,NULL,'2025-03-17 14:33:51','2025-04-30 12:59:03',NULL),(37,'46 VIVI. RESIDENCIAL OLMO','485',52,NULL,NULL,'completada','suministro',NULL,NULL,NULL,NULL,NULL,'2025-03-17 14:33:51','2025-04-30 12:59:03',NULL),(38,'OBRA 29 VIVI CASTILLEJA DE LA CASTILLEJA','549',26,NULL,NULL,'completada','suministro',NULL,NULL,NULL,NULL,NULL,'2025-03-17 14:33:51','2025-04-30 12:59:03',NULL),(39,'TORRE DEL HOMENAJE 9','554',16,NULL,NULL,'completada','suministro',NULL,NULL,NULL,NULL,NULL,'2025-03-17 14:33:51','2025-04-30 12:59:03',NULL),(40,'PABELLÒN SIGLO XV','558',NULL,NULL,NULL,'completada','suministro',NULL,NULL,NULL,NULL,NULL,'2025-03-17 14:33:51','2025-04-30 12:59:03',NULL),(41,'CASTILLO UTRERA','561',13,NULL,NULL,'completada','suministro',NULL,NULL,NULL,NULL,NULL,'2025-03-17 14:33:51','2025-04-30 12:59:03',NULL),(42,'PRESUPUESTOS DE OBRA','564',123,NULL,NULL,'completada','suministro',NULL,NULL,NULL,NULL,NULL,'2025-03-17 14:33:51','2025-04-30 12:59:03',NULL),(43,'49 VIVI ACEBUCHAL BAJO','573',126,NULL,NULL,'completada','suministro',NULL,NULL,NULL,NULL,NULL,'2025-03-17 14:33:51','2025-04-30 12:59:03',NULL),(44,'TORRECERA','577',111,NULL,NULL,'completada','suministro',NULL,NULL,NULL,NULL,NULL,'2025-03-17 14:33:51','2025-04-30 12:59:03',NULL),(45,'MERCADONA SANLUCAR DE BARRAMEDA','578',51,NULL,NULL,'completada','suministro',NULL,NULL,NULL,NULL,NULL,'2025-03-17 14:33:51','2025-04-30 12:59:03',NULL),(46,'RESIDANCIA DE ESTUDIANTES BALMORAL, DOS HERMANAS','579',102,NULL,NULL,'completada','suministro',NULL,NULL,NULL,NULL,NULL,'2025-03-17 14:33:51','2025-04-30 12:59:03',NULL),(47,'ARQUETAS CORTES, MALAGA','595',128,NULL,NULL,'completada','suministro',NULL,NULL,NULL,NULL,NULL,'2025-03-17 14:33:51','2025-04-30 12:59:03',NULL),(48,'CALLE PERU 20','598',16,NULL,NULL,'completada','suministro',NULL,NULL,NULL,NULL,NULL,'2025-03-17 14:33:51','2025-04-30 12:59:03',NULL),(49,'RESIDENCIA DE MAYORES BORMUJO','602',NULL,NULL,NULL,'completada','suministro',NULL,NULL,NULL,NULL,NULL,'2025-03-17 14:33:51','2025-04-30 12:59:03',NULL),(50,'COLECTOR DOS HERMANAS','616',37,NULL,NULL,'completada','suministro',NULL,NULL,NULL,NULL,NULL,'2025-03-17 14:33:51','2025-04-30 12:59:03',NULL),(51,'9 VIVIENDAS EN GINES','618',65,NULL,NULL,'completada','suministro',NULL,NULL,NULL,NULL,NULL,'2025-03-17 14:33:51','2025-04-30 12:59:03',NULL),(52,'MERCADONA LA LINEA','621',51,NULL,NULL,'completada','suministro',NULL,NULL,NULL,NULL,NULL,'2025-03-17 14:33:51','2025-04-30 12:59:03',NULL),(53,'HOTEL B-B, PUERTO SANTA MARIA, CADIZ','629',136,NULL,NULL,'completada','montaje',NULL,NULL,NULL,NULL,NULL,'2025-03-17 14:33:51','2025-10-31 11:21:23',NULL),(54,'OBRA SARAY','630',16,NULL,NULL,'completada','suministro',NULL,NULL,NULL,NULL,NULL,'2025-03-17 14:33:51','2025-04-30 12:59:03',NULL),(55,'OBRA CALLE MALAGA','631',16,NULL,NULL,'completada','suministro',NULL,NULL,NULL,NULL,NULL,'2025-03-17 14:33:51','2025-04-30 12:59:03',NULL),(56,'CALLE FCO MARIN Nª 8 (Utrera)','634',5,NULL,NULL,'completada','suministro',NULL,NULL,NULL,NULL,NULL,'2025-03-17 14:33:51','2025-04-30 12:59:03',NULL),(57,'MARIBAÑES','635',76,NULL,NULL,'completada','suministro',NULL,NULL,NULL,NULL,NULL,'2025-03-17 14:33:51','2025-04-30 12:59:03',NULL),(58,'OBRA PRIMERO DE MAYO','636',16,NULL,NULL,'completada','suministro',NULL,NULL,NULL,NULL,NULL,'2025-03-17 14:33:51','2025-04-30 12:59:03',NULL),(59,'NAVE','637',135,NULL,NULL,'completada','suministro',NULL,NULL,NULL,NULL,NULL,'2025-03-17 14:33:51','2025-04-30 12:59:03',NULL),(60,'OBRA DUQUESA DE ARCO','638',27,NULL,NULL,'completada','suministro',NULL,NULL,NULL,NULL,NULL,'2025-03-17 14:33:51','2025-04-30 12:59:03',NULL),(61,'CENTRO DE EXCELENCIA','644',40,NULL,NULL,'completada','suministro',NULL,NULL,NULL,NULL,NULL,'2025-03-17 14:33:51','2025-04-30 12:59:03',NULL),(62,'OBRA AMPARO','645',34,NULL,NULL,'completada','suministro',NULL,NULL,NULL,NULL,NULL,'2025-03-17 14:33:51','2025-04-30 12:59:03',NULL),(63,'OBRA EL GALLO-HERRERA','649',37,NULL,NULL,'completada','suministro',NULL,NULL,NULL,NULL,NULL,'2025-03-17 14:33:51','2025-04-30 12:59:03',NULL),(64,'16 VIV MARBELLA','650',126,NULL,NULL,'completada','suministro',NULL,NULL,NULL,NULL,NULL,'2025-03-17 14:33:51','2025-04-30 12:59:03',NULL),(65,'NAVE CALLE TORNERO','651',16,NULL,NULL,'completada','suministro',NULL,NULL,NULL,NULL,NULL,'2025-03-17 14:33:51','2025-04-30 12:59:03',NULL),(66,'CHALET EN VALENCINA','655',138,NULL,NULL,'completada','suministro',NULL,NULL,NULL,NULL,NULL,'2025-03-17 14:33:51','2025-04-30 12:59:03',NULL),(67,'P.T.R. PUERTO SEVILLA','657',139,NULL,NULL,'completada','suministro',NULL,NULL,NULL,NULL,NULL,'2025-03-17 14:33:51','2025-04-30 12:59:03',NULL),(68,'MORON','659',37,NULL,NULL,'completada','suministro',NULL,NULL,NULL,NULL,NULL,'2025-03-17 14:33:51','2025-04-30 12:59:03',NULL),(69,'HOSPITAL MACARENA','660',77,NULL,NULL,'completada','suministro',NULL,NULL,NULL,NULL,NULL,'2025-03-17 14:33:51','2025-04-30 12:59:03',NULL),(70,'ALCALA DE GUADAIRA','662',27,NULL,NULL,'completada','suministro',NULL,NULL,NULL,NULL,NULL,'2025-03-17 14:33:51','2025-04-30 12:59:03',NULL),(71,'JABALCON','663',140,NULL,NULL,'completada','suministro',NULL,NULL,NULL,NULL,NULL,'2025-03-17 14:33:51','2025-04-30 12:59:03',NULL),(72,'CALLE CATAPLANA Nº 12 (ALMENSILLA)','664',51,NULL,NULL,'completada','suministro',NULL,NULL,NULL,NULL,NULL,'2025-03-17 14:33:51','2025-04-30 12:59:03',NULL),(73,'HERMANO JAVIER','665',27,NULL,NULL,'completada','suministro',NULL,NULL,NULL,NULL,NULL,'2025-03-17 14:33:51','2025-04-30 12:59:03',NULL),(74,'1 VIV UTRERA, C/PEREDA','666',15,NULL,NULL,'completada','suministro',NULL,NULL,NULL,NULL,NULL,'2025-03-17 14:33:51','2025-04-30 12:59:03',NULL),(75,'RIO BARBATE','667',127,NULL,NULL,'completada','suministro',NULL,NULL,NULL,NULL,NULL,'2025-03-17 14:33:51','2025-04-30 12:59:03',NULL),(76,'NAVE C STONES, ANTEQUERA','668',137,NULL,NULL,'completada','suministro',NULL,NULL,NULL,NULL,NULL,'2025-03-17 14:33:51','2025-04-30 12:59:03',NULL),(77,'IES VIRGEN DEL CARMEN','669',7,NULL,NULL,'completada','suministro',NULL,NULL,NULL,NULL,NULL,'2025-03-17 14:33:51','2025-04-30 12:59:03',NULL),(78,'NUEVA OBRA 27-07-23','670',55,NULL,NULL,'completada','suministro',NULL,NULL,NULL,NULL,NULL,'2025-03-17 14:33:51','2025-04-30 12:59:03',NULL),(79,'DOCTOR DOMINGO GALLEGO','671',16,NULL,NULL,'completada','suministro',NULL,NULL,NULL,NULL,NULL,'2025-03-17 14:33:51','2025-04-30 12:59:03',NULL),(80,'PABLO ROJAS','672',13,NULL,NULL,'completada','suministro',NULL,NULL,NULL,NULL,NULL,'2025-03-17 14:33:51','2025-04-30 12:59:03',NULL),(81,'HOSPITAL ALGECIRAS ONCO-MEMATOLOGIA','673',92,NULL,NULL,'completada','suministro',NULL,NULL,NULL,NULL,NULL,'2025-03-17 14:33:51','2025-04-30 12:59:03',NULL),(82,'4 VIV, MAIRENA','676',39,NULL,NULL,'completada','suministro',NULL,NULL,NULL,NULL,NULL,'2025-03-17 14:33:51','2025-04-30 12:59:03',NULL),(83,'AIRBUS PUERTO DE SANTA MARIA','677',37,NULL,NULL,'completada','suministro',NULL,NULL,NULL,NULL,NULL,'2025-03-17 14:33:51','2025-04-30 12:59:03',NULL),(84,'OBRA 210 NAVE VEGENAT (Badajoz)','678',40,NULL,NULL,'completada','suministro',NULL,NULL,NULL,NULL,NULL,'2025-03-17 14:33:51','2025-04-30 12:59:03',NULL),(85,'15 VPO UTRERA','679',15,NULL,NULL,'completada','suministro',NULL,NULL,NULL,NULL,NULL,'2025-03-17 14:33:51','2025-04-30 12:59:03',NULL),(86,'PUERTO DE HUELVA , PLATAFORMA RO-RO','681',140,NULL,NULL,'completada','suministro',NULL,NULL,NULL,NULL,NULL,'2025-03-17 14:33:51','2025-04-30 12:59:03',NULL),(87,'C/ALONSO RIALORA','682',15,NULL,NULL,'completada','suministro',NULL,NULL,NULL,NULL,NULL,'2025-03-17 14:33:51','2025-04-30 12:59:03',NULL),(88,'2 VIV CALLE AZUCENA','683',142,NULL,NULL,'completada','suministro',NULL,NULL,NULL,NULL,NULL,'2025-03-17 14:33:51','2025-04-30 12:59:03',NULL),(89,'CARMEN MARIA MOLINA','684',27,NULL,NULL,'completada','suministro',NULL,NULL,NULL,NULL,NULL,'2025-03-17 14:33:51','2025-04-30 12:59:03',NULL),(90,'RESIDENCIA C/ ADOLFO SUAREZ DOS HERNABAS','685',143,NULL,NULL,'completada','suministro',NULL,NULL,NULL,NULL,NULL,'2025-03-17 14:33:51','2025-04-30 12:59:03',NULL),(91,'62 VIV ATLANTERRA','687',144,NULL,NULL,'completada','suministro',NULL,NULL,NULL,NULL,NULL,'2025-03-17 14:33:51','2025-04-30 12:59:03',NULL),(92,'224 BENACOR CORDOBA','691',40,NULL,NULL,'completada','suministro',NULL,NULL,NULL,NULL,NULL,'2025-03-17 14:33:51','2025-04-30 12:59:03',NULL),(93,'CENTRAL HORTOFRUTICOLA','692',137,NULL,NULL,'completada','suministro',NULL,NULL,NULL,NULL,NULL,'2025-03-17 14:33:51','2025-04-30 12:59:03',NULL),(94,'4 APARTAMENTOS EN TRIANA','693',138,NULL,NULL,'completada','montaje',NULL,NULL,NULL,NULL,NULL,'2025-03-17 14:33:51','2025-10-31 11:19:57',NULL),(95,'LPP, PUERTO REAL','694',40,NULL,NULL,'completada','suministro',NULL,NULL,NULL,NULL,NULL,'2025-03-17 14:33:51','2025-04-30 12:59:03',NULL),(96,'MCDONALD BARBATE','695',130,NULL,NULL,'completada','suministro',NULL,NULL,NULL,NULL,NULL,'2025-03-17 14:33:51','2025-04-30 12:59:03',NULL),(97,'OBRA RATON','697',27,NULL,NULL,'completada','suministro',NULL,NULL,NULL,NULL,NULL,'2025-03-17 14:33:51','2025-04-30 12:59:03',NULL),(98,'CRISTOBAL COLON 9','698',13,NULL,NULL,'completada','suministro',NULL,NULL,NULL,NULL,NULL,'2025-03-17 14:33:51','2025-04-30 12:59:03',NULL),(99,'HACIENDA EL CAPITÁN','699',13,NULL,NULL,'completada','suministro',NULL,NULL,NULL,NULL,NULL,'2025-03-17 14:33:51','2025-04-30 12:59:03',NULL),(100,'NAVE ANTEQUERA','700',137,NULL,NULL,'completada','suministro',NULL,NULL,NULL,NULL,NULL,'2025-03-17 14:33:51','2025-04-30 12:59:03',NULL),(101,'LOS MOLARES C/ LA CALERA','701',55,NULL,NULL,'completada','suministro',NULL,NULL,NULL,NULL,NULL,'2025-03-17 14:33:51','2025-04-30 12:59:03',NULL),(102,'AUTOCARES VELASCO 18-09-23','702',70,NULL,NULL,'completada','suministro',NULL,NULL,NULL,NULL,NULL,'2025-03-17 14:33:51','2025-04-30 12:59:03',NULL),(103,'AP4','703',129,NULL,NULL,'completada','suministro',NULL,NULL,NULL,NULL,NULL,'2025-03-17 14:33:51','2025-04-30 12:59:03',NULL),(104,'NAVE HORTOFRUTICOLA','704',137,NULL,NULL,'completada','suministro',NULL,NULL,NULL,NULL,NULL,'2025-03-17 14:33:51','2025-04-30 12:59:03',NULL),(105,'SIN NOMBRE','705',146,NULL,NULL,'completada','suministro',NULL,NULL,NULL,NULL,NULL,'2025-03-17 14:33:51','2025-04-30 12:59:03',NULL),(106,'CALLE GUADALQUIVIR','706',26,NULL,NULL,'completada','suministro',NULL,NULL,NULL,NULL,NULL,'2025-03-17 14:33:51','2025-04-30 12:59:03',NULL),(107,'SÓTANO CALLE MATAMOROS','707',5,NULL,NULL,'completada','suministro',NULL,NULL,NULL,NULL,NULL,'2025-03-17 14:33:51','2025-04-30 12:59:03',NULL),(108,'NAVE ALCALÁ DEL RÍO','708',9,NULL,NULL,'completada','suministro',NULL,NULL,NULL,NULL,NULL,'2025-03-17 14:33:51','2025-04-30 12:59:03',NULL),(109,'BIOPLAGEN NUEVO CUBETO','709',94,NULL,NULL,'completada','suministro',NULL,NULL,NULL,NULL,NULL,'2025-03-17 14:33:51','2025-04-30 12:59:03',NULL),(110,'EDAR LA LUISIANA Y EL CAMPILLO','710',77,NULL,NULL,'completada','suministro',NULL,NULL,NULL,NULL,NULL,'2025-03-17 14:33:51','2025-04-30 12:59:03',NULL),(111,'16 VIVIENDAS CÁDIZ','711',144,NULL,NULL,'completada','suministro',NULL,NULL,NULL,NULL,NULL,'2025-03-17 14:33:51','2025-04-30 12:59:03',NULL),(112,'CUBIERTA ADIF','712',137,NULL,NULL,'completada','suministro',NULL,NULL,NULL,NULL,NULL,'2025-03-17 14:33:51','2025-04-30 12:59:03',NULL),(113,'BIOCLIMATIZACIÓN OSUNA','713',147,NULL,NULL,'completada','suministro',NULL,NULL,NULL,NULL,NULL,'2025-03-17 14:33:51','2025-04-30 12:59:03',NULL),(114,'CONCHI','714',27,NULL,NULL,'completada','suministro',NULL,NULL,NULL,NULL,NULL,'2025-03-17 14:33:51','2025-04-30 12:59:03',NULL),(115,'EMBALSE TORRE DEL AGUILA','715',148,NULL,NULL,'completada','suministro',NULL,NULL,NULL,NULL,NULL,'2025-03-17 14:33:51','2025-04-30 12:59:03',NULL),(116,'ALBAREDA 18, SEVILLA','717',149,NULL,NULL,'completada','suministro',NULL,NULL,NULL,NULL,NULL,'2025-03-17 14:33:51','2025-04-30 12:59:03',NULL),(117,'CASA CULTURA, ALCALA DE GUADAIRA','718',150,NULL,NULL,'completada','montaje',NULL,NULL,NULL,NULL,NULL,'2025-03-17 14:33:51','2025-10-31 11:20:14',NULL),(118,'C/ CRISTOBAL COLON','719',13,NULL,NULL,'completada','suministro',NULL,NULL,NULL,NULL,NULL,'2025-03-17 14:33:51','2025-04-30 12:59:03',NULL),(119,'CALLE CORREDERA 36','720',127,NULL,NULL,'completada','suministro',NULL,NULL,NULL,NULL,NULL,'2025-03-17 14:33:51','2025-04-30 12:59:03',NULL),(120,'CALLE MOLINO DE CAFÉ 11','721',70,NULL,NULL,'completada','suministro',NULL,NULL,NULL,NULL,NULL,'2025-03-17 14:33:51','2025-04-30 12:59:03',NULL),(121,'SOHO','722',126,NULL,NULL,'completada','suministro',NULL,NULL,NULL,NULL,NULL,'2025-03-17 14:33:51','2025-04-30 12:59:03',NULL),(122,'NAVE CONSERVACIÓN AUTOPISTA AP-4','723',NULL,NULL,NULL,'completada','suministro',NULL,NULL,NULL,NULL,NULL,'2025-03-17 14:33:51','2025-04-30 12:59:03',NULL),(123,'CAMINO DE ROJAS','724',94,NULL,NULL,'completada','suministro',NULL,NULL,NULL,NULL,NULL,'2025-03-17 14:33:51','2025-04-30 12:59:03',NULL),(124,'SANTA CLARA','725',26,NULL,NULL,'completada','suministro',NULL,NULL,NULL,NULL,NULL,'2025-03-17 14:33:51','2025-04-30 12:59:03',NULL),(125,'PISCINA CARTUJA INMOBILIARIA','726',152,NULL,NULL,'completada','suministro',NULL,NULL,NULL,NULL,NULL,'2025-03-17 14:33:51','2025-04-30 12:59:03',NULL),(126,'OBRA CAMPO ANGEL','728',153,NULL,NULL,'completada','suministro',NULL,NULL,NULL,NULL,NULL,'2025-03-17 14:33:51','2025-04-30 12:59:03',NULL),(127,'DEPOSITOS ALMARAZ (Caceres)','729',NULL,NULL,NULL,'completada','suministro',NULL,NULL,NULL,NULL,NULL,'2025-03-17 14:33:51','2025-04-30 12:59:03',NULL),(128,'CERRAMIENTO ENTRENUCLEOS 13-11-23','731',5,NULL,NULL,'completada','montaje',NULL,NULL,NULL,NULL,NULL,'2025-03-17 14:33:51','2025-10-31 11:21:17',NULL),(129,'VIRGEN DEL VALLE 27','732',26,NULL,NULL,'completada','suministro',NULL,NULL,NULL,NULL,NULL,'2025-03-17 14:33:51','2025-04-30 12:59:03',NULL),(130,'206 LEBRIJA','734',40,NULL,NULL,'completada','suministro',NULL,NULL,NULL,NULL,NULL,'2025-03-17 14:33:51','2025-04-30 12:59:03',NULL),(131,'42 VIVI LA FLORIDA','735',87,NULL,NULL,'completada','suministro',NULL,NULL,NULL,NULL,NULL,'2025-03-17 14:33:51','2025-04-30 12:59:03',NULL),(132,'SAN MARCOS 57','736',16,NULL,NULL,'completada','suministro',NULL,NULL,NULL,NULL,NULL,'2025-03-17 14:33:51','2025-04-30 12:59:03',NULL),(133,'MARIANO','737',27,NULL,NULL,'completada','suministro',NULL,NULL,NULL,NULL,NULL,'2025-03-17 14:33:51','2025-04-30 12:59:03',NULL),(134,'DANI CEBALLOS','738',155,NULL,NULL,'completada','suministro',NULL,NULL,NULL,NULL,NULL,'2025-03-17 14:33:51','2025-04-30 12:59:03',NULL),(135,'27 VIVI CRETA II','739',156,NULL,NULL,'completada','suministro',NULL,NULL,NULL,NULL,NULL,'2025-03-17 14:33:51','2025-04-30 12:59:03',NULL),(136,'DEPOSITOS REGULADORES','740',102,NULL,NULL,'completada','suministro',NULL,NULL,NULL,NULL,NULL,'2025-03-17 14:33:51','2025-04-30 12:59:03',NULL),(137,'JUAN CARLOS ESPEJO','741',16,NULL,NULL,'completada','montaje',NULL,NULL,NULL,NULL,NULL,'2025-03-17 14:33:51','2025-10-31 11:20:26',NULL),(138,'LOS MORALES','742',55,NULL,NULL,'completada','suministro',NULL,NULL,NULL,NULL,NULL,'2025-03-17 14:33:51','2025-04-30 12:59:03',NULL),(139,'47 VIV PUERTO REAL','743',72,NULL,NULL,'completada','suministro',NULL,NULL,NULL,NULL,NULL,'2025-03-17 14:33:51','2025-04-30 12:59:03',NULL),(140,'MURO ATARAZANAS SEVILLA','744',158,NULL,NULL,'completada','suministro',NULL,NULL,NULL,NULL,NULL,'2025-03-17 14:33:51','2025-04-30 12:59:03',NULL),(141,'OBRA 206- 40 NAVES LEBRIJA','745',40,NULL,NULL,'completada','suministro',NULL,NULL,NULL,NULL,NULL,'2025-03-17 14:33:51','2025-04-30 12:59:03',NULL),(142,'BASE NAVAL DE ROTA','746',159,NULL,NULL,'completada','suministro',NULL,NULL,NULL,NULL,NULL,'2025-03-17 14:33:51','2025-04-30 12:59:03',NULL),(143,'ARBOLITOS','747',160,NULL,NULL,'completada','montaje',NULL,NULL,NULL,NULL,NULL,'2025-03-17 14:33:51','2025-10-31 11:21:11',NULL),(144,'OBRA 231-PAVISO Utrera','748',40,NULL,NULL,'completada','suministro',NULL,NULL,NULL,NULL,NULL,'2025-03-17 14:33:51','2025-04-30 12:59:03',NULL),(145,'OFICINAS LIEBANAS','749',27,NULL,NULL,'completada','suministro',NULL,NULL,NULL,NULL,NULL,'2025-03-17 14:33:51','2025-04-30 12:59:03',NULL),(146,'MONTEMARTA CÓNICA','750',161,NULL,NULL,'completada','suministro',NULL,NULL,NULL,NULL,NULL,'2025-03-17 14:33:51','2025-04-30 12:59:03',NULL),(147,'OBRA MOCTEZUMA','751',13,NULL,NULL,'completada','suministro',NULL,NULL,NULL,NULL,NULL,'2025-03-17 14:33:51','2025-04-30 12:59:03',NULL),(148,'CALLE DRAGON','752',142,NULL,NULL,'completada','suministro',NULL,NULL,NULL,NULL,NULL,'2025-03-17 14:33:51','2025-04-30 12:59:03',NULL),(149,'GRADERIO CP PUNTALES- LA PAZ','753',137,NULL,NULL,'completada','suministro',NULL,NULL,NULL,NULL,NULL,'2025-03-17 14:33:51','2025-04-30 12:59:03',NULL),(150,'ALCALA VIRGEN AGUILA','754',27,NULL,NULL,'completada','suministro',NULL,NULL,NULL,NULL,NULL,'2025-03-17 14:33:51','2025-04-30 12:59:03',NULL),(151,'HOTEL ILUNION','755',20,NULL,NULL,'completada','suministro',NULL,NULL,NULL,NULL,NULL,'2025-03-17 14:33:51','2025-04-30 12:59:03',NULL),(152,'ALCALA VIRGEN MERCED','756',27,NULL,NULL,'completada','suministro',NULL,NULL,NULL,NULL,NULL,'2025-03-17 14:33:51','2025-04-30 12:59:03',NULL),(153,'EDUARDO DATO 25','757',5,NULL,NULL,'completada','suministro',NULL,NULL,NULL,NULL,NULL,'2025-03-17 14:33:51','2025-04-30 12:59:03',NULL),(154,'ALJIBE PINEDA','758',138,NULL,NULL,'completada','suministro',NULL,NULL,NULL,NULL,NULL,'2025-03-17 14:33:51','2025-04-30 12:59:03',NULL),(155,'6 V.V. CALLE DUERO','759',13,NULL,NULL,'completada','suministro',NULL,NULL,NULL,NULL,NULL,'2025-03-17 14:33:51','2025-04-30 12:59:03',NULL),(156,'CALLE ZIMNIAS 6 Palomares del Rio','760',162,NULL,NULL,'completada','montaje',NULL,NULL,NULL,NULL,NULL,'2025-03-17 14:33:51','2025-10-31 11:22:02',NULL),(157,'BODEGAS GONGORA 2º FASE','761',20,NULL,NULL,'completada','suministro',NULL,NULL,NULL,NULL,NULL,'2025-03-17 14:33:51','2025-04-30 12:59:03',NULL),(158,'LIPASAN TOLVAS CRTA DE LA EXCLUSA','762',161,NULL,NULL,'completada','suministro',NULL,NULL,NULL,NULL,NULL,'2025-03-17 14:33:51','2025-04-30 12:59:03',NULL),(159,'LOSA HERGACON','763',163,NULL,NULL,'completada','suministro',NULL,NULL,NULL,NULL,NULL,'2025-03-17 14:33:51','2025-04-30 12:59:03',NULL),(160,'MURO BELLAVISTA','764',111,NULL,NULL,'completada','suministro',NULL,NULL,NULL,NULL,NULL,'2025-03-17 14:33:51','2025-04-30 12:59:03',NULL),(161,'BASE AEREA DE MORON','766',111,NULL,NULL,'completada','suministro',NULL,NULL,NULL,NULL,NULL,'2025-03-17 14:33:51','2025-04-30 12:59:03',NULL),(162,'C/ NUEVA 45','767',164,NULL,NULL,'completada','suministro',NULL,NULL,NULL,NULL,NULL,'2025-03-17 14:33:51','2025-04-30 12:59:03',NULL),(163,'CALLE ZIMNIAS','769',95,NULL,NULL,'completada','suministro',NULL,NULL,NULL,NULL,NULL,'2025-03-17 14:33:51','2025-04-30 12:59:03',NULL),(164,'NAVE SEARO','770',165,NULL,NULL,'completada','suministro',NULL,NULL,NULL,NULL,NULL,'2025-03-17 14:33:51','2025-04-30 12:59:03',NULL),(165,'CAMPO SOTELO','771',153,NULL,NULL,'completada','suministro',NULL,NULL,NULL,NULL,NULL,'2025-03-17 14:33:51','2025-04-30 12:59:03',NULL),(166,'C/ SALVADOR DE QUINTA','772',127,NULL,NULL,'completada','suministro',NULL,NULL,NULL,NULL,NULL,'2025-03-17 14:33:51','2025-04-30 12:59:03',NULL),(167,'CALAGOLF MIJAS FASE 2','773',103,NULL,NULL,'completada','suministro',NULL,NULL,NULL,NULL,NULL,'2025-03-17 14:33:51','2025-04-30 12:59:03',NULL),(168,'CLEMENTE DE LA CUADRA','774',5,NULL,NULL,'completada','suministro',NULL,NULL,NULL,NULL,NULL,'2025-03-17 14:33:51','2025-04-30 12:59:03',NULL),(169,'OM BORMUJOS','775',166,NULL,NULL,'completada','suministro',NULL,NULL,NULL,NULL,NULL,'2025-03-17 14:33:51','2025-04-30 12:59:03',NULL),(170,'ALDEPORT','776',40,NULL,NULL,'completada','suministro',NULL,NULL,NULL,NULL,NULL,'2025-03-17 14:33:51','2025-04-30 12:59:03',NULL),(171,'108 VIV. MIJAS','777',126,NULL,NULL,'completada','suministro',NULL,NULL,NULL,NULL,NULL,'2025-03-17 14:33:51','2025-04-30 12:59:03',NULL),(172,'ORIOL','778',NULL,NULL,NULL,'completada','suministro',NULL,NULL,NULL,NULL,NULL,'2025-03-17 14:33:51','2025-04-30 12:59:03',NULL),(173,'CALLE NUEVA 149','779',13,NULL,NULL,'completada','montaje',NULL,NULL,NULL,NULL,NULL,'2025-03-17 14:33:51','2025-10-31 11:21:45',NULL),(174,'ACOLSA ZINNC','780',51,NULL,NULL,'completada','suministro',NULL,NULL,NULL,NULL,NULL,'2025-03-17 14:33:51','2025-04-30 12:59:03',NULL),(175,'CALLE SAN MARCOS 32','781',70,NULL,NULL,'completada','suministro',NULL,NULL,NULL,NULL,NULL,'2025-03-17 14:33:51','2025-04-30 12:59:03',NULL),(176,'CALLE CALVARIO, 29','782',NULL,NULL,NULL,'completada','suministro',NULL,NULL,NULL,NULL,NULL,'2025-03-17 14:33:51','2025-04-30 12:59:03',NULL),(177,'ADECUACIÓN CIMENTACIÓN NAVE 2-A350','783',37,NULL,NULL,'completada','suministro',NULL,NULL,NULL,NULL,NULL,'2025-03-17 14:33:51','2025-04-30 12:59:03',NULL),(178,'CALLE MANUEL MANTERO','784',95,NULL,NULL,'completada','suministro',NULL,NULL,NULL,NULL,NULL,'2025-03-17 14:33:51','2025-04-30 12:59:03',NULL),(179,'JUAN BRENES','785',70,NULL,NULL,'completada','suministro',NULL,NULL,NULL,NULL,NULL,'2025-03-17 14:33:51','2025-04-30 12:59:03',NULL),(180,'ALFONSO ESPADA','786',16,NULL,NULL,'completada','suministro',NULL,NULL,NULL,NULL,NULL,'2025-03-17 14:33:51','2025-04-30 12:59:03',NULL),(181,'CAPTADOR AGUA ÉCIJA','787',NULL,NULL,NULL,'completada','suministro',NULL,NULL,NULL,NULL,NULL,'2025-03-17 14:33:51','2025-04-30 12:59:03',NULL),(182,'ENRRIQUE GAVIRA','788',27,NULL,NULL,'completada','suministro',NULL,NULL,NULL,NULL,NULL,'2025-03-17 14:33:51','2025-04-30 12:59:03',NULL),(183,'INSTALACIONES DE PADEL CALLE ECONOMIA','789',169,NULL,NULL,'completada','suministro',NULL,NULL,NULL,NULL,NULL,'2025-03-17 14:33:51','2025-04-30 12:59:03',NULL),(184,'C/ NICOLÁS ALPÉRIZ','790',170,NULL,NULL,'completada','suministro',NULL,NULL,NULL,NULL,NULL,'2025-03-17 14:33:51','2025-04-30 12:59:03',NULL),(185,'BASE MORÓN','791',111,NULL,NULL,'completada','suministro',NULL,NULL,NULL,NULL,NULL,'2025-03-17 14:33:51','2025-04-30 12:59:03',NULL),(186,'CALLE LUNA DOS HERMANAS','792',13,NULL,NULL,'completada','suministro',NULL,NULL,NULL,NULL,NULL,'2025-03-17 14:33:51','2025-04-30 12:59:03',NULL),(187,'35 VIV SAN PEDRO ALCANTARA','793',24,NULL,NULL,'completada','montaje',NULL,NULL,NULL,NULL,NULL,'2025-03-17 14:33:51','2025-10-31 11:20:02',NULL),(188,'TORRE DE CADIZ','794',126,NULL,NULL,'completada','suministro',NULL,NULL,NULL,NULL,NULL,'2025-03-17 14:33:51','2025-04-30 12:59:03',NULL),(189,'NAVE LAS CABEZAS','795',171,NULL,NULL,'completada','suministro',NULL,NULL,NULL,NULL,NULL,'2025-03-17 14:33:51','2025-04-30 12:59:03',NULL),(190,'VIVIENDA EL CUERVO','796',99,NULL,NULL,'completada','suministro',NULL,NULL,NULL,NULL,NULL,'2025-03-17 14:33:51','2025-04-30 12:59:03',NULL),(191,'ENRRIQUE ANGULO','797',27,NULL,NULL,'completada','suministro',NULL,NULL,NULL,NULL,NULL,'2025-03-17 14:33:51','2025-04-30 12:59:03',NULL),(192,'798-122 V. MALAGA','798',172,NULL,NULL,'activa','suministro',NULL,NULL,0,NULL,NULL,'2025-03-17 14:33:51','2025-04-30 11:00:16',NULL),(193,'URB LA ALEGRIA','799',70,NULL,NULL,'completada','suministro',NULL,NULL,NULL,NULL,NULL,'2025-03-17 14:33:51','2025-04-30 12:59:03',NULL),(194,'MICROPILOTES HUELVA','800',NULL,NULL,NULL,'completada','suministro',NULL,NULL,NULL,NULL,NULL,'2025-03-17 14:33:51','2025-04-30 12:59:03',NULL),(195,'RACERO CALLE CRISTOBAL COLÓN','801',27,NULL,NULL,'completada','suministro',NULL,NULL,NULL,NULL,NULL,'2025-03-17 14:33:51','2025-04-30 12:59:03',NULL),(196,'ENTRENUCLEOS','802',27,NULL,NULL,'completada','suministro',NULL,NULL,NULL,NULL,NULL,'2025-03-17 14:33:51','2025-04-30 12:59:03',NULL),(197,'TORREQUINTO','803',27,NULL,NULL,'completada','suministro',NULL,NULL,NULL,NULL,NULL,'2025-03-17 14:33:51','2025-04-30 12:59:03',NULL),(198,'AV. CAMPO DEL SUR','804',115,NULL,NULL,'completada','suministro',NULL,NULL,NULL,NULL,NULL,'2025-03-17 14:33:51','2025-04-30 12:59:03',NULL),(199,'ACCIONA CONSTRUCCION S.A. CADIZ','806',111,NULL,NULL,'completada','suministro',NULL,NULL,NULL,NULL,NULL,'2025-03-17 14:33:51','2025-04-30 12:59:03',NULL),(200,'AMPLIACIÓN DESGUACE PEDRO RUIZ 22-04-24','807',175,NULL,NULL,'completada','suministro',NULL,NULL,NULL,NULL,NULL,'2025-03-17 14:33:51','2025-04-30 12:59:03',NULL),(201,'AMAYA II LEBRIJA','808',100,NULL,NULL,'completada','suministro',NULL,NULL,NULL,NULL,NULL,'2025-03-17 14:33:51','2025-04-30 12:59:03',NULL),(202,'809-LA PALMERITA','809',NULL,NULL,NULL,'completada','suministro',NULL,NULL,NULL,NULL,NULL,'2025-03-17 14:33:51','2025-04-30 12:59:03',NULL),(203,'LOGISTICA-COD 810','810',126,NULL,NULL,'completada','suministro',NULL,NULL,NULL,NULL,NULL,'2025-03-17 14:33:51','2025-04-30 12:59:03',NULL),(204,'NAVES DE PINTURA','811',NULL,NULL,NULL,'completada','suministro',NULL,NULL,NULL,NULL,NULL,'2025-03-17 14:33:51','2025-04-30 12:59:03',NULL),(205,'FRANCISCO ANTONIO CARMONA','812',27,NULL,NULL,'completada','suministro',NULL,NULL,NULL,NULL,NULL,'2025-03-17 14:33:51','2025-04-30 12:59:03',NULL),(206,'EDAR DE ADRIANO','813',176,NULL,NULL,'completada','suministro',NULL,NULL,NULL,NULL,NULL,'2025-03-17 14:33:51','2025-04-30 12:59:03',NULL),(207,'VIVI ROTA 03-05-24','814',13,NULL,NULL,'completada','suministro',NULL,NULL,NULL,NULL,NULL,'2025-03-17 14:33:51','2025-04-30 12:59:03',NULL),(208,'SR-2 RIO PUDIO','816',37,NULL,NULL,'completada','suministro',NULL,NULL,NULL,NULL,NULL,'2025-03-17 14:33:51','2025-04-30 12:59:03',NULL),(209,'JOSE MIGUEL BEATO','817',16,NULL,NULL,'completada','suministro',NULL,NULL,NULL,NULL,NULL,'2025-03-17 14:33:51','2025-04-30 12:59:03',NULL),(210,'EDIFICIO DOTACIONAL FASE 1','818',37,NULL,NULL,'activa','suministro',NULL,NULL,NULL,NULL,NULL,'2025-03-17 14:33:51','2025-04-30 11:38:44',NULL),(211,'PUENTE LOMA MARI-ÁNGELA','819',177,NULL,NULL,'completada','suministro',NULL,NULL,NULL,NULL,NULL,'2025-03-17 14:33:51','2025-04-30 12:59:03',NULL),(212,'NORDIN. CALLE PUENTE DEL VALLE 2 Y 4','820',70,NULL,NULL,'completada','suministro',NULL,NULL,NULL,NULL,NULL,'2025-03-17 14:33:51','2025-04-30 12:59:03',NULL),(213,'SEVILLA FASHION OUTLET','821',170,NULL,NULL,'completada','suministro',NULL,NULL,NULL,NULL,NULL,'2025-03-17 14:33:51','2025-04-30 12:59:03',NULL),(214,'CENTRO COMERCIAL SILOS','822',NULL,NULL,NULL,'completada','suministro',NULL,NULL,NULL,NULL,NULL,'2025-03-17 14:33:51','2025-04-30 12:59:03',NULL),(215,'CAMPO DE RUGBY PUERTO STA. MARIA','823',178,NULL,NULL,'activa','suministro',NULL,NULL,NULL,NULL,NULL,'2025-03-17 14:33:51','2025-04-30 11:40:03',NULL),(216,'72 VVDAS ENTRENUCLEOS - DOS HERMANAS','824',179,NULL,NULL,'activa','suministro',NULL,NULL,NULL,NULL,NULL,'2025-03-17 14:33:51','2025-04-30 11:00:51',NULL),(217,'PLANTA BIOS PALOS DE LA FRONTERA','825',180,NULL,NULL,'completada','suministro',NULL,NULL,NULL,NULL,NULL,'2025-03-17 14:33:51','2025-04-30 12:59:03',NULL),(218,'NAVE CALLE CORDELEROS 8 (CARMONA)','826',50,NULL,NULL,'completada','suministro',NULL,NULL,NULL,NULL,NULL,'2025-03-17 14:33:51','2025-04-30 12:59:03',NULL),(219,'136 VIV ATLANTERRA','827',144,NULL,NULL,'activa','suministro',NULL,NULL,NULL,NULL,NULL,'2025-03-17 14:33:51','2025-04-30 11:01:28',NULL),(220,'32 V.V. EN GELVES','828',26,NULL,NULL,'completada','montaje',NULL,NULL,NULL,NULL,NULL,'2025-03-17 14:33:51','2025-10-31 11:21:02',NULL),(221,'ANDRES GONZALES','830',70,NULL,NULL,'completada','suministro',NULL,NULL,NULL,NULL,NULL,'2025-03-17 14:33:51','2025-04-30 12:59:03',NULL),(222,'NATURE PISTACHO','831',NULL,NULL,NULL,'completada','suministro',NULL,NULL,NULL,NULL,NULL,'2025-03-17 14:33:51','2025-04-30 12:59:03',NULL),(223,'POLIGONO PALENQUIVIR','832',177,NULL,NULL,'completada','suministro',NULL,NULL,NULL,NULL,NULL,'2025-03-17 14:33:51','2025-04-30 12:59:03',NULL),(224,'EDIFICIO MARTIRICOS','833',156,NULL,NULL,'completada','suministro',NULL,NULL,NULL,NULL,NULL,'2025-03-17 14:33:51','2025-04-30 12:59:03',NULL),(225,'UTE - 24 VIV','834',181,NULL,NULL,'completada','suministro',NULL,NULL,NULL,NULL,NULL,'2025-03-17 14:33:51','2025-04-30 12:59:03',NULL),(226,'MIGASA PILAS','835',71,NULL,NULL,'completada','suministro',NULL,NULL,NULL,NULL,NULL,'2025-03-17 14:33:51','2025-04-30 12:59:03',NULL),(227,'ROMERO DE TORRES','836',13,NULL,NULL,'completada','suministro',NULL,NULL,NULL,NULL,NULL,'2025-03-17 14:33:51','2025-04-30 12:59:03',NULL),(228,'EL BOSQUE (CADIZ)','837',182,NULL,NULL,'completada','suministro',NULL,NULL,NULL,NULL,NULL,'2025-03-17 14:33:51','2025-04-30 12:59:03',NULL),(229,'BALSA DE MELONARES','838',126,NULL,NULL,'completada','suministro',NULL,NULL,NULL,NULL,NULL,'2025-03-17 14:33:51','2025-04-30 12:59:03',NULL),(230,'MACDONALD BENACAZON','839',130,NULL,NULL,'completada','suministro',NULL,NULL,NULL,NULL,NULL,'2025-03-17 14:33:51','2025-04-30 12:59:03',NULL),(231,'CALLE TOLEDILLO 20','840',27,NULL,NULL,'completada','suministro',NULL,NULL,NULL,NULL,NULL,'2025-03-17 14:33:52','2025-04-30 12:59:03',NULL),(232,'SEDE SCALPERS','841',149,NULL,NULL,'completada','suministro',NULL,NULL,NULL,NULL,NULL,'2025-03-17 14:33:52','2025-04-30 12:59:03',NULL),(233,'12 VIV PALOMARES','842',65,NULL,NULL,'completada','montaje',NULL,NULL,NULL,NULL,NULL,'2025-03-17 14:33:52','2025-10-31 11:20:32',NULL),(234,'CALLE OSA MENOR','844',13,NULL,NULL,'completada','suministro',NULL,NULL,NULL,NULL,NULL,'2025-03-17 14:33:52','2025-04-30 12:59:03',NULL),(235,'MARIA DOLORES MORATO','845',16,NULL,NULL,'completada','suministro',NULL,NULL,NULL,NULL,NULL,'2025-03-17 14:33:52','2025-04-30 12:59:03',NULL),(236,'HOTEL RETAIL CONSTITUCIÓN','846',89,NULL,NULL,'activa','suministro',NULL,NULL,NULL,NULL,NULL,'2025-03-17 14:33:52','2025-04-30 11:02:27',NULL),(237,'EDIFICIOS BASE ROTA','847',184,NULL,NULL,'completada','suministro',NULL,NULL,NULL,NULL,NULL,'2025-03-17 14:33:52','2025-04-30 12:59:03',NULL),(238,'530 VIVI LAGOOM LIVING EDIFICIO R3','848',73,NULL,NULL,'completada','montaje',NULL,NULL,NULL,NULL,NULL,'2025-03-17 14:33:52','2025-07-10 08:20:45',NULL),(239,'LAGOOM LIVING 175 VIV PARCELA R11','849',73,NULL,NULL,'activa','montaje',NULL,NULL,NULL,NULL,NULL,'2025-03-17 14:33:52','2025-07-10 08:20:58',NULL),(240,'CDAD. DE REGANTE LAS MARISMAS-1913254','850',115,NULL,NULL,'completada','suministro',NULL,NULL,NULL,NULL,NULL,'2025-03-17 14:33:52','2025-04-30 12:59:03',NULL),(241,'ABASTECIMIENTO OSUNA-CAZALLA','851',37,NULL,NULL,'completada','suministro',NULL,NULL,NULL,NULL,NULL,'2025-03-17 14:33:52','2025-04-30 12:59:03',NULL),(242,'AGRUPACIÓN DE VERTIDOS ISLA MAYOR','852',185,NULL,NULL,'activa','suministro',NULL,NULL,NULL,NULL,NULL,'2025-03-17 14:33:52','2025-04-30 11:03:22',NULL),(243,'PERGOLAS CRUZCAMPO','853',126,NULL,NULL,'completada','suministro',NULL,NULL,NULL,NULL,NULL,'2025-03-17 14:33:52','2025-04-30 12:59:03',NULL),(244,'URBANIZACIÓN SR-2 RÍO PUDIO - MAIRENA DEL ALJARAFE','854',37,NULL,NULL,'completada','suministro',NULL,NULL,NULL,NULL,NULL,'2025-03-17 14:33:52','2025-04-30 12:59:03',NULL),(245,'DEPOSITO REGULADORES ODIEL HUELVA','856',186,NULL,NULL,'completada','suministro',NULL,NULL,NULL,NULL,NULL,'2025-03-17 14:33:52','2025-04-30 12:59:03',NULL),(246,'TEFESUR-AEROPOLIS','857',71,NULL,NULL,'completada','suministro',NULL,NULL,NULL,NULL,NULL,'2025-03-17 14:33:52','2025-04-30 12:59:03',NULL),(247,'MACDONAL SAN JOSE LA RINCONADA','858',130,NULL,NULL,'completada','suministro',NULL,NULL,NULL,NULL,NULL,'2025-03-17 14:33:52','2025-04-30 12:59:03',NULL),(248,'C.E.I.P. LOS CERCADILLOS ALCALA DE GUADAIRA','859',150,NULL,NULL,'completada','suministro',NULL,NULL,NULL,NULL,NULL,'2025-03-17 14:33:52','2025-04-30 12:59:03',NULL),(249,'860-CENTRO DE EMPLEO EN UTRERA','860',NULL,NULL,NULL,'completada','suministro',NULL,NULL,NULL,NULL,NULL,'2025-03-17 14:33:52','2025-04-30 12:59:03',NULL),(250,'861-LAGOOM LIVING PARCELA R12','861',73,NULL,NULL,'activa','montaje',NULL,NULL,NULL,NULL,NULL,'2025-03-17 14:33:52','2025-07-10 08:21:09',NULL),(251,'HR3 VERDE CEPSA','862',180,NULL,NULL,'activa','suministro',NULL,NULL,NULL,NULL,NULL,'2025-03-17 14:33:52','2025-04-30 11:04:04',NULL),(252,'COLEGIO DE VEDRUNA 8 (SEVILLA)','863',187,NULL,NULL,'completada','suministro',NULL,NULL,NULL,NULL,NULL,'2025-03-17 14:33:52','2025-04-30 12:59:03',NULL),(253,'OBRA HARINERA PONTEVEDRA','865',9,NULL,NULL,'completada','suministro',NULL,NULL,NULL,NULL,NULL,'2025-03-17 14:33:52','2025-04-30 12:59:03',NULL),(254,'27 VIV. PUERTO REAL','866',72,NULL,NULL,'completada','montaje',NULL,NULL,NULL,NULL,NULL,'2025-03-17 14:33:52','2025-07-09 10:56:24',NULL),(255,'GRADAS RUGBY PUERTO SANTA MARIA','867',137,NULL,NULL,'completada','montaje',NULL,NULL,NULL,NULL,NULL,'2025-03-17 14:33:52','2025-10-31 11:21:51',NULL),(256,'URB. LOS FLAMINGOS, 54','868',189,NULL,NULL,'completada','suministro',NULL,NULL,NULL,NULL,NULL,'2025-03-17 14:33:52','2025-04-30 12:59:03',NULL),(257,'VILLA ALTOS DE VALDERRAMA SOTOGRANDE','869',189,NULL,NULL,'completada','suministro',NULL,NULL,NULL,NULL,NULL,'2025-03-17 14:33:52','2025-04-30 12:59:03',NULL),(258,'MCD CARRETERA SU EMINENCIA','870',130,NULL,NULL,'completada','suministro',NULL,NULL,NULL,NULL,NULL,'2025-03-17 14:33:52','2025-04-30 12:59:03',NULL),(259,'CARRIL BUS VAO MAIRENA','871',7,NULL,NULL,'completada','montaje',NULL,NULL,NULL,NULL,NULL,'2025-03-17 14:33:52','2025-07-10 08:21:26',NULL),(260,'RONDA MARRUBIAL 2325','872',126,NULL,NULL,'completada','suministro',NULL,NULL,NULL,NULL,NULL,'2025-03-17 14:33:52','2025-04-30 12:59:03',NULL),(261,'HOGAZA - ALCALA DE GUADAIRA','873',27,NULL,NULL,'completada','suministro',NULL,NULL,NULL,NULL,NULL,'2025-03-17 14:33:52','2025-04-30 12:59:03',NULL),(262,'CRISTO DE LAS TRES CAIDAS','875',26,NULL,NULL,'completada','suministro',NULL,NULL,NULL,NULL,NULL,'2025-03-17 14:33:52','2025-04-30 12:59:03',NULL),(263,'IPA CEPSA','876',180,NULL,NULL,'activa','suministro',NULL,NULL,NULL,NULL,NULL,'2025-03-17 14:33:52','2025-04-30 11:04:16',NULL),(264,'NAVE PLANTA BIOFRUTAS','877',102,NULL,NULL,'completada','suministro',NULL,NULL,NULL,NULL,NULL,'2025-03-17 14:33:52','2025-04-30 12:59:03',NULL),(265,'SUBESTACION ISLA CANELA','878',19,NULL,NULL,'completada','suministro',NULL,NULL,NULL,NULL,NULL,'2025-03-17 14:33:52','2025-04-30 12:59:03',NULL),(266,'879-SUBESTACIÓN REY SOLAR 1-2 CARMONA','879',19,NULL,NULL,'completada','suministro',NULL,NULL,NULL,NULL,NULL,'2025-03-17 14:33:52','2025-04-30 12:59:03',NULL),(267,'NAVE PIENSO ECIJA','880',47,NULL,NULL,'completada','suministro',NULL,NULL,NULL,NULL,NULL,'2025-03-17 14:33:52','2025-04-30 12:59:03',NULL),(268,'CALLE MALLORCA Nº3','881',16,NULL,NULL,'activa','suministro',NULL,NULL,NULL,NULL,NULL,'2025-03-17 14:33:52','2025-04-30 11:04:43',NULL),(269,'VIV UNIFAM. TARIFA','883',190,NULL,NULL,'completada','suministro',NULL,NULL,NULL,NULL,NULL,'2025-03-17 14:33:52','2025-04-30 12:59:03',NULL),(270,'JUAN ORTEGA','884',27,NULL,NULL,'completada','suministro',NULL,NULL,NULL,NULL,NULL,'2025-03-17 14:33:52','2025-04-30 12:59:03',NULL),(271,'UTE PARQUE CAMPAMENTO BENITEZ','886',128,NULL,NULL,'activa','suministro',NULL,NULL,NULL,NULL,NULL,'2025-03-17 14:33:52','2025-04-30 11:05:24',NULL),(272,'MACDONAL LEBRIJA','887',130,NULL,NULL,'completada','suministro',NULL,NULL,NULL,NULL,NULL,'2025-03-17 14:33:52','2025-04-30 12:59:03',NULL),(273,'MARIA CRUZ SANCHEZ','888',NULL,NULL,NULL,'completada','suministro',NULL,NULL,NULL,NULL,NULL,'2025-03-17 14:33:52','2025-04-30 12:59:03',NULL),(274,'CALLE GOYA','890',142,NULL,NULL,'completada','suministro',NULL,NULL,NULL,NULL,NULL,'2025-03-17 14:33:52','2025-04-30 12:59:03',NULL),(275,'891-ALMACEN AUTOMATICO COCACOLA','891',170,NULL,NULL,'completada','suministro',NULL,NULL,NULL,NULL,NULL,'2025-03-17 14:33:52','2025-04-30 12:59:03',NULL),(276,'CALLE HIGERA','892',16,NULL,NULL,'activa','suministro',NULL,NULL,NULL,NULL,NULL,'2025-03-17 14:33:52','2025-04-30 11:06:06',NULL),(277,'UTE FERROCARRIL LORCA','893',192,NULL,NULL,'activa','suministro',NULL,NULL,NULL,NULL,NULL,'2025-03-17 14:33:52','2025-04-30 11:06:35',NULL),(278,'894-MERCADONA BOLLULLOS DE LA MITACIÓN','894',51,NULL,NULL,'completada','suministro',NULL,NULL,NULL,NULL,NULL,'2025-03-17 14:33:52','2025-04-30 12:59:03',NULL),(279,'JOSEFA MORENO','895',16,NULL,NULL,'completada','suministro',NULL,NULL,NULL,NULL,NULL,'2025-03-17 14:33:52','2025-04-30 12:59:03',NULL),(280,'DEPOSITOS LIXIVIADOS SEVILLA','896',111,NULL,NULL,'completada','suministro',NULL,NULL,NULL,NULL,NULL,'2025-03-17 14:33:52','2025-04-30 12:59:03',NULL),(281,'ENLACE PALENQUIVIR','897',77,NULL,NULL,'activa','suministro',NULL,NULL,NULL,NULL,NULL,'2025-03-17 14:33:52','2025-04-30 11:06:58',NULL),(282,'NAVE GUSTAVO','898',16,NULL,NULL,'completada','suministro',NULL,NULL,NULL,NULL,NULL,'2025-03-17 14:33:52','2025-04-30 12:59:03',NULL),(283,'FONTALÉ','899',13,NULL,NULL,'completada','suministro',NULL,NULL,NULL,NULL,NULL,'2025-03-17 14:33:52','2025-04-30 12:59:03',NULL),(284,'CALLE FERIA 141','900',26,NULL,NULL,'activa','suministro',NULL,NULL,NULL,NULL,NULL,'2025-03-17 14:33:52','2025-04-30 11:07:28',NULL),(285,'ESTADIO OLIMPICO','902',126,NULL,NULL,'completada','suministro',NULL,NULL,NULL,NULL,NULL,'2025-03-17 14:33:52','2025-04-30 12:59:03',NULL),(286,'OBRA TRIANA','903',13,NULL,NULL,'completada','suministro',NULL,NULL,NULL,NULL,NULL,'2025-03-17 14:33:52','2025-04-30 12:59:03',NULL),(287,'FERNANDO MURILLO','904',27,NULL,NULL,'completada','suministro',NULL,NULL,NULL,NULL,NULL,'2025-03-17 14:33:52','2025-04-30 12:59:03',NULL),(288,'CARRIL BUS VAO SALTERAS','905',37,NULL,NULL,'activa','montaje',NULL,NULL,NULL,NULL,NULL,'2025-03-17 14:33:52','2025-07-10 08:21:42',NULL),(289,'NAVE HIERROS EL CERRO','906',16,NULL,NULL,'completada','suministro',NULL,NULL,NULL,NULL,NULL,'2025-03-17 14:33:52','2025-04-30 12:59:03',NULL),(290,'BIGMAT LOS PALACIOS','907',193,NULL,NULL,'completada','suministro',NULL,NULL,NULL,NULL,NULL,'2025-03-17 14:33:52','2025-04-30 12:59:03',NULL),(291,'CALLE CLARA CAMPOAMOR. LAS CABEZAS','908',51,NULL,NULL,'completada','suministro',NULL,NULL,NULL,NULL,NULL,'2025-03-17 14:33:52','2025-04-30 12:59:03',NULL),(292,'CALLE VENEZUELA','909',27,NULL,NULL,'completada','suministro',NULL,NULL,NULL,NULL,NULL,'2025-03-17 14:33:52','2025-04-30 12:59:03',NULL),(293,'NAVE EZEQUIEL MELLADO','910',16,NULL,NULL,'activa','suministro',NULL,NULL,NULL,NULL,NULL,'2025-03-17 14:33:52','2025-04-30 11:08:26',NULL),(294,'JOSE RUBIO','911',16,NULL,NULL,'completada','suministro',NULL,NULL,NULL,NULL,NULL,'2025-03-17 14:33:52','2025-04-30 12:59:03',NULL),(295,'AZUD LA GRANADILLA BADAJOZ','912',86,NULL,NULL,'activa','montaje',NULL,NULL,NULL,NULL,NULL,'2025-03-17 14:33:52','2025-10-31 11:20:08',NULL),(296,'913-MERCACONA ECIJA 2025','1999',51,NULL,NULL,'activa','suministro',NULL,NULL,NULL,NULL,NULL,'2025-03-17 14:33:52','2025-09-04 16:13:25',NULL),(297,'UTE PASO NIVEL SEVILLA','914',194,NULL,NULL,'activa','suministro',NULL,NULL,NULL,NULL,NULL,'2025-03-17 14:33:52','2025-04-30 11:09:47',NULL),(298,'915-NAVE CALLE INSTALADOR, 16--LAS CABEZAS','915',51,NULL,NULL,'completada','suministro',NULL,NULL,NULL,NULL,NULL,'2025-03-17 14:33:52','2025-04-30 12:59:03',NULL),(299,'916-NAVE CALLE PINTOR Nº 2 LAS CABEZAS','916',51,NULL,NULL,'completada','suministro',NULL,NULL,NULL,NULL,NULL,'2025-03-17 14:33:52','2025-04-30 12:59:03',NULL),(300,'APH HUELVA','917',77,NULL,NULL,'activa','suministro',NULL,NULL,NULL,NULL,NULL,'2025-03-17 14:33:52','2025-04-30 11:10:06',NULL),(301,'FRANCISCO FERRERA','919',16,NULL,NULL,'completada','suministro',NULL,NULL,NULL,NULL,NULL,'2025-03-17 14:33:52','2025-04-30 12:59:03',NULL),(302,'920 - 106 VIV. SERENITY GARDEN','920',195,NULL,NULL,'activa','suministro',NULL,NULL,NULL,NULL,NULL,'2025-03-17 14:33:52','2025-04-30 11:10:25',NULL),(303,'HVO_ 2 CEPSA','921',180,NULL,NULL,'activa','suministro',NULL,NULL,NULL,NULL,NULL,'2025-03-17 14:33:52','2025-04-30 11:10:57',NULL),(304,'NAVE PILAS','923',27,NULL,NULL,'completada','suministro',NULL,NULL,NULL,NULL,NULL,'2025-03-17 14:33:52','2025-04-30 12:59:03',NULL),(305,'Obra 1912854 - Abastecimiento desde el Jarrama','924',115,NULL,NULL,'activa','suministro',NULL,NULL,NULL,NULL,NULL,'2025-03-17 14:33:52','2025-04-30 11:11:54',NULL),(306,'CATAS Y DESVIOS 2151 - 001','925',180,NULL,NULL,'activa','suministro',NULL,NULL,NULL,NULL,NULL,'2025-03-17 14:33:52','2025-04-30 11:12:11',NULL),(307,'RAFAEL ALBERTI 61','926',27,NULL,NULL,'activa','suministro',NULL,NULL,NULL,NULL,NULL,'2025-03-17 14:33:52','2025-04-30 11:13:02',NULL),(308,'927 - NAVE PELETERÍA','927',11,NULL,NULL,'activa','suministro',NULL,NULL,NULL,NULL,NULL,'2025-03-17 14:33:52','2025-07-09 10:22:25',NULL),(309,'Hotel B&B 186 habitaciones','929',196,NULL,NULL,'activa','suministro',NULL,NULL,NULL,NULL,NULL,'2025-04-30 11:18:26','2025-04-30 11:18:35',NULL),(310,'2 Villas - Benahavís','933',180,NULL,NULL,'activa','suministro',NULL,NULL,NULL,NULL,NULL,'2025-04-30 11:19:54','2025-04-30 11:20:00',NULL),(311,'Antonio Gala 39','936',27,NULL,NULL,'activa','suministro',NULL,NULL,NULL,NULL,NULL,'2025-04-30 11:21:32','2025-04-30 11:21:32',NULL),(313,'956 - 24 VIV MAQUEDA','956',146,NULL,NULL,NULL,'suministro',NULL,NULL,NULL,NULL,NULL,'2025-07-18 10:36:47','2025-07-18 10:36:47',NULL),(314,'992 - VIVIENDA PALMA DEL RÍO','992',198,NULL,NULL,NULL,'suministro',NULL,NULL,NULL,NULL,NULL,'2025-08-14 09:12:35','2025-08-14 09:12:35',NULL),(315,'[4]','[3]',199,NULL,NULL,NULL,'suministro',NULL,NULL,NULL,NULL,NULL,'2025-08-14 19:48:50','2025-08-14 19:48:50',NULL),(319,'913-MERCACONA ECIJA 2025','913',51,NULL,NULL,NULL,'suministro',NULL,NULL,NULL,NULL,NULL,'2025-09-10 08:06:24','2025-09-10 08:06:24',NULL),(320,'U SAS HOSPITAL SANTA ANA','938',200,NULL,NULL,NULL,'suministro',NULL,NULL,NULL,NULL,NULL,'2025-10-28 11:24:20','2025-10-28 11:24:20',NULL),(321,'CAMPO DE RUGBY PUERTO STA. MARIA','00823',201,NULL,NULL,NULL,'suministro',NULL,NULL,NULL,NULL,NULL,'2025-10-28 12:37:29','2025-10-28 12:37:29',NULL),(322,'SUBESTACION ISLA CANELA','00878',202,NULL,NULL,NULL,'suministro',NULL,NULL,NULL,NULL,NULL,'2025-11-04 06:58:29','2025-11-04 06:58:29',NULL),(323,'PLANTA BIOS PALOS DE LA FRONTERA','00825',203,NULL,NULL,NULL,'suministro',NULL,NULL,NULL,NULL,NULL,'2025-11-04 06:58:30','2025-11-04 06:58:30',NULL),(324,'HR3 VERDE CEPSA','00862',203,NULL,NULL,NULL,'suministro',NULL,NULL,NULL,NULL,NULL,'2025-11-04 06:58:30','2025-11-04 06:58:30',NULL),(325,'1035 - MODERNIZACIÓN CANAL ORELLANA','01035',204,NULL,NULL,NULL,'suministro',NULL,NULL,NULL,NULL,NULL,'2025-11-04 17:48:31','2025-11-04 17:48:31',NULL),(326,'CARRIL BUS VAO SALTERAS','00905',205,NULL,NULL,NULL,'suministro',NULL,NULL,NULL,NULL,NULL,'2025-11-04 17:48:43','2025-11-04 17:48:43',NULL),(327,'1006 - ENCAUZAMIENTO DEL ARROYO EL CUERNO','01006',206,NULL,NULL,NULL,'suministro',NULL,NULL,NULL,NULL,NULL,'2025-11-04 17:48:51','2025-11-04 17:48:51',NULL),(328,'927 - NAVE PELETERÍA','00927',207,NULL,NULL,NULL,'suministro',NULL,NULL,NULL,NULL,NULL,'2025-11-04 17:48:56','2025-11-04 17:48:56',NULL),(333,'993 - 30 VIV ENTRENUCLEOS','00993',212,NULL,NULL,NULL,'suministro',NULL,NULL,NULL,NULL,NULL,'2025-12-04 23:30:10','2025-12-04 23:30:10',NULL),(334,'983 - 38 VIVI LAS MESAS Estepona','00983',213,NULL,NULL,NULL,'suministro',NULL,NULL,NULL,NULL,NULL,'2025-12-10 20:27:39','2025-12-10 20:27:39',NULL);
/*!40000 ALTER TABLE `obras` ENABLE KEYS */;
UNLOCK TABLES;

--
-- Table structure for table `orden_planillas`
--

DROP TABLE IF EXISTS `orden_planillas`;
/*!40101 SET @saved_cs_client     = @@character_set_client */;
/*!40101 SET character_set_client = utf8 */;
CREATE TABLE `orden_planillas` (
  `id` int(10) unsigned NOT NULL AUTO_INCREMENT,
  `planilla_id` bigint(20) NOT NULL,
  `maquina_id` bigint(20) unsigned NOT NULL,
  `posicion` int(10) unsigned NOT NULL DEFAULT 1,
  `created_at` timestamp NULL DEFAULT NULL,
  `updated_at` timestamp NULL DEFAULT NULL,
  PRIMARY KEY (`id`),
  KEY `fk_orden_planilla_maquina` (`maquina_id`),
  KEY `idx_orden_planillas_planilla` (`planilla_id`),
  KEY `idx_orden_planillas_planilla_maquina` (`planilla_id`,`maquina_id`),
  CONSTRAINT `FK_ORDEN_PLANILLA_PLANILLA` FOREIGN KEY (`planilla_id`) REFERENCES `planillas` (`id`) ON DELETE CASCADE,
  CONSTRAINT `fk_orden_planilla_maquina` FOREIGN KEY (`maquina_id`) REFERENCES `maquinas` (`id`) ON DELETE CASCADE
) ENGINE=InnoDB AUTO_INCREMENT=14377 DEFAULT CHARSET=utf8mb4 COLLATE=utf8mb4_general_ci;
/*!40101 SET character_set_client = @saved_cs_client */;

--
-- Dumping data for table `orden_planillas`
--

LOCK TABLES `orden_planillas` WRITE;
/*!40000 ALTER TABLE `orden_planillas` DISABLE KEYS */;
INSERT INTO `orden_planillas` VALUES (14310,6298,17,1,'2025-12-10 20:27:46','2025-12-10 20:27:46'),(14311,6298,20,1,'2025-12-10 20:27:46','2025-12-10 20:27:46'),(14312,6298,23,1,'2025-12-10 20:27:46','2025-12-10 20:27:46'),(14313,6299,20,2,'2025-12-10 20:27:53','2025-12-10 20:27:53'),(14314,6299,17,2,'2025-12-10 20:27:53','2025-12-10 20:27:53'),(14315,6299,23,2,'2025-12-10 20:27:53','2025-12-10 20:27:53'),(14316,6300,17,3,'2025-12-10 20:27:55','2025-12-10 20:27:55'),(14317,6300,20,3,'2025-12-10 20:27:55','2025-12-10 20:27:55'),(14318,6300,23,3,'2025-12-10 20:27:55','2025-12-10 20:27:55'),(14319,6301,17,4,'2025-12-10 20:27:56','2025-12-10 20:27:56'),(14320,6301,23,4,'2025-12-10 20:27:56','2025-12-10 20:27:56'),(14321,6301,20,4,'2025-12-10 20:27:56','2025-12-10 20:27:56'),(14322,6302,17,5,'2025-12-10 20:27:57','2025-12-10 20:27:57'),(14323,6302,20,5,'2025-12-10 20:27:57','2025-12-10 20:27:57'),(14324,6302,23,5,'2025-12-10 20:27:57','2025-12-10 20:27:57'),(14325,6303,20,6,'2025-12-10 20:27:59','2025-12-10 20:27:59'),(14326,6303,23,6,'2025-12-10 20:27:59','2025-12-10 20:27:59'),(14327,6303,17,6,'2025-12-10 20:27:59','2025-12-10 20:27:59'),(14328,6304,17,7,'2025-12-10 20:27:59','2025-12-10 20:27:59'),(14329,6304,20,7,'2025-12-10 20:27:59','2025-12-10 20:27:59'),(14330,6305,20,8,'2025-12-10 20:28:00','2025-12-10 20:28:00'),(14331,6305,23,7,'2025-12-10 20:28:00','2025-12-10 20:28:00'),(14332,6306,20,9,'2025-12-10 20:28:00','2025-12-10 20:28:00'),(14333,6306,17,8,'2025-12-10 20:28:00','2025-12-10 20:28:00'),(14334,6307,17,9,'2025-12-10 20:28:00','2025-12-10 20:28:00'),(14335,6307,23,8,'2025-12-10 20:28:00','2025-12-10 20:28:00'),(14336,6308,17,10,'2025-12-10 20:28:04','2025-12-10 20:28:04'),(14337,6308,20,10,'2025-12-10 20:28:04','2025-12-10 20:28:04'),(14338,6309,20,11,'2025-12-10 20:28:09','2025-12-10 20:28:09'),(14339,6309,17,11,'2025-12-10 20:28:09','2025-12-10 20:28:09'),(14340,6310,17,12,'2025-12-10 20:28:11','2025-12-10 20:28:11'),(14341,6310,20,12,'2025-12-10 20:28:11','2025-12-10 20:28:11'),(14342,6311,20,13,'2025-12-10 20:28:12','2025-12-10 20:28:12'),(14343,6311,17,13,'2025-12-10 20:28:12','2025-12-10 20:28:12'),(14344,6312,20,14,'2025-12-10 20:28:14','2025-12-10 20:28:14'),(14345,6312,17,14,'2025-12-10 20:28:14','2025-12-10 20:28:14'),(14346,6313,17,15,'2025-12-10 20:28:15','2025-12-10 20:28:15'),(14347,6313,20,15,'2025-12-10 20:28:15','2025-12-10 20:28:15'),(14348,6314,20,16,'2025-12-10 20:28:17','2025-12-10 20:28:17'),(14349,6314,17,16,'2025-12-10 20:28:17','2025-12-10 20:28:17'),(14350,6315,20,17,'2025-12-10 20:28:19','2025-12-10 20:28:19'),(14351,6315,17,17,'2025-12-10 20:28:19','2025-12-10 20:28:19'),(14352,6316,17,18,'2025-12-10 20:28:20','2025-12-10 20:28:20'),(14353,6316,20,18,'2025-12-10 20:28:20','2025-12-10 20:28:20'),(14354,6317,17,19,'2025-12-10 20:28:20','2025-12-10 20:28:20'),(14355,6317,20,19,'2025-12-10 20:28:20','2025-12-10 20:28:20'),(14356,6318,20,20,'2025-12-10 20:28:20','2025-12-10 20:28:20'),(14357,6318,17,20,'2025-12-10 20:28:20','2025-12-10 20:28:20'),(14358,6319,17,21,'2025-12-10 20:28:21','2025-12-10 20:28:21'),(14359,6319,20,21,'2025-12-10 20:28:21','2025-12-10 20:28:21'),(14360,6320,20,22,'2025-12-10 20:28:22','2025-12-10 20:28:22'),(14361,6320,17,22,'2025-12-10 20:28:22','2025-12-10 20:28:22'),(14362,6321,20,23,'2025-12-10 20:28:23','2025-12-10 20:28:23'),(14363,6321,17,23,'2025-12-10 20:28:23','2025-12-10 20:28:23'),(14364,6321,23,9,'2025-12-10 20:28:23','2025-12-10 20:28:23'),(14365,6322,17,24,'2025-12-10 20:28:23','2025-12-10 20:28:23'),(14366,6322,20,24,'2025-12-10 20:28:23','2025-12-10 20:28:23'),(14367,6323,20,25,'2025-12-10 20:28:24','2025-12-10 20:28:24'),(14368,6323,17,25,'2025-12-10 20:28:24','2025-12-10 20:28:24'),(14369,6324,20,26,'2025-12-10 20:28:25','2025-12-10 20:28:25'),(14370,6324,17,26,'2025-12-10 20:28:25','2025-12-10 20:28:25'),(14371,6325,17,27,'2025-12-10 20:28:27','2025-12-10 20:28:27'),(14372,6325,23,10,'2025-12-10 20:28:27','2025-12-10 20:28:27'),(14373,6325,20,27,'2025-12-10 20:28:27','2025-12-10 20:28:27'),(14374,6326,20,28,'2025-12-10 20:28:28','2025-12-10 20:28:28'),(14375,6326,23,11,'2025-12-10 20:28:28','2025-12-10 20:28:28'),(14376,6327,17,28,'2025-12-10 20:28:29','2025-12-10 20:28:29');
/*!40000 ALTER TABLE `orden_planillas` ENABLE KEYS */;
UNLOCK TABLES;

--
-- Table structure for table `paquetes`
--

DROP TABLE IF EXISTS `paquetes`;
/*!40101 SET @saved_cs_client     = @@character_set_client */;
/*!40101 SET character_set_client = utf8 */;
CREATE TABLE `paquetes` (
  `id` bigint(20) unsigned NOT NULL AUTO_INCREMENT,
  `codigo` varchar(20) DEFAULT NULL,
  `nave_id` bigint(20) unsigned DEFAULT NULL,
  `planilla_id` bigint(20) DEFAULT NULL,
  `ubicacion_id` bigint(20) unsigned DEFAULT NULL,
  `peso` decimal(10,2) NOT NULL,
  `estado` enum('pendiente','asignado_a_salida','en_reparto','enviado') NOT NULL DEFAULT 'pendiente',
  `created_at` timestamp NULL DEFAULT NULL,
  `updated_at` timestamp NULL DEFAULT NULL,
  `deleted_at` timestamp NULL DEFAULT NULL,
  `subido` tinyint(1) DEFAULT 0,
  PRIMARY KEY (`id`),
  UNIQUE KEY `codigo` (`codigo`),
  KEY `ubicacion_id` (`ubicacion_id`),
  KEY `paquetes_planilla_id_foreign` (`planilla_id`),
  KEY `fk_paquetes_nave` (`nave_id`),
  CONSTRAINT `fk_paquetes_nave` FOREIGN KEY (`nave_id`) REFERENCES `obras` (`id`) ON DELETE SET NULL ON UPDATE CASCADE,
  CONSTRAINT `paquetes_ibfk_1` FOREIGN KEY (`ubicacion_id`) REFERENCES `ubicaciones` (`id`) ON DELETE SET NULL,
  CONSTRAINT `paquetes_planilla_id_foreign` FOREIGN KEY (`planilla_id`) REFERENCES `planillas` (`id`) ON DELETE CASCADE
) ENGINE=InnoDB AUTO_INCREMENT=3496 DEFAULT CHARSET=utf8 COLLATE=utf8_general_ci;
/*!40101 SET character_set_client = @saved_cs_client */;

--
-- Dumping data for table `paquetes`
--

LOCK TABLES `paquetes` WRITE;
/*!40000 ALTER TABLE `paquetes` DISABLE KEYS */;
/*!40000 ALTER TABLE `paquetes` ENABLE KEYS */;
UNLOCK TABLES;

--
-- Table structure for table `password_reset_tokens`
--

DROP TABLE IF EXISTS `password_reset_tokens`;
/*!40101 SET @saved_cs_client     = @@character_set_client */;
/*!40101 SET character_set_client = utf8 */;
CREATE TABLE `password_reset_tokens` (
  `email` varchar(255) NOT NULL,
  `token` varchar(255) NOT NULL,
  `created_at` timestamp NULL DEFAULT NULL,
  PRIMARY KEY (`email`)
) ENGINE=InnoDB DEFAULT CHARSET=utf8 COLLATE=utf8_general_ci;
/*!40101 SET character_set_client = @saved_cs_client */;

--
-- Dumping data for table `password_reset_tokens`
--

LOCK TABLES `password_reset_tokens` WRITE;
/*!40000 ALTER TABLE `password_reset_tokens` DISABLE KEYS */;
INSERT INTO `password_reset_tokens` VALUES ('caguicast30@gmail.com','$2y$12$e/ON0oyj7ItjLBeb1J4gyOtlSZ1oUHTdl1Ekj5NQBfO8x3zo8KagW','2025-03-08 14:28:59'),('eduardo.magro@pacoreyes.com','$2y$12$8oyCfS1zbDt0LYi70yoFJem3f98WgaObJeWYA3mC4ZUDVnrZFOWq.','2025-05-21 05:39:16'),('josemanuel.amuedo@pacoreyes.com','$2y$12$qOqueQybtls/S0SADclio.FqBCROUzYxOKqBSwYFOeiavKBv2pIBi','2025-01-23 20:42:16'),('sebastian.duran@pacoreyes.com','$2y$12$sOzAMf5VpMdfMCJ754XjQeTqixrAkvCDj8A58v1eg4Hw6MkjII5oG','2025-01-22 14:02:42');
/*!40000 ALTER TABLE `password_reset_tokens` ENABLE KEYS */;
UNLOCK TABLES;

--
-- Table structure for table `pedido_producto_coladas`
--

DROP TABLE IF EXISTS `pedido_producto_coladas`;
/*!40101 SET @saved_cs_client     = @@character_set_client */;
/*!40101 SET character_set_client = utf8 */;
CREATE TABLE `pedido_producto_coladas` (
  `id` bigint(20) unsigned NOT NULL AUTO_INCREMENT,
  `colada_id` bigint(20) unsigned DEFAULT NULL,
  `pedido_producto_id` bigint(20) unsigned NOT NULL,
  `colada` varchar(255) DEFAULT NULL,
  `user_id` bigint(20) unsigned DEFAULT NULL,
  `bulto` decimal(15,3) DEFAULT NULL,
  `created_at` timestamp NULL DEFAULT NULL,
  `updated_at` timestamp NULL DEFAULT NULL,
  PRIMARY KEY (`id`),
  KEY `pedido_producto_coladas_pedido_producto_id_foreign` (`pedido_producto_id`),
  KEY `pedido_producto_coladas_user_id_foreign` (`user_id`),
  KEY `pedido_producto_coladas_colada_id_foreign` (`colada_id`),
  CONSTRAINT `pedido_producto_coladas_colada_id_foreign` FOREIGN KEY (`colada_id`) REFERENCES `coladas` (`id`) ON DELETE SET NULL,
  CONSTRAINT `pedido_producto_coladas_pedido_producto_id_foreign` FOREIGN KEY (`pedido_producto_id`) REFERENCES `pedido_productos` (`id`) ON DELETE CASCADE,
  CONSTRAINT `pedido_producto_coladas_user_id_foreign` FOREIGN KEY (`user_id`) REFERENCES `users` (`id`) ON DELETE SET NULL
) ENGINE=InnoDB AUTO_INCREMENT=12 DEFAULT CHARSET=utf8mb4 COLLATE=utf8mb4_unicode_ci;
/*!40101 SET character_set_client = @saved_cs_client */;

--
-- Dumping data for table `pedido_producto_coladas`
--

LOCK TABLES `pedido_producto_coladas` WRITE;
/*!40000 ALTER TABLE `pedido_producto_coladas` DISABLE KEYS */;
INSERT INTO `pedido_producto_coladas` VALUES (10,1,331,'Col123',1,2.000,'2025-12-02 11:53:41','2025-12-02 11:53:41'),(11,2,332,'Colada123456',1,12.000,'2025-12-02 12:37:47','2025-12-02 12:37:47');
/*!40000 ALTER TABLE `pedido_producto_coladas` ENABLE KEYS */;
UNLOCK TABLES;

--
-- Table structure for table `pedido_productos`
--

DROP TABLE IF EXISTS `pedido_productos`;
/*!40101 SET @saved_cs_client     = @@character_set_client */;
/*!40101 SET character_set_client = utf8 */;
CREATE TABLE `pedido_productos` (
  `id` bigint(20) unsigned NOT NULL AUTO_INCREMENT,
  `pedido_id` bigint(20) unsigned NOT NULL,
  `codigo` varchar(50) DEFAULT NULL,
  `pedido_global_id` bigint(20) unsigned DEFAULT NULL,
  `obra_id` bigint(20) unsigned DEFAULT NULL,
  `obra_manual` varchar(255) DEFAULT NULL,
  `producto_base_id` bigint(20) unsigned NOT NULL,
  `cantidad_recepcionada` decimal(10,2) NOT NULL DEFAULT 0.00,
  `cantidad` decimal(10,2) NOT NULL,
  `fecha_estimada_entrega` date DEFAULT NULL,
  `observaciones` text DEFAULT NULL,
  `created_at` timestamp NOT NULL DEFAULT current_timestamp(),
  `updated_at` timestamp NOT NULL DEFAULT current_timestamp() ON UPDATE current_timestamp(),
  `deleted_at` timestamp NULL DEFAULT NULL,
  `estado` varchar(20) DEFAULT 'pendiente',
  PRIMARY KEY (`id`),
  KEY `producto_base_id` (`producto_base_id`),
  KEY `fk_pedido_productos_pedido_global` (`pedido_global_id`),
  KEY `idx_pedido_producto_obra_id` (`obra_id`),
  KEY `fk_pedido_productos_pedido_id` (`pedido_id`),
  CONSTRAINT `fk_pedido_producto_obra` FOREIGN KEY (`obra_id`) REFERENCES `obras` (`id`) ON DELETE SET NULL,
  CONSTRAINT `fk_pedido_productos_pedido_global` FOREIGN KEY (`pedido_global_id`) REFERENCES `pedidos_globales` (`id`) ON DELETE SET NULL ON UPDATE CASCADE,
  CONSTRAINT `fk_pedido_productos_pedido_id` FOREIGN KEY (`pedido_id`) REFERENCES `pedidos` (`id`) ON DELETE CASCADE ON UPDATE CASCADE,
  CONSTRAINT `pedido_productos_ibfk_2` FOREIGN KEY (`producto_base_id`) REFERENCES `productos_base` (`id`) ON DELETE CASCADE
) ENGINE=InnoDB AUTO_INCREMENT=334 DEFAULT CHARSET=utf8mb4 COLLATE=utf8mb4_general_ci;
/*!40101 SET character_set_client = @saved_cs_client */;

--
-- Dumping data for table `pedido_productos`
--

LOCK TABLES `pedido_productos` WRITE;
/*!40000 ALTER TABLE `pedido_productos` DISABLE KEYS */;
INSERT INTO `pedido_productos` VALUES (327,29,'PC25/0001–001',38,1,NULL,36,0.00,25000.00,'2025-12-01',NULL,'2025-11-30 15:08:55','2025-11-30 15:08:55',NULL,'pendiente'),(328,29,'PC25/0001–002',38,1,NULL,36,0.00,12500.00,'2025-12-02',NULL,'2025-11-30 15:08:55','2025-11-30 15:08:55',NULL,'pendiente'),(329,29,'PC25/0001–003',38,1,NULL,29,0.00,25000.00,'2025-12-03',NULL,'2025-11-30 15:08:55','2025-11-30 15:08:55',NULL,'pendiente'),(330,29,'PC25/0001–004',38,1,NULL,30,0.00,25000.00,'2025-12-04',NULL,'2025-11-30 15:08:55','2025-11-30 15:08:55',NULL,'pendiente'),(331,30,'PC25/0002–001',38,2,NULL,31,0.00,25000.00,'2025-12-05',NULL,'2025-11-30 15:10:11','2025-12-02 11:53:41',NULL,'activo'),(332,30,'PC25/0002–002',38,2,NULL,31,0.00,25000.00,'2026-01-08',NULL,'2025-11-30 15:10:11','2025-12-02 12:37:47',NULL,'activo'),(333,31,'PC25/0003–001',38,NULL,'El Trobal',32,0.00,25000.00,'2025-12-06',NULL,'2025-11-30 15:10:37','2025-12-09 10:11:11',NULL,'pendiente');
/*!40000 ALTER TABLE `pedido_productos` ENABLE KEYS */;
UNLOCK TABLES;

--
-- Table structure for table `pedidos`
--

DROP TABLE IF EXISTS `pedidos`;
/*!40101 SET @saved_cs_client     = @@character_set_client */;
/*!40101 SET character_set_client = utf8 */;
CREATE TABLE `pedidos` (
  `id` bigint(20) unsigned NOT NULL AUTO_INCREMENT,
  `codigo` varchar(20) NOT NULL,
  `pedido_global_id` bigint(20) unsigned DEFAULT NULL,
  `fabricante_id` bigint(20) unsigned DEFAULT NULL,
  `distribuidor_id` bigint(20) unsigned DEFAULT NULL,
  `peso_total` decimal(10,2) DEFAULT NULL,
  `fecha_pedido` date DEFAULT NULL,
  `fecha_entrega` date DEFAULT NULL,
  `estado` varchar(50) NOT NULL,
  `observaciones` text DEFAULT NULL,
  `created_at` timestamp NOT NULL DEFAULT current_timestamp(),
  `created_by` bigint(20) unsigned DEFAULT NULL,
  `updated_at` timestamp NOT NULL DEFAULT current_timestamp() ON UPDATE current_timestamp(),
  `deleted_at` timestamp NULL DEFAULT NULL,
  `updated_by` bigint(20) unsigned DEFAULT NULL,
  PRIMARY KEY (`id`),
  UNIQUE KEY `codigo_unico` (`codigo`),
  KEY `fk_pedidos_compras_pedido_global` (`pedido_global_id`),
  KEY `pedidos_fabricante_id_foreign` (`fabricante_id`),
  KEY `pedidos_distribuidor_id_foreign` (`distribuidor_id`),
  KEY `fk_pedidos_created_by` (`created_by`),
  KEY `fk_pedidos_updated_by` (`updated_by`),
  CONSTRAINT `fk_pedidos_compras_pedido_global` FOREIGN KEY (`pedido_global_id`) REFERENCES `pedidos_globales` (`id`) ON DELETE SET NULL,
  CONSTRAINT `fk_pedidos_created_by` FOREIGN KEY (`created_by`) REFERENCES `users` (`id`) ON DELETE SET NULL ON UPDATE CASCADE,
  CONSTRAINT `fk_pedidos_updated_by` FOREIGN KEY (`updated_by`) REFERENCES `users` (`id`) ON DELETE SET NULL ON UPDATE CASCADE,
  CONSTRAINT `pedidos_distribuidor_id_foreign` FOREIGN KEY (`distribuidor_id`) REFERENCES `distribuidores` (`id`) ON DELETE SET NULL,
  CONSTRAINT `pedidos_fabricante_id_foreign` FOREIGN KEY (`fabricante_id`) REFERENCES `fabricantes` (`id`) ON DELETE SET NULL
) ENGINE=InnoDB AUTO_INCREMENT=32 DEFAULT CHARSET=utf8mb4 COLLATE=utf8mb4_general_ci;
/*!40101 SET character_set_client = @saved_cs_client */;

--
-- Dumping data for table `pedidos`
--

LOCK TABLES `pedidos` WRITE;
/*!40000 ALTER TABLE `pedidos` DISABLE KEYS */;
INSERT INTO `pedidos` VALUES (29,'PC25/0001',NULL,2,NULL,87500.00,'2025-11-30',NULL,'pendiente',NULL,'2025-11-30 15:08:55',1,'2025-11-30 15:08:55',NULL,NULL),(30,'PC25/0002',NULL,2,NULL,50000.00,'2025-11-30',NULL,'pendiente',NULL,'2025-11-30 15:10:11',1,'2025-11-30 15:10:11',NULL,NULL),(31,'PC25/0003',NULL,2,NULL,25000.00,'2025-11-30',NULL,'pendiente',NULL,'2025-11-30 15:10:37',1,'2025-11-30 15:10:37',NULL,NULL);
/*!40000 ALTER TABLE `pedidos` ENABLE KEYS */;
UNLOCK TABLES;

--
-- Table structure for table `pedidos_almacen_venta`
--

DROP TABLE IF EXISTS `pedidos_almacen_venta`;
/*!40101 SET @saved_cs_client     = @@character_set_client */;
/*!40101 SET character_set_client = utf8 */;
CREATE TABLE `pedidos_almacen_venta` (
  `id` bigint(20) unsigned NOT NULL AUTO_INCREMENT,
  `cliente_id` bigint(20) unsigned NOT NULL,
  `codigo` varchar(30) NOT NULL,
  `estado` enum('borrador','pendiente','parcial','completado','facturado') DEFAULT 'borrador',
  `fecha` date DEFAULT curdate(),
  `observaciones` text DEFAULT NULL,
  `created_by` bigint(20) unsigned DEFAULT NULL,
  `updated_by` bigint(20) unsigned DEFAULT NULL,
  `created_at` timestamp NULL DEFAULT current_timestamp(),
  `updated_at` timestamp NULL DEFAULT current_timestamp() ON UPDATE current_timestamp(),
  PRIMARY KEY (`id`),
  UNIQUE KEY `codigo` (`codigo`),
  KEY `created_by` (`created_by`),
  KEY `updated_by` (`updated_by`),
  KEY `pedidos_almacen_venta_cliente_id_foreign` (`cliente_id`),
  CONSTRAINT `pedidos_almacen_venta_cliente_id_foreign` FOREIGN KEY (`cliente_id`) REFERENCES `clientes_almacen` (`id`) ON DELETE CASCADE,
  CONSTRAINT `pedidos_almacen_venta_ibfk_2` FOREIGN KEY (`created_by`) REFERENCES `users` (`id`) ON DELETE SET NULL,
  CONSTRAINT `pedidos_almacen_venta_ibfk_3` FOREIGN KEY (`updated_by`) REFERENCES `users` (`id`) ON DELETE SET NULL
) ENGINE=InnoDB AUTO_INCREMENT=27 DEFAULT CHARSET=utf8mb4 COLLATE=utf8mb4_unicode_ci;
/*!40101 SET character_set_client = @saved_cs_client */;

--
-- Dumping data for table `pedidos_almacen_venta`
--

LOCK TABLES `pedidos_almacen_venta` WRITE;
/*!40000 ALTER TABLE `pedidos_almacen_venta` DISABLE KEYS */;
INSERT INTO `pedidos_almacen_venta` VALUES (21,1,'PV25/00001','borrador','2025-09-19',NULL,1,1,'2025-09-19 19:18:50','2025-09-19 19:18:50'),(22,5,'PV25/00002','borrador','2025-09-19',NULL,1,1,'2025-09-19 19:19:07','2025-09-19 19:19:07'),(23,3,'PV25/00003','borrador','2025-09-19','echalo al camion rojo',1,1,'2025-09-19 20:43:45','2025-09-19 20:43:45'),(24,3,'PV25/00004','borrador','2025-09-22','Echarlo al camion rojo',1,1,'2025-09-22 07:32:45','2025-09-22 07:32:45'),(25,3,'PV25/00005','borrador','2025-09-22',NULL,1,1,'2025-09-22 07:33:19','2025-09-22 07:33:19'),(26,1,'PV25/00006','borrador','2025-09-22',NULL,1,1,'2025-09-22 07:39:08','2025-09-22 07:39:08');
/*!40000 ALTER TABLE `pedidos_almacen_venta` ENABLE KEYS */;
UNLOCK TABLES;

--
-- Table structure for table `pedidos_almacen_venta_lineas`
--

DROP TABLE IF EXISTS `pedidos_almacen_venta_lineas`;
/*!40101 SET @saved_cs_client     = @@character_set_client */;
/*!40101 SET character_set_client = utf8 */;
CREATE TABLE `pedidos_almacen_venta_lineas` (
  `id` bigint(20) unsigned NOT NULL AUTO_INCREMENT,
  `pedido_almacen_venta_id` bigint(20) unsigned NOT NULL,
  `producto_base_id` bigint(20) unsigned NOT NULL,
  `unidad_medida` varchar(10) DEFAULT 'kg',
  `cantidad_solicitada` decimal(10,2) DEFAULT 0.00,
  `cantidad_servida` decimal(10,2) DEFAULT 0.00,
  `cantidad_pendiente` decimal(10,2) DEFAULT 0.00,
  `kg_por_bulto_override` decimal(8,2) DEFAULT NULL,
  `precio_unitario` decimal(10,2) DEFAULT NULL,
  `notas` text DEFAULT NULL,
  `created_at` timestamp NULL DEFAULT current_timestamp(),
  `updated_at` timestamp NULL DEFAULT current_timestamp() ON UPDATE current_timestamp(),
  PRIMARY KEY (`id`),
  KEY `pedido_almacen_venta_id` (`pedido_almacen_venta_id`),
  KEY `producto_base_id` (`producto_base_id`),
  CONSTRAINT `pedidos_almacen_venta_lineas_ibfk_1` FOREIGN KEY (`pedido_almacen_venta_id`) REFERENCES `pedidos_almacen_venta` (`id`) ON DELETE CASCADE,
  CONSTRAINT `pedidos_almacen_venta_lineas_ibfk_2` FOREIGN KEY (`producto_base_id`) REFERENCES `productos_base` (`id`)
) ENGINE=InnoDB AUTO_INCREMENT=33 DEFAULT CHARSET=utf8mb4 COLLATE=utf8mb4_unicode_ci;
/*!40101 SET character_set_client = @saved_cs_client */;

--
-- Dumping data for table `pedidos_almacen_venta_lineas`
--

LOCK TABLES `pedidos_almacen_venta_lineas` WRITE;
/*!40000 ALTER TABLE `pedidos_almacen_venta_lineas` DISABLE KEYS */;
INSERT INTO `pedidos_almacen_venta_lineas` VALUES (25,21,15,'kg',3000.00,0.00,3000.00,NULL,NULL,'Solicitado por peso','2025-09-19 19:18:50','2025-09-19 19:18:50'),(26,22,15,'kg',2500.00,0.00,2500.00,NULL,NULL,'Solicitado por peso','2025-09-19 19:19:07','2025-09-19 19:19:07'),(27,22,13,'kg',2500.00,0.00,2500.00,NULL,NULL,'Solicitado por peso','2025-09-19 19:19:07','2025-09-19 19:19:07'),(28,23,9,'kg',10000.00,0.00,10000.00,NULL,NULL,'Solicitado por peso','2025-09-19 20:43:45','2025-09-19 20:43:45'),(29,24,9,'kg',0.00,0.00,0.00,NULL,NULL,'Solicitado por peso o por unidades: 2','2025-09-22 07:32:45','2025-09-22 07:32:45'),(30,25,9,'kg',0.00,0.00,0.00,NULL,NULL,'Solicitado por peso o por unidades: 2','2025-09-22 07:33:19','2025-09-22 07:33:19'),(31,25,10,'kg',0.00,0.00,0.00,NULL,NULL,'Solicitado por peso o por unidades: 1','2025-09-22 07:33:19','2025-09-22 07:33:19'),(32,26,37,'kg',0.00,0.00,0.00,NULL,NULL,'Solicitado por peso o por unidades: 3','2025-09-22 07:39:08','2025-09-22 07:39:08');
/*!40000 ALTER TABLE `pedidos_almacen_venta_lineas` ENABLE KEYS */;
UNLOCK TABLES;

--
-- Table structure for table `pedidos_globales`
--

DROP TABLE IF EXISTS `pedidos_globales`;
/*!40101 SET @saved_cs_client     = @@character_set_client */;
/*!40101 SET character_set_client = utf8 */;
CREATE TABLE `pedidos_globales` (
  `id` bigint(20) unsigned NOT NULL AUTO_INCREMENT,
  `codigo` varchar(50) NOT NULL,
  `descripcion` text DEFAULT NULL,
  `cantidad_total` decimal(12,2) NOT NULL,
  `precio_referencia` decimal(12,4) DEFAULT NULL,
  `fabricante_id` bigint(20) unsigned DEFAULT NULL,
  `distribuidor_id` bigint(20) unsigned DEFAULT NULL,
  `estado` varchar(50) NOT NULL DEFAULT 'pendiente',
  `created_at` timestamp NULL DEFAULT NULL,
  `updated_at` timestamp NULL DEFAULT NULL,
  `deleted_at` timestamp NULL DEFAULT NULL,
  PRIMARY KEY (`id`),
  UNIQUE KEY `codigo` (`codigo`),
  KEY `fk_pedidos_globales_distribuidor` (`distribuidor_id`),
  KEY `pedidos_globales_fabricante_id_foreign` (`fabricante_id`),
  CONSTRAINT `fk_pedidos_globales_distribuidor` FOREIGN KEY (`distribuidor_id`) REFERENCES `distribuidores` (`id`) ON DELETE SET NULL,
  CONSTRAINT `pedidos_globales_fabricante_id_foreign` FOREIGN KEY (`fabricante_id`) REFERENCES `fabricantes` (`id`) ON UPDATE CASCADE
) ENGINE=InnoDB AUTO_INCREMENT=39 DEFAULT CHARSET=utf8mb4 COLLATE=utf8mb4_general_ci;
/*!40101 SET character_set_client = @saved_cs_client */;

--
-- Dumping data for table `pedidos_globales`
--

LOCK TABLES `pedidos_globales` WRITE;
/*!40000 ALTER TABLE `pedidos_globales` DISABLE KEYS */;
INSERT INTO `pedidos_globales` VALUES (38,'PCG25/0001',NULL,500000.00,6.5000,2,NULL,'en curso','2025-11-06 19:16:53','2025-11-15 22:59:15',NULL);
/*!40000 ALTER TABLE `pedidos_globales` ENABLE KEYS */;
UNLOCK TABLES;

--
-- Table structure for table `permisos_acceso`
--

DROP TABLE IF EXISTS `permisos_acceso`;
/*!40101 SET @saved_cs_client     = @@character_set_client */;
/*!40101 SET character_set_client = utf8 */;
CREATE TABLE `permisos_acceso` (
  `id` bigint(20) unsigned NOT NULL AUTO_INCREMENT,
  `user_id` bigint(20) unsigned NOT NULL,
  `departamento_id` bigint(20) unsigned NOT NULL,
  `seccion_id` int(10) unsigned NOT NULL,
  `puede_ver` tinyint(1) DEFAULT 0,
  `puede_editar` tinyint(1) DEFAULT 0,
  `puede_crear` tinyint(1) DEFAULT 0,
  `created_at` timestamp NULL DEFAULT NULL,
  `updated_at` timestamp NULL DEFAULT NULL,
  PRIMARY KEY (`id`),
  UNIQUE KEY `user_id` (`user_id`,`departamento_id`,`seccion_id`),
  KEY `departamento_id` (`departamento_id`),
  KEY `seccion_id` (`seccion_id`),
  CONSTRAINT `permisos_acceso_ibfk_1` FOREIGN KEY (`user_id`) REFERENCES `users` (`id`) ON DELETE CASCADE,
  CONSTRAINT `permisos_acceso_ibfk_2` FOREIGN KEY (`departamento_id`) REFERENCES `departamentos` (`id`) ON DELETE CASCADE,
  CONSTRAINT `permisos_acceso_ibfk_3` FOREIGN KEY (`seccion_id`) REFERENCES `secciones` (`id`) ON DELETE CASCADE
) ENGINE=InnoDB AUTO_INCREMENT=361 DEFAULT CHARSET=utf8mb4 COLLATE=utf8mb4_general_ci;
/*!40101 SET character_set_client = @saved_cs_client */;

--
-- Dumping data for table `permisos_acceso`
--

LOCK TABLES `permisos_acceso` WRITE;
/*!40000 ALTER TABLE `permisos_acceso` DISABLE KEYS */;
INSERT INTO `permisos_acceso` VALUES (208,1,5,6,1,1,1,'2025-07-21 11:30:46','2025-08-17 20:21:49'),(209,1,5,7,1,1,1,'2025-07-21 11:30:46','2025-08-17 20:21:49'),(210,1,5,8,1,1,1,'2025-07-21 11:30:46','2025-08-17 20:21:49'),(211,1,5,9,1,1,1,'2025-07-21 11:30:46','2025-08-17 20:21:49'),(212,1,5,10,1,1,1,'2025-07-21 11:30:46','2025-08-17 20:21:49'),(213,1,5,11,1,1,1,'2025-07-21 11:30:46','2025-08-17 20:21:49'),(214,1,5,12,1,1,1,'2025-07-21 11:30:46','2025-08-17 20:21:49'),(215,1,5,13,1,1,1,'2025-07-21 11:30:46','2025-08-17 20:21:49'),(216,1,5,14,1,1,1,'2025-07-21 11:30:46','2025-08-17 20:21:49'),(217,1,5,15,1,1,1,'2025-07-21 11:30:46','2025-08-17 20:21:49'),(218,1,5,16,1,1,1,'2025-07-21 11:30:46','2025-08-17 20:21:49'),(219,1,5,17,1,1,1,'2025-07-21 11:30:46','2025-08-17 20:21:49'),(220,1,5,18,1,1,1,'2025-07-21 11:30:46','2025-08-17 20:21:49'),(221,1,5,19,1,1,1,'2025-07-21 11:30:46','2025-08-17 20:21:49'),(222,1,5,20,1,1,1,'2025-07-21 11:30:46','2025-08-17 20:21:49'),(223,1,5,21,1,1,1,'2025-07-21 11:30:46','2025-08-17 20:21:49'),(225,1,5,23,1,1,1,'2025-07-21 11:30:46','2025-08-17 20:21:49'),(226,1,5,24,1,1,1,'2025-07-21 11:30:46','2025-08-17 20:21:49'),(227,1,5,25,1,1,1,'2025-07-21 11:30:46','2025-08-17 20:21:49'),(228,1,5,26,1,1,1,'2025-07-21 11:30:46','2025-08-17 20:21:49'),(229,1,5,27,1,1,1,'2025-07-21 11:30:46','2025-08-17 20:21:49'),(230,1,5,28,1,1,1,'2025-07-21 11:30:46','2025-08-17 20:21:49'),(263,4,5,6,1,1,1,'2025-08-17 18:17:42','2025-08-17 20:21:50'),(264,4,5,7,1,1,1,'2025-08-17 18:17:42','2025-08-17 20:21:50'),(265,4,5,8,1,1,1,'2025-08-17 18:17:42','2025-08-17 20:21:50'),(266,4,5,9,1,1,1,'2025-08-17 18:17:42','2025-08-17 20:21:50'),(267,4,5,10,1,1,1,'2025-08-17 18:17:42','2025-08-17 20:21:50'),(268,4,5,11,1,1,1,'2025-08-17 18:17:42','2025-08-17 20:21:50'),(269,4,5,12,1,1,1,'2025-08-17 18:17:42','2025-08-17 20:21:50'),(270,4,5,13,1,1,1,'2025-08-17 18:17:42','2025-08-17 20:21:50'),(271,4,5,14,1,1,1,'2025-08-17 18:17:42','2025-08-17 20:21:50'),(272,4,5,15,1,1,1,'2025-08-17 18:17:42','2025-08-17 20:21:50'),(273,4,5,16,1,1,1,'2025-08-17 18:17:42','2025-08-17 20:21:50'),(274,4,5,17,1,1,1,'2025-08-17 18:17:42','2025-08-17 20:21:50'),(275,4,5,18,1,1,1,'2025-08-17 18:17:42','2025-08-17 20:21:50'),(276,4,5,19,1,1,1,'2025-08-17 18:17:42','2025-08-17 20:21:50'),(277,4,5,20,1,1,1,'2025-08-17 18:17:42','2025-08-17 20:21:50'),(278,4,5,21,1,1,1,'2025-08-17 18:17:42','2025-08-17 20:21:50'),(280,4,5,23,1,1,1,'2025-08-17 18:17:42','2025-08-17 20:21:50'),(281,4,5,24,1,1,1,'2025-08-17 18:17:42','2025-08-17 20:21:50'),(282,4,5,25,1,1,1,'2025-08-17 18:17:42','2025-08-17 20:21:50'),(283,4,5,26,1,1,1,'2025-08-17 18:17:42','2025-08-17 20:21:50'),(284,4,5,27,1,1,1,'2025-08-17 18:17:42','2025-08-17 20:21:50'),(285,4,5,28,1,1,1,'2025-08-17 18:17:42','2025-08-17 20:21:50'),(287,1,5,29,1,1,1,'2025-08-17 19:00:22','2025-08-17 20:21:49'),(288,1,5,30,1,1,1,'2025-08-17 19:00:22','2025-08-17 20:21:49'),(289,1,5,31,1,1,1,'2025-08-17 19:00:22','2025-08-17 20:21:49'),(290,1,5,32,1,1,1,'2025-08-17 19:00:22','2025-08-17 20:21:49'),(291,1,5,34,1,1,1,'2025-08-17 19:00:22','2025-08-17 20:21:49'),(293,4,5,29,1,1,1,'2025-08-17 19:00:23','2025-08-17 20:21:50'),(294,4,5,30,1,1,1,'2025-08-17 19:00:23','2025-08-17 20:21:50'),(295,4,5,31,1,1,1,'2025-08-17 19:00:23','2025-08-17 20:21:50'),(296,4,5,32,1,1,1,'2025-08-17 19:00:23','2025-08-17 20:21:50'),(297,4,5,34,1,1,1,'2025-08-17 19:00:23','2025-08-17 20:21:50'),(310,77,5,6,1,1,1,'2025-08-21 09:03:10','2025-08-21 09:03:11'),(311,77,5,7,1,1,1,'2025-08-21 09:03:10','2025-08-21 09:03:11'),(312,77,5,8,1,1,1,'2025-08-21 09:03:10','2025-08-21 09:03:11'),(313,77,5,9,1,1,1,'2025-08-21 09:03:10','2025-08-21 09:03:11'),(314,77,5,10,1,1,1,'2025-08-21 09:03:10','2025-08-21 09:03:11'),(315,77,5,11,1,1,1,'2025-08-21 09:03:10','2025-08-21 09:03:11'),(316,77,5,12,1,1,1,'2025-08-21 09:03:10','2025-08-21 09:03:11'),(317,77,5,13,1,1,1,'2025-08-21 09:03:10','2025-08-21 09:03:11'),(318,77,5,14,1,1,1,'2025-08-21 09:03:10','2025-08-21 09:03:11'),(319,77,5,15,1,1,1,'2025-08-21 09:03:10','2025-08-21 09:03:11'),(320,77,5,16,1,1,1,'2025-08-21 09:03:10','2025-08-21 09:03:11'),(321,77,5,17,1,1,1,'2025-08-21 09:03:10','2025-08-21 09:03:11'),(322,77,5,18,1,1,1,'2025-08-21 09:03:10','2025-08-21 09:03:11'),(323,77,5,19,1,1,1,'2025-08-21 09:03:10','2025-08-21 09:03:11'),(324,77,5,20,1,1,1,'2025-08-21 09:03:10','2025-08-21 09:03:11'),(325,77,5,21,1,1,1,'2025-08-21 09:03:10','2025-08-21 09:03:11'),(327,77,5,23,1,1,1,'2025-08-21 09:03:10','2025-08-21 09:03:11'),(328,77,5,24,1,1,1,'2025-08-21 09:03:10','2025-08-21 09:03:11'),(329,77,5,25,1,1,1,'2025-08-21 09:03:10','2025-08-21 09:03:11'),(330,77,5,26,1,1,1,'2025-08-21 09:03:10','2025-08-21 09:03:11'),(331,77,5,27,1,1,1,'2025-08-21 09:03:10','2025-08-21 09:03:11'),(332,77,5,28,1,1,1,'2025-08-21 09:03:10','2025-08-21 09:03:11'),(333,77,5,29,1,1,1,'2025-08-21 09:03:10','2025-08-21 09:03:11'),(334,77,5,30,1,1,1,'2025-08-21 09:03:10','2025-08-21 09:03:11'),(335,77,5,31,1,1,1,'2025-08-21 09:03:10','2025-08-21 09:03:11'),(336,77,5,32,1,1,1,'2025-08-21 09:03:10','2025-08-21 09:03:11'),(338,77,5,34,1,1,1,'2025-08-21 09:03:10','2025-08-21 09:03:11'),(340,89,3,8,1,1,1,'2025-09-16 07:29:22','2025-09-17 17:54:24'),(341,89,3,9,1,1,1,'2025-09-16 07:29:22','2025-09-17 17:54:24'),(342,89,3,14,1,1,1,'2025-09-16 07:29:22','2025-09-17 17:54:24'),(343,89,3,19,1,1,1,'2025-09-16 07:29:22','2025-09-17 17:54:24'),(344,89,3,23,1,1,1,'2025-09-16 07:29:22','2025-09-17 17:54:24'),(345,89,3,24,1,1,1,'2025-09-16 07:29:22','2025-09-17 17:54:24'),(346,89,3,37,1,1,1,'2025-09-16 07:30:07','2025-09-17 17:54:24'),(347,89,3,29,1,1,1,'2025-09-16 07:40:06','2025-09-17 17:54:24'),(348,89,3,6,1,1,1,'2025-09-16 08:26:48','2025-09-17 17:54:24'),(349,89,3,7,1,1,1,'2025-09-16 08:26:48','2025-09-17 17:54:24'),(350,90,8,10,1,1,1,'2025-10-30 07:23:15','2025-10-30 07:23:16'),(352,7,1,8,1,1,1,'2025-12-02 11:46:51','2025-12-02 11:46:52'),(353,7,1,9,1,1,1,'2025-12-02 11:46:51','2025-12-02 11:46:52'),(354,7,1,10,1,1,1,'2025-12-02 11:46:51','2025-12-02 11:46:52'),(355,7,1,14,1,1,1,'2025-12-02 11:46:51','2025-12-02 11:46:52'),(356,7,1,15,1,1,1,'2025-12-02 11:46:51','2025-12-02 11:46:52'),(357,7,1,16,1,1,1,'2025-12-02 11:46:51','2025-12-02 11:46:52'),(358,7,1,23,1,1,1,'2025-12-02 11:46:51','2025-12-02 11:46:52'),(359,7,1,24,1,1,1,'2025-12-02 11:46:51','2025-12-02 11:46:52'),(360,7,1,27,1,1,1,'2025-12-02 11:46:51','2025-12-02 11:46:52');
/*!40000 ALTER TABLE `permisos_acceso` ENABLE KEYS */;
UNLOCK TABLES;

--
-- Table structure for table `personal_access_tokens`
--

DROP TABLE IF EXISTS `personal_access_tokens`;
/*!40101 SET @saved_cs_client     = @@character_set_client */;
/*!40101 SET character_set_client = utf8 */;
CREATE TABLE `personal_access_tokens` (
  `id` bigint(20) unsigned NOT NULL AUTO_INCREMENT,
  `tokenable_type` varchar(255) NOT NULL,
  `tokenable_id` bigint(20) unsigned NOT NULL,
  `name` varchar(255) NOT NULL,
  `token` varchar(64) NOT NULL,
  `abilities` text DEFAULT NULL,
  `last_used_at` timestamp NULL DEFAULT NULL,
  `expires_at` timestamp NULL DEFAULT NULL,
  `created_at` timestamp NULL DEFAULT NULL,
  `updated_at` timestamp NULL DEFAULT NULL,
  PRIMARY KEY (`id`),
  UNIQUE KEY `personal_access_tokens_token_unique` (`token`),
  KEY `personal_access_tokens_tokenable_type_tokenable_id_index` (`tokenable_type`,`tokenable_id`)
) ENGINE=InnoDB DEFAULT CHARSET=utf8mb4 COLLATE=utf8mb4_unicode_ci;
/*!40101 SET character_set_client = @saved_cs_client */;

--
-- Dumping data for table `personal_access_tokens`
--

LOCK TABLES `personal_access_tokens` WRITE;
/*!40000 ALTER TABLE `personal_access_tokens` DISABLE KEYS */;
/*!40000 ALTER TABLE `personal_access_tokens` ENABLE KEYS */;
UNLOCK TABLES;

--
-- Table structure for table `planillas`
--

DROP TABLE IF EXISTS `planillas`;
/*!40101 SET @saved_cs_client     = @@character_set_client */;
/*!40101 SET character_set_client = utf8 */;
CREATE TABLE `planillas` (
  `id` bigint(20) NOT NULL AUTO_INCREMENT,
  `codigo` varchar(255) DEFAULT NULL,
  `users_id` bigint(20) unsigned DEFAULT NULL,
  `cliente_id` bigint(20) unsigned DEFAULT NULL,
  `obra_id` bigint(20) unsigned DEFAULT NULL,
  `seccion` varchar(255) NOT NULL,
  `descripcion` varchar(255) NOT NULL,
  `ensamblado` varchar(255) DEFAULT NULL,
  `comentario` varchar(255) DEFAULT NULL,
  `revisada` tinyint(1) NOT NULL DEFAULT 0,
  `revisada_por_id` bigint(20) unsigned DEFAULT NULL,
  `revisada_at` datetime DEFAULT NULL,
  `peso_total` decimal(10,2) NOT NULL,
  `estado` varchar(50) DEFAULT 'pendiente',
  `fecha_inicio` datetime DEFAULT NULL,
  `fecha_finalizacion` datetime DEFAULT NULL,
  `tiempo_fabricacion` decimal(10,2) DEFAULT NULL,
  `fecha_estimada_entrega` datetime DEFAULT NULL,
  `created_at` timestamp NULL DEFAULT NULL,
  `updated_at` timestamp NULL DEFAULT NULL,
  `deleted_at` timestamp NULL DEFAULT NULL,
  PRIMARY KEY (`id`),
  UNIQUE KEY `codigo` (`codigo`),
  KEY `fk_planillas_users_id` (`users_id`),
  KEY `fk_planillas_obra_id` (`obra_id`),
  KEY `fk_cliente_id` (`cliente_id`),
  KEY `planillas_revisada_por_id_fk` (`revisada_por_id`),
  CONSTRAINT `fk_cliente_id` FOREIGN KEY (`cliente_id`) REFERENCES `clientes` (`id`),
  CONSTRAINT `fk_planillas_obra_id` FOREIGN KEY (`obra_id`) REFERENCES `obras` (`id`) ON DELETE CASCADE,
  CONSTRAINT `fk_planillas_users_id` FOREIGN KEY (`users_id`) REFERENCES `users` (`id`) ON DELETE SET NULL ON UPDATE CASCADE,
  CONSTRAINT `planillas_revisada_por_id_fk` FOREIGN KEY (`revisada_por_id`) REFERENCES `users` (`id`) ON DELETE SET NULL
) ENGINE=InnoDB AUTO_INCREMENT=6328 DEFAULT CHARSET=utf8 COLLATE=utf8_general_ci;
/*!40101 SET character_set_client = @saved_cs_client */;

--
-- Dumping data for table `planillas`
--

LOCK TABLES `planillas` WRITE;
/*!40000 ALTER TABLE `planillas` DISABLE KEYS */;
INSERT INTO `planillas` VALUES (6298,'2025-008148',1,213,334,'FORJ NIVEL 0. EDIF. 2.2','25-8148-ZUNCHOS FORJ NIVEL 0. EDIF 2.2','ENSAMBLADO TALLER',NULL,0,NULL,NULL,1139.73,'pendiente',NULL,NULL,172718.00,'2025-12-17 00:00:00','2025-12-10 20:27:39','2025-12-10 20:27:39',NULL),(6299,'2025-008149',1,213,334,'FORJ NIVEL 0. EDIF. 2.2','25-8149-PUNZON FORJ. NIVEL 0. EDIF 2.2','ENSAMBLADO TALLER',NULL,0,NULL,NULL,600.77,'pendiente',NULL,NULL,170220.00,'2025-12-17 00:00:00','2025-12-10 20:27:46','2025-12-10 20:27:47',NULL),(6300,'2025-008150',1,213,334,'FORJ NIVEL 0. EDIF. 2.2','25-8150-ARM BASE LONG INFERIOR +59.85','ENSAMBLADO TALLER',NULL,0,NULL,NULL,464.31,'pendiente',NULL,NULL,27765.00,'2025-12-17 00:00:00','2025-12-10 20:27:53','2025-12-10 20:27:53',NULL),(6301,'2025-008152',1,213,334,'FORJ NIVEL 0. EDIF. 2.2','25-8152-ARM BASE TRANS INFERIOR +59.85','ENSAMBLADO TALLER',NULL,0,NULL,NULL,453.82,'pendiente',NULL,NULL,27769.00,'2025-12-17 00:00:00','2025-12-10 20:27:55','2025-12-10 20:27:55',NULL),(6302,'2025-008153',1,213,334,'FORJ NIVEL 0. EDIF. 2.2','25-8153-ARM BASE LONG SUPERIOR +59.85','ENSAMBLADO TALLER',NULL,0,NULL,NULL,326.44,'pendiente',NULL,NULL,27765.00,'2025-12-17 00:00:00','2025-12-10 20:27:56','2025-12-10 20:27:56',NULL),(6303,'2025-008154',1,213,334,'FORJ NIVEL 0. EDIF. 2.2','25-8154-ARM BASE TRANS SUPERIOR +59.85','ENSAMBLADO TALLER',NULL,0,NULL,NULL,319.51,'pendiente',NULL,NULL,27769.00,'2025-12-17 00:00:00','2025-12-10 20:27:57','2025-12-10 20:27:58',NULL),(6304,'2025-008156',1,213,334,'FORJ NIVEL 0. EDIF. 2.2','25-8156-ARM BASE LONG INFERIOR +60.00','ENSAMBLADO TALLER',NULL,0,NULL,NULL,123.05,'pendiente',NULL,NULL,2475.00,'2025-12-17 00:00:00','2025-12-10 20:27:59','2025-12-10 20:27:59',NULL),(6305,'2025-008159',1,213,334,'FORJ NIVEL 0. EDIF. 2.2','25-8159-ARM BASE TRANS INFERIOR +60.00','ENSAMBLADO TALLER',NULL,0,NULL,NULL,127.99,'pendiente',NULL,NULL,6043.00,'2025-12-17 00:00:00','2025-12-10 20:27:59','2025-12-10 20:27:59',NULL),(6306,'2025-008161',1,213,334,'FORJ NIVEL 0. EDIF. 2.2','25-8161-ARM BASE LONG SUPERIOR +60.00','ENSAMBLADO TALLER',NULL,0,NULL,NULL,85.50,'pendiente',NULL,NULL,2475.00,'2025-12-17 00:00:00','2025-12-10 20:28:00','2025-12-10 20:28:00',NULL),(6307,'2025-008166',1,213,334,'FORJ NIVEL 0. EDIF. 2.2','25-8166-ARM BASE TRANS SUPERIOR +60.00','ENSAMBLADO TALLER',NULL,0,NULL,NULL,90.08,'pendiente',NULL,NULL,6043.00,'2025-12-17 00:00:00','2025-12-10 20:28:00','2025-12-10 20:28:00',NULL),(6308,'2025-008175',1,213,334,'FORJ NIVEL 0. EDIF. 2.2','25-8175-ABACOS INF COTA +59.85','ENSAMBLADO TALLER',NULL,0,NULL,NULL,294.76,'pendiente',NULL,NULL,82108.00,'2025-12-17 00:00:00','2025-12-10 20:28:00','2025-12-10 20:28:01',NULL),(6309,'2025-008176',1,213,334,'FORJ NIVEL 0. EDIF. 2.2','25-8176-ABACOS SUP COTA +59.85','ENSAMBLADO TALLER',NULL,0,NULL,NULL,538.71,'pendiente',NULL,NULL,84456.50,'2025-12-17 00:00:00','2025-12-10 20:28:05','2025-12-10 20:28:05',NULL),(6310,'2025-008177',1,213,334,'FORJ NIVEL 0. EDIF. 2.2','25-8177-ABACOS INF COTA +60.00','ENSAMBLADO TALLER',NULL,0,NULL,NULL,72.99,'pendiente',NULL,NULL,24154.00,'2025-12-17 00:00:00','2025-12-10 20:28:09','2025-12-10 20:28:09',NULL),(6311,'2025-008178',1,213,334,'FORJ NIVEL 0. EDIF. 2.2','25-8178-ABACOS SUP COTA +60.00','ENSAMBLADO TALLER',NULL,0,NULL,NULL,137.63,'pendiente',NULL,NULL,24124.00,'2025-12-17 00:00:00','2025-12-10 20:28:11','2025-12-10 20:28:11',NULL),(6312,'2025-008200',1,213,334,'FORJ NIVEL 0. EDIF. 2.2','25-8200-REF LONG INFERIOR +59.85','ENSAMBLADO TALLER',NULL,0,NULL,NULL,74.79,'pendiente',NULL,NULL,38511.00,'2025-12-17 00:00:00','2025-12-10 20:28:12','2025-12-10 20:28:12',NULL),(6313,'2025-008202',1,213,334,'FORJ NIVEL 0. EDIF. 2.2','25-8202-REF TRANS INFERIOR +59.85','ENSAMBLADO TALLER',NULL,0,NULL,NULL,136.79,'pendiente',NULL,NULL,51727.00,'2025-12-17 00:00:00','2025-12-10 20:28:14','2025-12-10 20:28:14',NULL),(6314,'2025-008203',1,213,334,'FORJ NIVEL 0. EDIF. 2.2','25-8203-REF LONG SUPERIOR +59.85','ENSAMBLADO TALLER',NULL,0,NULL,NULL,107.03,'pendiente',NULL,NULL,66137.50,'2025-12-17 00:00:00','2025-12-10 20:28:15','2025-12-10 20:28:15',NULL),(6315,'2025-008204',1,213,334,'FORJ NIVEL 0. EDIF. 2.2','25-8204-REF TRANS SUPERIOR +59.85','ENSAMBLADO TALLER',NULL,0,NULL,NULL,170.57,'pendiente',NULL,NULL,75754.00,'2025-12-17 00:00:00','2025-12-10 20:28:17','2025-12-10 20:28:18',NULL),(6316,'2025-008205',1,213,334,'FORJ NIVEL 0. EDIF. 2.2','25-8205-REF LONG INFERIOR +60.00','ENSAMBLADO TALLER',NULL,0,NULL,NULL,21.79,'pendiente',NULL,NULL,10835.50,'2025-12-17 00:00:00','2025-12-10 20:28:19','2025-12-10 20:28:19',NULL),(6317,'2025-008210',1,213,334,'FORJ NIVEL 0. EDIF. 2.2','25-8210-REF TRANS INFERIOR +60.00','ENSAMBLADO TALLER',NULL,0,NULL,NULL,8.02,'pendiente',NULL,NULL,3610.00,'2025-12-17 00:00:00','2025-12-10 20:28:20','2025-12-10 20:28:20',NULL),(6318,'2025-008212',1,213,334,'FORJ NIVEL 0. EDIF. 2.2','25-8212-REF LONG SUPERIOR +60.00','ENSAMBLADO TALLER',NULL,0,NULL,NULL,26.83,'pendiente',NULL,NULL,19248.00,'2025-12-17 00:00:00','2025-12-10 20:28:20','2025-12-10 20:28:20',NULL),(6319,'2025-008218',1,213,334,'FORJ NIVEL 0. EDIF. 2.2','25-8218-REF TRANS SUPERIOR +60.00','ENSAMBLADO TALLER',NULL,0,NULL,NULL,19.53,'pendiente',NULL,NULL,14419.00,'2025-12-17 00:00:00','2025-12-10 20:28:20','2025-12-10 20:28:21',NULL),(6320,'2025-008233',1,213,334,'FORJ NIVEL 0. EDIF. 2.2','25-8233-LOSA TERRAZA P-26','ENSAMBLADO TALLER',NULL,0,NULL,NULL,154.00,'pendiente',NULL,NULL,11070.00,'2025-12-17 00:00:00','2025-12-10 20:28:21','2025-12-10 20:28:21',NULL),(6321,'2025-008238',1,213,334,'FORJ NIVEL 0. EDIF. 2.2','25-8238-ARM LONG INFERIOR LOSA TERRAZA','ENSAMBLADO TALLER',NULL,0,NULL,NULL,564.44,'pendiente',NULL,NULL,7770.00,'2025-12-17 00:00:00','2025-12-10 20:28:22','2025-12-10 20:28:22',NULL),(6322,'2025-008239',1,213,334,'FORJ NIVEL 0. EDIF. 2.2','25-8239-ARM TRANS INFERIOR LOSA TERRAZA','ENSAMBLADO TALLER',NULL,0,NULL,NULL,438.98,'pendiente',NULL,NULL,3894.00,'2025-12-17 00:00:00','2025-12-10 20:28:23','2025-12-10 20:28:23',NULL),(6323,'2025-008240',1,213,334,'FORJ NIVEL 0. EDIF. 2.2','25-8240-ARM LONG SUPERIOR LOSA TERRAZA','ENSAMBLADO TALLER',NULL,0,NULL,NULL,354.76,'pendiente',NULL,NULL,24243.50,'2025-12-17 00:00:00','2025-12-10 20:28:23','2025-12-10 20:28:23',NULL),(6324,'2025-008243',1,213,334,'FORJ NIVEL 0. EDIF. 2.2','25-8243-ARM TRANS SUPERIOR LOSA TERRAZA','ENSAMBLADO TALLER',NULL,0,NULL,NULL,319.90,'pendiente',NULL,NULL,11158.00,'2025-12-17 00:00:00','2025-12-10 20:28:24','2025-12-10 20:28:25',NULL),(6325,'2025-008245',1,213,334,'FORJ NIVEL 0. EDIF. 2.2','25-8245-DETALLES FORJADO RETTICULAR','ENSAMBLADO TALLER',NULL,0,NULL,NULL,353.24,'pendiente',NULL,NULL,61565.00,'2025-12-17 00:00:00','2025-12-10 20:28:25','2025-12-10 20:28:25',NULL),(6326,'2025-008259',1,213,334,'FORJ NIVEL 0. EDIF. 2.2','25-8259-DETALLES DE LOSA TERRAZA','ENSAMBLADO TALLER',NULL,0,NULL,NULL,468.36,'pendiente',NULL,NULL,14872.00,'2025-12-17 00:00:00','2025-12-10 20:28:27','2025-12-10 20:28:28',NULL),(6327,'2025-008262',1,213,334,'FORJ NIVEL 0. EDIF. 2.2','25-8262-ESCALERA TIPO 2 DE CIMENT A NIVEL 0','ENSAMBLADO TALLER',NULL,0,NULL,NULL,121.86,'pendiente',NULL,NULL,13675.50,'2025-12-17 00:00:00','2025-12-10 20:28:28','2025-12-10 20:28:28',NULL);
/*!40000 ALTER TABLE `planillas` ENABLE KEYS */;
UNLOCK TABLES;

--
-- Table structure for table `productos`
--

DROP TABLE IF EXISTS `productos`;
/*!40101 SET @saved_cs_client     = @@character_set_client */;
/*!40101 SET character_set_client = utf8 */;
CREATE TABLE `productos` (
  `id` bigint(20) unsigned NOT NULL AUTO_INCREMENT,
  `codigo` varchar(20) DEFAULT NULL,
  `producto_base_id` bigint(20) unsigned DEFAULT NULL,
  `fabricante_id` bigint(20) unsigned DEFAULT NULL,
  `distribuidor_id` bigint(20) unsigned DEFAULT NULL,
  `obra_id` bigint(20) unsigned DEFAULT NULL,
  `n_colada` varchar(255) DEFAULT NULL,
  `colada_id` bigint(20) unsigned DEFAULT NULL,
  `n_paquete` varchar(255) DEFAULT NULL,
  `peso_inicial` decimal(10,2) NOT NULL,
  `peso_stock` decimal(10,2) NOT NULL,
  `estado` varchar(50) DEFAULT NULL,
  `fecha_consumido` datetime DEFAULT NULL,
  `consumido_by` bigint(20) unsigned DEFAULT NULL,
  `otros` text DEFAULT NULL,
  `ubicacion_id` bigint(20) unsigned DEFAULT NULL,
  `maquina_id` bigint(20) unsigned DEFAULT NULL,
  `created_at` timestamp NULL DEFAULT current_timestamp(),
  `updated_at` timestamp NULL DEFAULT current_timestamp() ON UPDATE current_timestamp(),
  `deleted_at` timestamp NULL DEFAULT NULL,
  `entrada_id` bigint(20) unsigned DEFAULT NULL,
  `updated_by` bigint(20) unsigned DEFAULT NULL,
  PRIMARY KEY (`id`),
  UNIQUE KEY `codigo` (`codigo`),
  KEY `ubicacion_id` (`ubicacion_id`),
  KEY `maquina_id` (`maquina_id`),
  KEY `fk_productos_productos_base` (`producto_base_id`),
  KEY `productos_distribuidor_id_foreign` (`distribuidor_id`),
  KEY `fk_productos_entrada_id` (`entrada_id`),
  KEY `fk_updated_by_productos` (`updated_by`),
  KEY `consumido_by` (`consumido_by`),
  KEY `fk_productos_obra` (`obra_id`),
  KEY `productos_fabricante_id_foreign` (`fabricante_id`),
  KEY `productos_colada_id_foreign` (`colada_id`),
  CONSTRAINT `fk_productos_entrada_id` FOREIGN KEY (`entrada_id`) REFERENCES `entradas` (`id`),
  CONSTRAINT `fk_productos_obra` FOREIGN KEY (`obra_id`) REFERENCES `obras` (`id`) ON DELETE SET NULL ON UPDATE CASCADE,
  CONSTRAINT `fk_productos_productos_base` FOREIGN KEY (`producto_base_id`) REFERENCES `productos_base` (`id`) ON DELETE SET NULL,
  CONSTRAINT `fk_updated_by_productos` FOREIGN KEY (`updated_by`) REFERENCES `users` (`id`) ON DELETE SET NULL,
  CONSTRAINT `productos_colada_id_foreign` FOREIGN KEY (`colada_id`) REFERENCES `coladas` (`id`) ON DELETE SET NULL,
  CONSTRAINT `productos_distribuidor_id_foreign` FOREIGN KEY (`distribuidor_id`) REFERENCES `distribuidores` (`id`) ON DELETE SET NULL,
  CONSTRAINT `productos_fabricante_id_foreign` FOREIGN KEY (`fabricante_id`) REFERENCES `fabricantes` (`id`) ON UPDATE CASCADE,
  CONSTRAINT `productos_ibfk_1` FOREIGN KEY (`ubicacion_id`) REFERENCES `ubicaciones` (`id`) ON DELETE SET NULL,
  CONSTRAINT `productos_ibfk_2` FOREIGN KEY (`maquina_id`) REFERENCES `maquinas` (`id`) ON DELETE SET NULL,
  CONSTRAINT `productos_ibfk_3` FOREIGN KEY (`consumido_by`) REFERENCES `users` (`id`) ON DELETE SET NULL
) ENGINE=InnoDB AUTO_INCREMENT=651 DEFAULT CHARSET=utf8 COLLATE=utf8_general_ci;
/*!40101 SET character_set_client = @saved_cs_client */;

--
-- Dumping data for table `productos`
--

LOCK TABLES `productos` WRITE;
/*!40000 ALTER TABLE `productos` DISABLE KEYS */;
INSERT INTO `productos` VALUES (189,'MP25060117',9,NULL,NULL,1,'90217',NULL,'6550314',2543.00,1317.81,'fabricando',NULL,NULL,'Alta manual. Fabricante: —',NULL,1,'2025-06-16 09:21:54','2025-10-24 12:21:23',NULL,193,NULL),(190,'MP25060115',9,NULL,NULL,1,'90217',NULL,'6550306',2550.00,2550.00,'almacenado',NULL,NULL,'Alta manual. Fabricante: —',22,NULL,'2025-06-16 09:23:18','2025-08-12 09:18:22',NULL,194,NULL),(191,'MP25060106',9,NULL,NULL,1,'90217',NULL,'6550308',2546.00,2546.00,'almacenado',NULL,NULL,'Alta manual. Fabricante: —',22,NULL,'2025-06-16 09:27:40','2025-08-12 09:18:22',NULL,195,NULL),(192,'MP25060109',9,NULL,NULL,1,'90217',NULL,'6550307',2540.00,2540.00,'asignado_salida',NULL,NULL,'Alta manual. Fabricante: —',22,NULL,'2025-06-16 09:29:55','2025-09-15 23:31:46',NULL,196,NULL),(220,'MP25060256',16,NULL,NULL,1,'94559',NULL,'6399389',2545.00,2545.00,'almacenado',NULL,NULL,'Alta manual. Fabricante: —',28,NULL,'2025-06-16 10:49:01','2025-08-12 09:18:22',NULL,224,NULL),(221,'MP25060291',30,NULL,NULL,1,'96526',NULL,'8018919',4036.00,3957.02,'fabricando',NULL,NULL,NULL,NULL,3,'2025-06-16 11:10:49','2025-08-27 12:43:42',NULL,225,NULL),(222,'MP25060296',30,NULL,NULL,1,'96548',NULL,'8019390',4044.00,0.00,'consumido',NULL,NULL,NULL,NULL,NULL,'2025-06-16 11:15:52','2025-11-17 00:41:52',NULL,225,NULL),(223,'MP25060299',30,NULL,NULL,1,'95140',NULL,'8007697',3742.00,2758.07,'fabricando',NULL,NULL,NULL,NULL,4,'2025-06-16 11:19:20','2025-10-30 20:59:13',NULL,225,NULL),(224,'MP25060292',30,NULL,NULL,1,'96946',NULL,'8022498',3586.00,3586.00,'almacenado',NULL,NULL,NULL,18,NULL,'2025-06-16 11:24:10','2025-08-12 09:18:22',NULL,225,NULL),(227,'MP25060290',30,NULL,NULL,1,'92846',NULL,'6315040',3912.00,3912.00,'almacenado',NULL,NULL,NULL,18,NULL,'2025-06-16 11:28:05','2025-08-12 09:18:22',NULL,225,NULL),(230,'MP25060297',30,NULL,NULL,1,'92846',NULL,'6316750',3902.00,3902.00,'almacenado',NULL,NULL,NULL,18,NULL,'2025-06-16 11:31:26','2025-08-12 09:18:22',NULL,225,NULL),(261,'MP25060244',21,NULL,NULL,1,'90270',NULL,'2985040',2740.00,0.00,'consumido',NULL,NULL,'Alta manual. Fabricante: —',NULL,NULL,'2025-06-16 18:58:19','2025-10-21 10:52:09',NULL,249,NULL),(272,'MP25060211',17,NULL,NULL,1,'96842',NULL,'2935986',2535.00,0.00,'consumido',NULL,NULL,'Alta manual. Fabricante: —',NULL,NULL,'2025-06-16 19:28:59','2025-10-24 07:04:51',NULL,260,NULL),(273,'MP25060238',17,NULL,NULL,1,'96842',NULL,'2935998',2505.00,2505.00,'almacenado',NULL,NULL,'Alta manual. Fabricante: —',20,NULL,'2025-06-16 19:30:14','2025-08-12 09:18:22',NULL,261,NULL),(274,'MP25060204',17,NULL,NULL,1,'96842',NULL,'2935992',2560.00,2560.00,'almacenado',NULL,NULL,'Alta manual. Fabricante: —',20,NULL,'2025-06-16 19:31:39','2025-08-12 09:18:22',NULL,262,NULL),(275,'MP25060240',17,NULL,NULL,1,'96842',NULL,'2935988',2535.00,2535.00,'almacenado',NULL,NULL,'Alta manual. Fabricante: —',20,NULL,'2025-06-16 19:33:00','2025-08-12 09:18:22',NULL,263,NULL),(278,'MP25060229',17,NULL,NULL,1,'37183',NULL,'2975942',2620.00,2620.00,'almacenado',NULL,NULL,'Alta manual. Fabricante: —',23,NULL,'2025-06-16 19:39:18','2025-08-12 09:18:22',NULL,266,NULL),(281,'MP25060231',17,NULL,NULL,1,'96842',NULL,'293584',2500.00,2500.00,'almacenado',NULL,NULL,'Alta manual. Fabricante: —',23,NULL,'2025-06-16 19:43:05','2025-08-12 09:18:22',NULL,269,NULL),(284,'MP25060162',17,NULL,NULL,1,'96842',NULL,'2935981',2500.00,2500.00,'almacenado',NULL,NULL,'Alta manual. Fabricante: —',23,NULL,'2025-06-16 19:46:32','2025-08-12 09:18:22',NULL,272,NULL),(285,'MP25060233',17,NULL,NULL,1,'96842',NULL,'2935983',2500.00,2500.00,'almacenado',NULL,NULL,'Alta manual. Fabricante: —',23,NULL,'2025-06-16 19:48:01','2025-08-12 09:18:22',NULL,273,NULL),(288,'MP25060247',31,NULL,NULL,1,'95539',NULL,'8010916',4344.00,111.05,'consumido',NULL,NULL,NULL,NULL,NULL,'2025-06-17 10:03:04','2025-08-20 11:38:56',NULL,276,NULL),(289,'MP25060266',31,NULL,NULL,1,'95543',NULL,'8010987',4358.00,125.05,'consumido',NULL,NULL,NULL,NULL,NULL,'2025-06-17 10:07:44','2025-08-20 17:39:58',NULL,276,NULL),(290,'MP25060246',31,NULL,NULL,1,'95543',NULL,'8010986',4474.00,4474.00,'consumido',NULL,NULL,NULL,NULL,NULL,'2025-06-17 10:13:51','2025-08-12 09:18:22',NULL,276,NULL),(291,'MP25060220',31,NULL,NULL,1,'90640',NULL,'8043443',3196.00,3196.00,'fabricando',NULL,NULL,NULL,NULL,NULL,'2025-06-17 10:20:41','2025-08-12 09:18:22',NULL,276,NULL),(292,'MP25060245',31,NULL,NULL,1,'90640',NULL,'8043422',3168.00,112.63,'consumido',NULL,NULL,NULL,NULL,NULL,'2025-06-17 10:24:53','2025-08-20 17:26:39',NULL,276,NULL),(293,'MP25060201',31,NULL,NULL,1,'90640',NULL,'8043445',3186.00,3186.00,'consumido',NULL,NULL,NULL,NULL,NULL,'2025-06-17 10:27:45','2025-08-12 09:18:22',NULL,276,NULL),(294,'MP25060224',31,NULL,NULL,1,'90641',NULL,'8043424',3184.00,1051.72,'fabricando',NULL,NULL,NULL,NULL,NULL,'2025-06-17 10:33:47','2025-08-20 17:40:16',NULL,276,NULL),(305,'MP25060390',29,NULL,NULL,1,'90426',NULL,'8042623',3110.00,2880.76,'fabricando','2025-06-23 10:35:42',66,'Alta manual. Fabricante: —',NULL,NULL,'2025-06-18 07:43:35','2025-08-21 05:26:37',NULL,278,NULL),(306,'MP25060398',29,NULL,NULL,1,'99481',NULL,'8035808',3150.00,0.00,'consumido',NULL,NULL,'Alta manual. Fabricante: —',NULL,NULL,'2025-06-18 07:44:32','2025-11-17 16:45:18',NULL,279,NULL),(307,'MP25060384',29,NULL,NULL,1,'99481',NULL,'8042625',3080.00,3080.00,'consumido',NULL,NULL,'Alta manual. Fabricante: —',NULL,NULL,'2025-06-18 07:45:16','2025-11-14 04:59:26',NULL,280,NULL),(309,'MP25060236',29,NULL,NULL,1,'90426',NULL,'8042610',3020.00,2241.20,'fabricando',NULL,NULL,'Alta manual. Fabricante: —',NULL,5,'2025-06-18 07:51:06','2025-12-09 12:26:12',NULL,282,NULL),(310,'MP25060215',30,NULL,NULL,1,'98780',NULL,'8031727',3960.00,3960.00,'almacenado',NULL,NULL,'Alta manual. Fabricante: —',18,NULL,'2025-06-18 07:52:24','2025-08-12 09:18:22',NULL,283,NULL),(311,'MP25060202',31,NULL,NULL,1,'90069',NULL,'8039689',2880.00,1444.49,'consumido',NULL,NULL,'Alta manual. Fabricante: —',NULL,NULL,'2025-06-18 07:54:09','2025-10-14 11:30:38',NULL,284,NULL),(334,'MP25060314',32,NULL,NULL,1,'99726',NULL,'8037954',2960.00,0.00,'consumido',NULL,NULL,'Alta manual. Fabricante: —',NULL,NULL,'2025-06-18 08:51:36','2025-08-22 09:38:58',NULL,301,NULL),(338,'MP25060305',32,NULL,NULL,1,'99715',NULL,'8037689',3220.00,0.00,'consumido',NULL,NULL,'Alta manual. Fabricante: —',NULL,NULL,'2025-06-18 08:53:50','2025-08-22 09:39:25',NULL,304,NULL),(342,'MP25060381',33,NULL,NULL,1,'-',NULL,'-',3132.00,0.00,'consumido',NULL,NULL,'Alta manual. Fabricante: —',NULL,NULL,'2025-06-18 08:55:41','2025-10-28 11:59:19',NULL,307,NULL),(345,'MP25060313',32,NULL,NULL,1,'99699',NULL,'8037422',3220.00,2232.74,'fabricando',NULL,NULL,'Alta manual. Fabricante: —',NULL,NULL,'2025-06-18 08:58:55','2025-08-22 09:40:37',NULL,310,NULL),(346,'MP25060336',30,NULL,NULL,1,'36113',NULL,'8032033',3350.00,3350.00,'almacenado',NULL,NULL,'Alta manual. Fabricante: —',24,NULL,'2025-06-18 08:59:49','2025-08-12 09:18:22',NULL,311,NULL),(348,'MP25060380',32,NULL,NULL,1,'90250',NULL,'8040662',3196.00,0.00,'consumido',NULL,NULL,'Alta manual. Fabricante: —',NULL,NULL,'2025-06-18 09:02:35','2025-09-10 08:08:54',NULL,313,NULL),(350,'MP25060327',32,NULL,NULL,1,'90250',NULL,'0804661',3210.00,0.00,'consumido',NULL,NULL,'Alta manual. Fabricante: —',NULL,NULL,'2025-06-18 09:04:12','2025-09-10 08:09:18',NULL,315,NULL),(352,'MP25060309',30,NULL,NULL,1,'98788',NULL,'8031974',3722.00,3722.00,'almacenado',NULL,NULL,'Alta manual. Fabricante: —',25,NULL,'2025-06-18 10:23:53','2025-09-25 07:19:52',NULL,317,NULL),(353,'MP25060333',30,NULL,NULL,1,'98788',NULL,'-',4090.00,4090.00,'almacenado',NULL,NULL,'Alta manual. Fabricante: —',25,NULL,'2025-06-18 10:24:38','2025-09-25 07:20:16',NULL,318,NULL),(354,'MP25060304',30,NULL,NULL,1,'98788',NULL,'-',4090.00,4090.00,'almacenado',NULL,NULL,'Alta manual. Fabricante: —',25,NULL,'2025-06-18 10:25:13','2025-09-25 07:26:15',NULL,319,NULL),(355,'MP25060388',30,NULL,NULL,1,'98081',NULL,'6278190',5090.00,5090.00,'almacenado',NULL,NULL,'Alta manual. Fabricante: —',25,NULL,'2025-06-18 10:26:17','2025-09-25 07:27:06',NULL,320,NULL),(356,'MP25060326',30,NULL,NULL,1,'98081',NULL,'-',2800.00,2800.00,'almacenado',NULL,NULL,'Alta manual. Fabricante: —',25,NULL,'2025-06-18 10:28:34','2025-09-25 07:28:53',NULL,321,NULL),(357,'MP25060399',32,NULL,NULL,1,'99715',NULL,'8037712',3248.00,0.00,'consumido',NULL,NULL,'Alta manual. Fabricante: —',NULL,NULL,'2025-06-18 10:31:59','2025-11-12 20:22:10',NULL,322,NULL),(359,'MP25060329',30,NULL,NULL,1,'99715',NULL,'-',2800.00,2800.00,'almacenado',NULL,NULL,'Alta manual. Fabricante: —',25,NULL,'2025-06-18 10:35:09','2025-09-25 07:29:04',NULL,324,NULL),(361,'MP25060312',31,NULL,NULL,1,'90657',NULL,'184457',4978.00,4978.00,'consumido',NULL,NULL,'Alta manual. Fabricante: —',NULL,NULL,'2025-06-18 10:37:24','2025-08-12 09:18:22',NULL,326,NULL),(364,'MP25060317',29,NULL,NULL,1,'90420',NULL,'8042446',3004.00,0.00,'consumido',NULL,NULL,'Alta manual. Fabricante: —',NULL,NULL,'2025-06-18 10:38:47','2025-11-17 16:56:26',NULL,329,NULL),(368,'MP25060302',29,NULL,NULL,1,'90428',NULL,'8042666',3000.00,0.00,'consumido',NULL,NULL,'Alta manual. Fabricante: —',NULL,NULL,'2025-06-18 10:41:56','2025-11-17 16:45:18',NULL,333,NULL),(369,'MP25060321',29,NULL,NULL,1,'90419',NULL,'8042440',2986.00,2771.95,'fabricando',NULL,NULL,'Alta manual. Fabricante: —',NULL,4,'2025-06-18 10:42:14','2025-11-18 16:35:29',NULL,334,NULL),(373,'MP25060225',29,NULL,NULL,1,'99913',NULL,'8038383',2938.00,2938.00,'almacenado',NULL,NULL,'Alta manual. Fabricante: —',26,NULL,'2025-06-18 10:49:26','2025-08-12 09:18:22',NULL,338,NULL),(374,'MP25060387',31,NULL,NULL,1,'95975',NULL,'8014685',4830.00,1682.49,'fabricando',NULL,NULL,'Alta manual. Fabricante: —',NULL,3,'2025-06-18 10:50:58','2025-10-30 20:25:03',NULL,339,NULL),(375,'MP25060385',31,NULL,NULL,1,'90657',NULL,'184458',4588.00,0.00,'consumido',NULL,NULL,'Alta manual. Fabricante: —',NULL,NULL,'2025-06-18 10:55:09','2025-11-16 23:20:01',NULL,340,NULL),(378,'MP25060338',32,NULL,NULL,1,'90283',NULL,'8041639',3180.00,0.00,'consumido',NULL,NULL,'Alta manual. Fabricante: —',NULL,NULL,'2025-06-18 11:00:14','2025-11-17 17:58:59',NULL,343,NULL),(379,'MP25060475',29,NULL,NULL,1,'90428',NULL,'8042683',3060.00,3060.00,'almacenado',NULL,NULL,'Alta manual. Fabricante: —',26,NULL,'2025-06-18 11:20:19','2025-08-12 09:18:22',NULL,344,NULL),(380,'MP25060420',29,NULL,NULL,1,'99913',NULL,'8038406',2990.00,2990.00,'almacenado',NULL,NULL,'Alta manual. Fabricante: —',26,NULL,'2025-06-18 11:21:56','2025-08-12 09:18:22',NULL,345,NULL),(381,'MP25060485',31,NULL,NULL,1,'90657',NULL,'184456',4406.00,4016.38,'fabricando',NULL,NULL,'Alta manual. Fabricante: —',NULL,2,'2025-06-18 11:23:49','2025-12-09 22:49:27',NULL,346,NULL),(386,'MP25060422',30,NULL,NULL,1,'96954',NULL,'8022746',4694.00,4694.00,'almacenado',NULL,NULL,'Alta manual. Fabricante: —',26,NULL,'2025-06-18 11:36:31','2025-08-12 09:18:22',NULL,351,NULL),(387,'MP25060480',30,NULL,NULL,1,'96954',NULL,'-',2500.00,2500.00,'almacenado',NULL,NULL,'Alta manual. Fabricante: —',26,NULL,'2025-06-18 11:40:54','2025-08-12 09:18:22',NULL,352,NULL),(388,'MP25060438',29,NULL,NULL,1,'90424',NULL,'8042599',3065.00,3065.00,'almacenado',NULL,NULL,'Alta manual. Fabricante: —',26,NULL,'2025-06-18 11:43:12','2025-08-12 09:18:22',NULL,353,NULL),(393,'MP25060444',29,NULL,NULL,1,'90419',NULL,'8042457',3006.00,3006.00,'almacenado',NULL,NULL,'Alta manual. Fabricante: —',26,NULL,'2025-06-18 11:55:29','2025-08-12 09:18:22',NULL,358,NULL),(394,'MP25060433',29,NULL,NULL,1,'90426',NULL,'8042608',3020.00,3020.00,'almacenado',NULL,NULL,'Alta manual. Fabricante: —',26,NULL,'2025-06-18 11:56:53','2025-08-12 09:18:22',NULL,359,NULL),(395,'MP25060460',29,NULL,NULL,1,'90420',NULL,'8042459',3050.00,3050.00,'almacenado',NULL,NULL,'Alta manual. Fabricante: —',26,NULL,'2025-06-18 11:59:35','2025-08-12 09:18:22',NULL,360,NULL),(396,'MP25060419',29,NULL,NULL,1,'90419',NULL,'8042453',3010.00,3010.00,'almacenado',NULL,NULL,'Alta manual. Fabricante: —',26,NULL,'2025-06-18 12:01:15','2025-08-12 09:18:22',NULL,361,NULL),(397,'MP25060437',29,NULL,NULL,1,'90419',NULL,'8042436',3008.00,3008.00,'almacenado',NULL,NULL,'Alta manual. Fabricante: —',26,NULL,'2025-06-18 12:01:55','2025-08-12 09:18:22',NULL,362,NULL),(399,'MP25060434',29,NULL,NULL,1,'90419',NULL,'8042455',3040.00,3040.00,'almacenado',NULL,NULL,'Alta manual. Fabricante: —',26,NULL,'2025-06-18 12:03:26','2025-08-12 09:18:22',NULL,364,NULL),(401,'MP25060431',29,NULL,NULL,1,'90419',NULL,'8042438',3008.00,3008.00,'almacenado',NULL,NULL,'Alta manual. Fabricante: —',26,NULL,'2025-06-18 12:05:35','2025-08-12 09:18:22',NULL,366,NULL),(404,'MP25060487',32,NULL,NULL,1,'90283',NULL,'8041641',3180.00,2365.25,'fabricando',NULL,NULL,'Alta manual. Fabricante: —',NULL,3,'2025-06-18 12:07:36','2025-12-02 22:26:35',NULL,369,NULL),(405,'MP25060427',31,NULL,NULL,1,'28348',NULL,'183937',4890.00,4158.16,'almacenado',NULL,NULL,'Alta manual. Fabricante: —',1,NULL,'2025-06-18 12:09:11','2025-12-01 09:22:53',NULL,370,NULL),(406,'MP25060473',32,NULL,NULL,1,'99725',NULL,'8037938',3130.00,3130.00,'almacenado',NULL,NULL,'Alta manual. Fabricante: —',26,NULL,'2025-06-18 12:09:13','2025-08-12 09:18:22',NULL,371,NULL),(407,'MP25060425',31,NULL,NULL,1,'28348',NULL,'183938',5020.00,5020.00,'almacenado',NULL,NULL,'Alta manual. Fabricante: —',26,NULL,'2025-06-18 12:10:10','2025-08-12 09:18:22',NULL,372,NULL),(408,'MP25060479',32,NULL,NULL,1,'99684',NULL,'184063',2880.00,2880.00,'almacenado',NULL,NULL,'Alta manual. Fabricante: —',26,NULL,'2025-06-18 12:11:22','2025-08-12 09:18:22',NULL,373,NULL),(409,'MP25060440',32,NULL,NULL,1,'90283',NULL,'8041626',3230.00,3230.00,'almacenado',NULL,NULL,'Alta manual. Fabricante: —',26,NULL,'2025-06-18 12:11:44','2025-08-12 09:18:22',NULL,374,NULL),(410,'MP25060496',32,NULL,NULL,1,'99684',NULL,'184062',2800.00,2800.00,'almacenado',NULL,NULL,'Alta manual. Fabricante: —',26,NULL,'2025-06-18 12:13:16','2025-08-12 09:18:22',NULL,375,NULL),(413,'MP25060497',32,NULL,NULL,1,'99683',NULL,'8037000',4585.00,4585.00,'almacenado',NULL,NULL,'Alta manual. Fabricante: —',26,NULL,'2025-06-18 12:14:53','2025-08-12 09:18:22',NULL,378,NULL),(417,'MP25060451',32,NULL,NULL,1,'99694',NULL,'8037263',4560.00,4560.00,'almacenado',NULL,NULL,'Alta manual. Fabricante: —',26,NULL,'2025-06-18 12:18:49','2025-08-12 09:18:22',NULL,382,NULL),(419,'MP25060499',32,NULL,NULL,1,'90245',NULL,'8040510',4840.00,4840.00,'almacenado',NULL,NULL,'Alta manual. Fabricante: —',26,NULL,'2025-06-18 12:20:50','2025-08-12 09:18:22',NULL,384,NULL),(420,'MP25060498',32,NULL,NULL,1,'90246',NULL,'8040522',4690.00,4690.00,'almacenado',NULL,NULL,'Alta manual. Fabricante: —',26,NULL,'2025-06-18 12:22:15','2025-08-12 09:18:22',NULL,385,NULL),(422,'MP25060453',30,NULL,NULL,1,'91561',NULL,'183967',5198.00,5198.00,'almacenado',NULL,NULL,'Alta manual. Fabricante: —',26,NULL,'2025-06-18 12:23:37','2025-08-12 09:18:22',NULL,387,NULL),(423,'MP25060400',32,NULL,NULL,1,'99694',NULL,'8037290',4060.00,4060.00,'almacenado',NULL,NULL,'Alta manual. Fabricante: —',26,NULL,'2025-06-18 12:24:13','2025-08-12 09:18:22',NULL,388,NULL),(424,'MP25060491',30,NULL,NULL,1,'91560',NULL,'183969',4882.00,4882.00,'almacenado',NULL,NULL,'Alta manual. Fabricante: —',26,NULL,'2025-06-18 12:24:56','2025-08-12 09:18:22',NULL,389,NULL),(426,'MP25060490',32,NULL,NULL,1,'90283',NULL,'8041628',4000.00,4000.00,'almacenado',NULL,NULL,'Alta manual. Fabricante: —',26,NULL,'2025-06-18 14:47:45','2025-08-12 09:18:22',NULL,391,NULL),(427,'MP25060414',32,NULL,NULL,1,'90245',NULL,'8040512',4780.00,4780.00,'almacenado',NULL,NULL,'Alta manual. Fabricante: —',26,NULL,'2025-06-18 15:05:13','2025-08-12 09:18:22',NULL,392,NULL),(428,'MP25060401',30,NULL,NULL,1,'92254',NULL,'184148',4708.00,4708.00,'almacenado',NULL,NULL,'Alta manual. Fabricante: —',26,NULL,'2025-06-18 15:47:26','2025-08-12 09:18:22',NULL,393,NULL),(429,'MP25060459',30,NULL,NULL,1,'8038428',NULL,'99914',3094.00,3094.00,'almacenado',NULL,NULL,'Alta manual. Fabricante: —',41,NULL,'2025-06-18 15:57:02','2025-08-12 09:18:22',NULL,394,NULL),(430,'MP25060415',30,NULL,NULL,1,'90428',NULL,'8042668',2990.00,2990.00,'almacenado',NULL,NULL,'Alta manual. Fabricante: —',41,NULL,'2025-06-18 15:58:27','2025-08-12 09:18:22',NULL,395,NULL),(442,'MP25060552',29,NULL,NULL,1,'90416',NULL,'8042351',2930.00,2930.00,'fabricando',NULL,NULL,NULL,NULL,NULL,'2025-06-20 08:46:41','2025-08-12 09:18:22',NULL,407,NULL),(443,'MP25060528',29,NULL,NULL,1,'90416',NULL,'8042334',3210.00,2782.64,'fabricando',NULL,NULL,NULL,NULL,NULL,'2025-06-20 08:48:32','2025-08-25 19:58:47',NULL,407,NULL),(444,'MP25060549',29,NULL,NULL,1,'90413',NULL,'8042305',2942.00,2942.00,'almacenado',NULL,NULL,NULL,41,NULL,'2025-06-20 09:22:54','2025-08-12 09:18:22',NULL,407,NULL),(445,'MP25060545',29,NULL,NULL,1,'90414',NULL,'8042313',2940.00,2940.00,'almacenado',NULL,NULL,NULL,41,NULL,'2025-06-20 09:23:38','2025-08-12 09:18:22',NULL,407,NULL),(446,'MP25060503',29,NULL,NULL,1,'90414',NULL,'8042311',2942.00,2942.00,'almacenado',NULL,NULL,NULL,41,NULL,'2025-06-20 09:24:36','2025-08-12 09:18:22',NULL,407,NULL),(447,'MP25060502',29,NULL,NULL,1,'90414',NULL,'8042309',2940.00,2940.00,'almacenado',NULL,NULL,NULL,41,NULL,'2025-06-20 09:25:09','2025-08-12 09:18:22',NULL,407,NULL),(448,'MP25060525',29,NULL,NULL,1,'90413',NULL,'8042307',2936.00,2936.00,'almacenado',NULL,NULL,NULL,41,NULL,'2025-06-20 09:26:06','2025-08-12 09:18:22',NULL,407,NULL),(449,'MP25060524',29,NULL,NULL,1,'90416',NULL,'8042332',3182.00,3050.88,'fabricando',NULL,NULL,NULL,NULL,2,'2025-06-20 09:28:16','2025-12-09 22:49:27',NULL,407,NULL),(450,'MP25060597',31,NULL,NULL,1,'90636',NULL,'8043314',2902.00,2902.00,'almacenado',NULL,NULL,NULL,9,NULL,'2025-06-20 11:12:05','2025-08-12 09:18:22',NULL,408,NULL),(451,'MP25060515',31,NULL,NULL,1,'90636',NULL,'8043335',2892.00,2892.00,'almacenado',NULL,NULL,NULL,9,NULL,'2025-06-20 11:12:39','2025-08-12 09:18:22',NULL,408,NULL),(452,'MP25060560',31,NULL,NULL,1,'90631',NULL,'8043222',3244.00,3244.00,'almacenado',NULL,NULL,NULL,9,NULL,'2025-06-20 11:13:23','2025-08-12 09:18:22',NULL,408,NULL),(453,'MP25060562',31,NULL,NULL,1,'90636',NULL,'8043333',2890.00,2890.00,'almacenado',NULL,NULL,NULL,9,NULL,'2025-06-20 11:14:26','2025-08-12 09:18:22',NULL,408,NULL),(454,'MP25060559',31,NULL,NULL,1,'90636',NULL,'8043312',2902.00,2902.00,'almacenado',NULL,NULL,NULL,9,NULL,'2025-06-20 11:16:02','2025-08-12 09:18:22',NULL,408,NULL),(455,'MP25060523',31,NULL,NULL,1,'90631',NULL,'8043235',3184.00,2799.62,'fabricando',NULL,NULL,NULL,NULL,5,'2025-06-20 11:17:05','2025-12-09 11:59:55',NULL,408,NULL),(456,'MP25060561',31,NULL,NULL,1,'90631',NULL,'8043239',3188.00,3188.00,'almacenado',NULL,NULL,NULL,18,NULL,'2025-06-20 11:17:48','2025-08-12 09:18:22',NULL,408,NULL),(457,'MP25060556',31,NULL,NULL,1,'90631',NULL,'8043220',3232.00,3232.00,'almacenado',NULL,NULL,NULL,18,NULL,'2025-06-20 11:18:54','2025-08-12 09:18:22',NULL,408,NULL),(458,'MP25060555',31,NULL,NULL,1,'90631',NULL,'8043241',3194.00,3194.00,'almacenado',NULL,NULL,NULL,18,NULL,'2025-06-20 11:19:56','2025-08-12 09:18:22',NULL,408,NULL),(459,'MP25060564',31,NULL,NULL,1,'90631',NULL,'8043188',3200.00,3200.00,'almacenado',NULL,NULL,NULL,9,NULL,'2025-06-20 11:35:47','2025-08-12 09:18:22',NULL,409,NULL),(460,'MP25060566',31,NULL,NULL,1,'90631',NULL,'8043229',3194.00,3194.00,'almacenado',NULL,NULL,NULL,9,NULL,'2025-06-20 11:39:31','2025-08-12 09:18:22',NULL,409,NULL),(461,'MP25060509',31,NULL,NULL,1,'90631',NULL,'8043208',3212.00,633.98,'fabricando',NULL,NULL,NULL,NULL,NULL,'2025-06-20 11:41:46','2025-08-20 17:11:28',NULL,409,NULL),(462,'MP25060568',31,NULL,NULL,1,'90631',NULL,'8043206',3228.00,3228.00,'almacenado',NULL,NULL,NULL,9,NULL,'2025-06-20 11:43:28','2025-08-12 09:18:22',NULL,409,NULL),(463,'MP25060565',31,NULL,NULL,1,'90630',NULL,'8043205',3216.00,3216.00,'almacenado',NULL,NULL,NULL,9,NULL,'2025-06-20 11:51:35','2025-08-12 09:18:22',NULL,409,NULL),(464,'MP25060594',31,NULL,NULL,1,'90631',NULL,'8043186',3220.00,3220.00,'almacenado',NULL,NULL,NULL,9,NULL,'2025-06-20 11:53:35','2025-08-12 09:18:22',NULL,409,NULL),(465,'MP25060563',31,NULL,NULL,1,'90631',NULL,'8043207',3208.00,3208.00,'almacenado',NULL,NULL,NULL,9,NULL,'2025-06-20 11:56:34','2025-08-12 09:18:22',NULL,409,NULL),(466,'MP25060584',31,NULL,NULL,1,'90631',NULL,'8043192',3202.00,3202.00,'almacenado',NULL,NULL,NULL,9,NULL,'2025-06-20 11:58:18','2025-08-12 09:18:22',NULL,409,NULL),(468,'MP25060576',32,NULL,NULL,1,'90278',NULL,'8041487',3220.00,3220.00,'almacenado',NULL,NULL,NULL,10,NULL,'2025-06-20 12:45:22','2025-08-12 09:18:22',NULL,410,NULL),(469,'MP25060573',32,NULL,NULL,1,'90278',NULL,'8041476',3200.00,3200.00,'almacenado',NULL,NULL,NULL,10,NULL,'2025-06-20 12:47:47','2025-08-12 09:18:22',NULL,410,NULL),(470,'MP25060572',32,NULL,NULL,1,'90278',NULL,'8041436',3200.00,3200.00,'almacenado',NULL,NULL,NULL,10,NULL,'2025-06-20 12:50:16','2025-08-12 09:18:22',NULL,410,NULL),(471,'MP25060514',32,NULL,NULL,1,'90277',NULL,'8041466',3200.00,3200.00,'almacenado',NULL,NULL,NULL,9,NULL,'2025-06-20 12:56:28','2025-08-12 09:18:22',NULL,410,NULL),(472,'MP25060599',32,NULL,NULL,1,'90277',NULL,'8041481',3220.00,3220.00,'almacenado',NULL,NULL,NULL,9,NULL,'2025-06-20 13:00:55','2025-08-12 09:18:22',NULL,410,NULL),(473,'MP25060569',32,NULL,NULL,1,'90278',NULL,'8041468',3190.00,3190.00,'almacenado',NULL,NULL,NULL,9,NULL,'2025-06-20 13:11:28','2025-08-12 09:18:22',NULL,410,NULL),(474,'MP25060574',32,NULL,NULL,1,'90278',NULL,'8041483',3220.00,3220.00,'almacenado',NULL,NULL,NULL,9,NULL,'2025-06-20 13:14:40','2025-08-12 09:18:22',NULL,410,NULL),(475,'MP25060456',21,NULL,NULL,1,'90891',NULL,'2996676',2600.00,1582.72,'fabricando',NULL,NULL,NULL,NULL,1,'2025-06-20 13:38:11','2025-11-17 21:24:29',NULL,411,NULL),(476,'MP25060311',21,NULL,NULL,1,'90891',NULL,'2996681',2600.00,2600.00,'almacenado',NULL,NULL,NULL,6,NULL,'2025-06-20 13:38:11','2025-08-12 09:18:22',NULL,411,NULL),(477,'MP25060468',21,NULL,NULL,1,'90891',NULL,'2996676',2580.00,2580.00,'almacenado',NULL,NULL,NULL,6,NULL,'2025-06-20 13:49:43','2025-08-12 09:18:22',NULL,411,NULL),(478,'MP25060429',21,NULL,NULL,1,'90891',NULL,'2996677',2580.00,2580.00,'almacenado',NULL,NULL,NULL,6,NULL,'2025-06-20 13:49:43','2025-08-12 09:18:22',NULL,411,NULL),(479,'MP25060469',21,NULL,NULL,1,'90891',NULL,'2996679',2607.50,2607.50,'almacenado',NULL,NULL,NULL,6,NULL,'2025-06-20 13:54:37','2025-08-12 09:18:22',NULL,411,NULL),(480,'MP25060478',21,NULL,NULL,1,'90891',NULL,'2996690',2607.50,2607.50,'consumido',NULL,NULL,NULL,NULL,NULL,'2025-06-20 13:54:37','2025-08-12 09:18:22',NULL,411,NULL),(481,'MP25060402',21,NULL,NULL,1,'90891',NULL,'2996687',2607.50,2607.50,'almacenado',NULL,NULL,NULL,6,NULL,'2025-06-20 13:59:08','2025-08-12 09:18:22',NULL,411,NULL),(482,'MP25060470',24,7,NULL,1,'90891',NULL,'2996680',2607.50,1497.73,'fabricando',NULL,NULL,NULL,NULL,1,'2025-06-20 13:59:08','2025-11-17 21:28:46',NULL,411,1),(483,'MP25060557',21,NULL,NULL,1,'90891',NULL,'2996692',2605.00,2605.00,'almacenado',NULL,NULL,NULL,6,NULL,'2025-06-20 14:03:30','2025-08-12 09:18:22',NULL,411,NULL),(484,'MP25060558',21,NULL,NULL,1,'90892',NULL,'2996693',2605.00,2605.00,'almacenado',NULL,NULL,NULL,6,NULL,'2025-06-20 14:03:30','2025-08-12 09:18:22',NULL,411,NULL),(485,'MP25060800',33,NULL,NULL,1,'nv148476',NULL,'PAQ002',22500.00,15451.58,'fabricando',NULL,NULL,NULL,NULL,2,'2025-06-22 18:14:30','2025-12-01 09:02:54',NULL,412,NULL),(490,'MP25060396',30,NULL,NULL,1,'90428',NULL,'PAQ008',24000.00,23667.35,'fabricando',NULL,NULL,NULL,NULL,2,'2025-07-14 14:51:20','2025-12-09 22:48:16',NULL,417,NULL),(512,'MP25070700',32,NULL,NULL,1,'90245',NULL,'250',2500.00,2500.00,'almacenado',NULL,NULL,NULL,26,NULL,'2025-07-15 09:24:50','2025-08-12 09:18:22',NULL,436,NULL),(513,'MP25070689',32,NULL,NULL,1,'90245',NULL,'654',2500.00,2500.00,'almacenado',NULL,NULL,NULL,26,NULL,'2025-07-15 09:33:17','2025-08-12 09:18:22',NULL,436,1),(514,'MP25070686',32,NULL,NULL,1,'90245',NULL,'978',1294.00,0.00,'consumido',NULL,NULL,NULL,NULL,NULL,'2025-07-15 09:45:04','2025-12-02 22:26:11',NULL,436,NULL),(515,'MP25070690',32,NULL,NULL,1,'897',NULL,'6574',1294.00,880.41,'fabricando',NULL,NULL,NULL,NULL,2,'2025-07-15 09:45:04','2025-11-26 10:36:34',NULL,436,NULL),(517,'MP25070660',18,NULL,NULL,1,'654',NULL,'654',7000.00,0.00,'consumido',NULL,NULL,NULL,NULL,NULL,'2025-07-31 07:09:45','2025-10-20 17:14:35',NULL,437,NULL),(522,'MP02020202',18,NULL,NULL,1,'1654',NULL,'65465',32732.50,0.00,'consumido','2025-08-17 20:23:32',4,NULL,NULL,NULL,'2025-07-31 07:59:51','2025-08-17 18:23:32',NULL,437,1),(526,'MP25080002',31,NULL,NULL,1,'28348',NULL,'156',48000.00,43361.74,'fabricando',NULL,NULL,NULL,NULL,4,'2025-08-18 14:04:25','2025-11-17 02:40:30',NULL,439,NULL),(527,'MP25080003',31,NULL,NULL,NULL,'28348',NULL,'1564',45000.00,45000.00,'almacenado',NULL,NULL,NULL,23,NULL,'2025-08-18 14:12:17','2025-08-18 14:12:17',NULL,440,NULL),(528,'MP25080009',25,NULL,NULL,1,'28348',NULL,'654768',15000.00,13333.37,'fabricando',NULL,NULL,'Alta manual. Fabricante: —',NULL,15,'2025-08-20 16:03:19','2025-12-03 14:16:05',NULL,441,1),(534,'MP25080148',23,NULL,NULL,NULL,'564',NULL,'1654',5000.00,5000.00,'almacenado',NULL,NULL,NULL,1,NULL,'2025-08-21 09:29:45','2025-08-21 09:29:45',NULL,447,NULL),(535,'MP25080149',23,NULL,NULL,NULL,'564',NULL,'165468',6000.00,6000.00,'almacenado',NULL,NULL,NULL,1,NULL,'2025-08-21 09:30:17','2025-08-21 09:30:17',NULL,447,NULL),(536,'MP25080151',22,NULL,NULL,1,'564',NULL,'65456',6000.00,0.00,'consumido',NULL,NULL,NULL,NULL,NULL,'2025-08-21 09:34:22','2025-10-21 10:09:17',NULL,448,NULL),(537,'MP25080156',31,NULL,NULL,1,'28348',NULL,'54',687684.00,0.00,'consumido','2025-10-20 13:07:35',1,NULL,NULL,NULL,'2025-08-21 09:35:43','2025-10-20 11:07:35',NULL,449,NULL),(563,'MP25648548',31,2,NULL,1,'28348',NULL,'654',6000.00,6000.00,'consumido',NULL,NULL,NULL,NULL,NULL,'2025-10-02 15:32:21','2025-10-14 10:35:05',NULL,467,NULL),(567,'MP25614854',31,2,NULL,1,'165',NULL,'15',12500.00,12500.00,'consumido',NULL,NULL,NULL,NULL,NULL,'2025-10-03 09:41:14','2025-10-14 11:16:25',NULL,469,NULL),(585,'MP25110101',20,NULL,NULL,1,'96842',NULL,'2935987',2500.00,0.00,'consumido',NULL,NULL,'Alta manual. Fabricante: —',NULL,NULL,'2025-10-20 12:38:00','2025-10-20 17:30:54',NULL,276,NULL),(586,'MP25110102',20,NULL,NULL,1,'96842',NULL,'2935988',2500.00,2500.00,'almacenado',NULL,NULL,'Alta manual. Fabricante: —',20,NULL,'2025-10-20 12:38:00','2025-10-20 12:38:00',NULL,276,NULL),(587,'MP25110103',20,NULL,NULL,1,'96842',NULL,'2935989',2500.00,2500.00,'almacenado',NULL,NULL,'Alta manual. Fabricante: —',21,NULL,'2025-10-20 12:38:00','2025-10-20 12:38:00',NULL,276,NULL),(588,'MP25110104',20,NULL,NULL,1,'96842',NULL,'2935990',2500.00,2500.00,'almacenado',NULL,NULL,'Alta manual. Fabricante: —',21,NULL,'2025-10-20 12:38:00','2025-10-20 12:38:00',NULL,276,NULL),(589,'MP25110105',20,NULL,NULL,1,'96842',NULL,'2935991',2500.00,2500.00,'almacenado',NULL,NULL,'Alta manual. Fabricante: —',22,NULL,'2025-10-20 12:38:00','2025-10-20 12:38:00',NULL,276,NULL),(590,'MP25110106',20,NULL,NULL,1,'96842',NULL,'2935992',2500.00,2500.00,'almacenado',NULL,NULL,'Alta manual. Fabricante: —',22,NULL,'2025-10-20 12:38:00','2025-10-20 12:38:00',NULL,276,NULL),(591,'MP25110107',20,NULL,NULL,1,'96842',NULL,'2935993',2500.00,2500.00,'almacenado',NULL,NULL,'Alta manual. Fabricante: —',23,NULL,'2025-10-20 12:38:00','2025-10-20 12:38:00',NULL,276,NULL),(592,'MP25111354',13,2,NULL,1,'165',NULL,'564',25000.00,20473.34,'fabricando',NULL,NULL,'Alta manual. Fabricante: MEGASA',NULL,1,'2025-10-20 15:40:07','2025-12-01 11:51:09',NULL,471,NULL),(593,'MP2511324156',18,2,NULL,1,'ASDF',NULL,'654',18000.00,0.00,'consumido',NULL,NULL,'Alta manual. Fabricante: MEGASA',NULL,NULL,'2025-10-20 17:41:35','2025-10-21 06:22:57',NULL,472,NULL),(594,'MP2565456',15,2,NULL,1,'ASDF',NULL,'564',25000.00,23461.11,'fabricando',NULL,NULL,'Alta manual. Fabricante: MEGASA',NULL,1,'2025-10-20 18:34:14','2025-11-17 21:12:28',NULL,473,NULL),(595,'MP251135468',18,2,NULL,1,'ASDF',NULL,'354',25000.00,1349.62,'fabricando',NULL,NULL,'Alta manual. Fabricante: MEGASA',NULL,1,'2025-10-21 07:10:57','2025-11-17 21:41:44',NULL,474,NULL),(596,'MP251167',22,2,NULL,1,'ASDF',NULL,'654',25000.00,2396.18,'fabricando',NULL,NULL,'Alta manual. Fabricante: MEGASA',NULL,1,'2025-10-21 10:49:22','2025-10-27 06:21:50',NULL,475,NULL),(597,'MP251165468',21,2,NULL,1,'ASDF',NULL,'354',25000.00,25000.00,'almacenado',NULL,NULL,'Alta manual. Fabricante: MEGASA',19,NULL,'2025-10-21 10:50:26','2025-10-21 10:50:26',NULL,476,NULL),(598,'MP251165464',10,2,NULL,1,'ASDF',NULL,'5645',25000.00,19555.92,'fabricando',NULL,NULL,'Alta manual. Fabricante: MEGASA',NULL,1,'2025-10-23 06:29:03','2025-11-17 21:03:17',NULL,477,NULL),(599,'MP2511354684',36,2,NULL,1,'NV15456',NULL,'35485',5000.00,5000.00,'almacenado',NULL,NULL,NULL,1,NULL,'2025-11-05 08:34:10','2025-11-05 08:34:10',NULL,478,NULL),(600,'MP251156789',36,2,NULL,1,'NV15456',NULL,'684647786',5000.00,5000.00,'almacenado',NULL,NULL,NULL,1,NULL,'2025-11-05 09:32:45','2025-11-05 09:32:45',NULL,478,NULL),(601,'MP25118745',36,2,NULL,1,'NV15456',NULL,'1657',5000.00,5000.00,'almacenado',NULL,NULL,NULL,1,NULL,'2025-11-05 10:18:28','2025-11-05 10:18:28',NULL,479,NULL),(602,'MP2511878',36,2,NULL,1,'NV15456',NULL,'684',5000.00,5000.00,'almacenado',NULL,NULL,NULL,1,NULL,'2025-11-05 10:19:24','2025-11-05 10:19:24',NULL,479,NULL),(603,'MP2511879',36,2,NULL,1,'NV15456',NULL,'65468',5000.00,5000.00,'almacenado',NULL,NULL,NULL,1,NULL,'2025-11-05 10:19:24','2025-11-05 10:19:24',NULL,479,NULL),(604,'MP25118979',36,2,NULL,1,'NV15456',NULL,'987',5000.00,5000.00,'almacenado',NULL,NULL,NULL,1,NULL,'2025-11-05 10:37:05','2025-11-05 10:37:05',NULL,479,NULL),(605,'MP2511987',36,2,NULL,1,'NV15456',NULL,'987',5000.00,5000.00,'almacenado',NULL,NULL,NULL,1,NULL,'2025-11-05 10:37:54','2025-11-05 10:37:54',NULL,479,NULL),(606,'MP2511324684',36,2,NULL,1,'NV15456',NULL,'9878',5000.00,5000.00,'almacenado',NULL,NULL,NULL,1,NULL,'2025-11-05 10:50:22','2025-11-05 10:50:22',NULL,479,NULL),(607,'MP251135456456',36,2,NULL,1,'NV15456',NULL,'5564',5000.00,5000.00,'almacenado',NULL,NULL,NULL,1,NULL,'2025-11-05 10:53:23','2025-11-05 10:53:23',NULL,479,NULL),(608,'MP2511354534',29,2,NULL,1,'90419',NULL,'65456',5000.00,5000.00,'almacenado',NULL,NULL,NULL,26,NULL,'2025-11-05 12:34:08','2025-11-14 03:54:17','2025-11-14 03:54:17',480,NULL),(609,'MP2511164653',29,2,NULL,1,'90419',NULL,'6878',5000.00,5000.00,'almacenado',NULL,NULL,NULL,26,NULL,'2025-11-05 12:34:08','2025-11-05 12:34:08',NULL,480,NULL),(610,'MP2511645987',31,2,NULL,1,'165',NULL,'45',35435.00,0.00,'consumido','2025-11-07 13:40:52',1,NULL,NULL,NULL,'2025-11-06 12:38:03','2025-11-07 12:40:52',NULL,481,NULL),(611,'MP2511654',31,2,NULL,1,'165',NULL,'87',5000.00,0.00,'consumido','2025-11-07 13:39:15',1,NULL,NULL,NULL,'2025-11-06 12:53:16','2025-11-17 16:34:58',NULL,482,NULL),(613,'MP2511654678',36,2,NULL,1,'NV15456',NULL,'684',5000.00,0.00,'consumido','2025-11-07 13:39:02',1,NULL,NULL,NULL,'2025-11-06 16:10:08','2025-11-07 12:39:02',NULL,484,NULL),(614,'MP2511654768',18,2,NULL,1,'ASDF',NULL,'687',5000.00,5000.00,'almacenado',NULL,NULL,NULL,1,NULL,'2025-11-07 17:59:03','2025-11-07 17:59:03',NULL,485,NULL),(615,'MP251167684654',14,7,NULL,1,'687',NULL,'65453',5000.00,5000.00,'almacenado',NULL,NULL,NULL,1,NULL,'2025-11-07 18:12:54','2025-11-16 14:51:51',NULL,486,1),(616,'MP251156465',14,7,NULL,1,'687',NULL,'4554',5000.00,5000.00,'almacenado',NULL,NULL,'Alta manual. Fabricante: CELSA',14,NULL,'2025-11-16 15:14:43','2025-11-16 15:14:43',NULL,487,NULL),(617,'MP25116487',18,2,NULL,1,'ASDF',NULL,'9874',5000.00,5000.00,'fabricando',NULL,NULL,NULL,NULL,15,'2025-11-17 01:46:11','2025-11-17 03:13:04',NULL,488,NULL),(644,'MP25119564',30,2,NULL,1,'NV1111',NULL,'6545',5000.00,5000.00,'almacenado',NULL,NULL,NULL,1,NULL,'2025-11-20 11:31:47','2025-11-20 11:31:47',NULL,489,NULL),(645,'MP25116574897',30,2,NULL,1,'NV1111',NULL,'654',5000.00,5000.00,'almacenado',NULL,NULL,NULL,1,NULL,'2025-11-20 11:36:05','2025-11-20 11:36:05',NULL,489,NULL),(646,'MP25116548',30,2,NULL,1,'NV45789',NULL,'65468',5000.00,5000.00,'almacenado',NULL,NULL,NULL,1,NULL,'2025-11-20 11:36:23','2025-11-20 11:36:23',NULL,489,NULL),(647,'MP21105465',19,2,NULL,1,'6546',NULL,'354',5000.00,5000.00,'almacenado',NULL,NULL,NULL,1,NULL,'2025-11-20 12:23:20','2025-11-20 12:23:20',NULL,490,NULL),(648,'MP25116+74',19,2,NULL,1,'1111',NULL,'6847',6000.00,6000.00,'almacenado',NULL,NULL,NULL,1,NULL,'2025-11-20 12:23:41','2025-12-10 11:24:15','2025-12-10 11:24:15',490,NULL),(649,'MP251131',19,2,NULL,1,'1111',NULL,'654',5000.00,5000.00,'almacenado',NULL,NULL,NULL,1,NULL,'2025-11-20 12:25:51','2025-12-10 11:23:03','2025-12-10 11:23:03',491,NULL),(650,'MP25116587',5,7,NULL,1,'564654',NULL,'68',5000.00,5000.00,'almacenado',NULL,NULL,NULL,1,NULL,'2025-11-20 12:48:42','2025-12-10 11:22:56','2025-12-10 11:22:56',492,1);
/*!40000 ALTER TABLE `productos` ENABLE KEYS */;
UNLOCK TABLES;

--
-- Table structure for table `productos_base`
--

DROP TABLE IF EXISTS `productos_base`;
/*!40101 SET @saved_cs_client     = @@character_set_client */;
/*!40101 SET character_set_client = utf8 */;
CREATE TABLE `productos_base` (
  `id` bigint(20) unsigned NOT NULL AUTO_INCREMENT,
  `tipo` enum('barra','encarretado') NOT NULL,
  `diametro` int(11) NOT NULL,
  `longitud` int(11) DEFAULT NULL,
  `descripcion` text DEFAULT NULL,
  `created_at` timestamp NOT NULL DEFAULT current_timestamp(),
  `updated_at` timestamp NOT NULL DEFAULT current_timestamp() ON UPDATE current_timestamp(),
  `deleted_at` timestamp NULL DEFAULT NULL,
  PRIMARY KEY (`id`)
) ENGINE=InnoDB AUTO_INCREMENT=79 DEFAULT CHARSET=utf8mb4 COLLATE=utf8mb4_general_ci;
/*!40101 SET character_set_client = @saved_cs_client */;

--
-- Dumping data for table `productos_base`
--

LOCK TABLES `productos_base` WRITE;
/*!40000 ALTER TABLE `productos_base` DISABLE KEYS */;
INSERT INTO `productos_base` VALUES (5,'barra',10,12,NULL,'2025-05-01 16:34:23','2025-05-01 16:34:23',NULL),(9,'barra',12,12,NULL,'2025-05-01 16:34:23','2025-05-01 16:34:23',NULL),(10,'barra',12,14,NULL,'2025-05-01 16:34:23','2025-05-01 16:34:23',NULL),(13,'barra',16,12,NULL,'2025-05-01 16:34:23','2025-05-01 16:34:23',NULL),(14,'barra',16,14,NULL,'2025-05-01 16:34:23','2025-05-01 16:34:23',NULL),(15,'barra',16,15,NULL,'2025-05-01 16:34:23','2025-05-01 16:34:23',NULL),(16,'barra',16,16,NULL,'2025-05-01 16:34:23','2025-05-01 16:34:23',NULL),(17,'barra',20,12,NULL,'2025-05-01 16:34:23','2025-05-01 16:34:23',NULL),(18,'barra',20,14,NULL,'2025-05-01 16:34:23','2025-05-01 16:34:23',NULL),(19,'barra',20,15,NULL,'2025-05-01 16:34:23','2025-05-01 16:34:23',NULL),(20,'barra',20,16,NULL,'2025-05-01 16:34:23','2025-05-01 16:34:23',NULL),(21,'barra',25,12,NULL,'2025-05-01 16:34:23','2025-05-01 16:34:23',NULL),(22,'barra',25,14,NULL,'2025-05-01 16:34:23','2025-05-01 16:34:23',NULL),(23,'barra',25,15,NULL,'2025-05-01 16:34:23','2025-05-01 16:34:23',NULL),(24,'barra',25,16,NULL,'2025-05-01 16:34:23','2025-05-01 16:34:23',NULL),(25,'barra',32,12,NULL,'2025-05-01 16:34:23','2025-05-01 16:34:23',NULL),(26,'barra',32,14,NULL,'2025-05-01 16:34:23','2025-05-01 16:34:23',NULL),(27,'barra',32,15,NULL,'2025-05-01 16:34:23','2025-05-01 16:34:23',NULL),(28,'barra',32,16,NULL,'2025-05-01 16:34:23','2025-05-01 16:34:23',NULL),(29,'encarretado',8,NULL,NULL,'2025-05-01 16:34:30','2025-05-01 16:34:30',NULL),(30,'encarretado',10,NULL,NULL,'2025-05-01 16:34:30','2025-05-01 16:34:30',NULL),(31,'encarretado',12,NULL,NULL,'2025-05-01 16:34:30','2025-05-01 16:34:30',NULL),(32,'encarretado',16,NULL,NULL,'2025-05-01 16:34:30','2025-05-01 16:34:30',NULL),(33,'encarretado',20,NULL,NULL,'2025-05-01 16:34:30','2025-05-01 16:34:30',NULL),(36,'encarretado',6,NULL,NULL,'2025-05-27 16:29:36','2025-10-01 11:25:27',NULL),(37,'barra',6,6,NULL,'2025-09-09 08:57:51','2025-09-09 08:57:51',NULL),(38,'barra',6,12,NULL,'2025-09-09 08:57:51','2025-09-09 08:57:51',NULL),(39,'barra',8,6,NULL,'2025-09-09 08:57:51','2025-09-09 08:57:51',NULL),(40,'barra',8,12,NULL,'2025-09-09 08:57:51','2025-09-09 08:57:51',NULL),(41,'barra',10,6,NULL,'2025-09-22 11:04:26','2025-09-22 11:04:26',NULL),(42,'barra',12,6,NULL,'2025-09-22 11:04:26','2025-09-22 11:04:26',NULL),(43,'barra',16,6,NULL,'2025-09-22 11:04:26','2025-09-22 11:04:26',NULL),(44,'barra',20,6,NULL,'2025-09-22 11:04:26','2025-09-22 11:04:26',NULL),(45,'barra',25,6,NULL,'2025-09-22 11:04:26','2025-09-22 11:04:26',NULL),(46,'barra',32,6,NULL,'2025-09-22 11:04:26','2025-09-22 11:04:26',NULL),(77,'encarretado',19,NULL,NULL,'2025-12-02 12:25:44','2025-12-02 12:25:44',NULL),(78,'encarretado',19,NULL,NULL,'2025-12-02 12:49:25','2025-12-02 12:49:25',NULL);
/*!40000 ALTER TABLE `productos_base` ENABLE KEYS */;
UNLOCK TABLES;

--
-- Table structure for table `productos_codigos`
--

DROP TABLE IF EXISTS `productos_codigos`;
/*!40101 SET @saved_cs_client     = @@character_set_client */;
/*!40101 SET character_set_client = utf8 */;
CREATE TABLE `productos_codigos` (
  `id` int(10) unsigned NOT NULL AUTO_INCREMENT,
  `tipo` varchar(10) NOT NULL,
  `anio` char(2) NOT NULL,
  `mes` varchar(2) DEFAULT NULL,
  `ultimo_numero` int(10) unsigned NOT NULL DEFAULT 0,
  PRIMARY KEY (`id`),
  UNIQUE KEY `codigos_unicos` (`tipo`,`anio`,`mes`)
) ENGINE=InnoDB AUTO_INCREMENT=5 DEFAULT CHARSET=utf8mb4 COLLATE=utf8mb4_general_ci;
/*!40101 SET character_set_client = @saved_cs_client */;

--
-- Dumping data for table `productos_codigos`
--

LOCK TABLES `productos_codigos` WRITE;
/*!40000 ALTER TABLE `productos_codigos` DISABLE KEYS */;
INSERT INTO `productos_codigos` VALUES (2,'MP','25',NULL,50),(3,'MP','25','11',210),(4,'MP','25','12',90);
/*!40000 ALTER TABLE `productos_codigos` ENABLE KEYS */;
UNLOCK TABLES;

--
-- Table structure for table `respuestas_no_fichaje`
--

DROP TABLE IF EXISTS `respuestas_no_fichaje`;
/*!40101 SET @saved_cs_client     = @@character_set_client */;
/*!40101 SET character_set_client = utf8 */;
CREATE TABLE `respuestas_no_fichaje` (
  `id` bigint(20) unsigned NOT NULL AUTO_INCREMENT,
  `asignacion_turno_id` bigint(20) unsigned NOT NULL,
  `user_id` bigint(20) unsigned NOT NULL,
  `tipo` enum('entrada','salida') NOT NULL COMMENT 'Si es entrada o salida',
  `motivo` enum('olvido','no_trabajo','problema_app','otro') NOT NULL,
  `fue_a_trabajar` tinyint(1) NOT NULL DEFAULT 1,
  `observaciones` text DEFAULT NULL,
  `notificado_at` timestamp NULL DEFAULT NULL COMMENT 'Cuando se envió la notificación',
  `respondido_at` timestamp NULL DEFAULT NULL COMMENT 'Cuando respondió el usuario',
  `created_at` timestamp NULL DEFAULT NULL,
  `updated_at` timestamp NULL DEFAULT NULL,
  PRIMARY KEY (`id`),
  KEY `idx_respuestas_asignacion` (`asignacion_turno_id`),
  KEY `idx_respuestas_user` (`user_id`),
  KEY `idx_respuestas_fecha` (`created_at`),
  CONSTRAINT `fk_respuestas_asignacion` FOREIGN KEY (`asignacion_turno_id`) REFERENCES `asignaciones_turnos` (`id`) ON DELETE CASCADE,
  CONSTRAINT `fk_respuestas_user` FOREIGN KEY (`user_id`) REFERENCES `users` (`id`) ON DELETE CASCADE
) ENGINE=InnoDB DEFAULT CHARSET=utf8mb4 COLLATE=utf8mb4_unicode_ci;
/*!40101 SET character_set_client = @saved_cs_client */;

--
-- Dumping data for table `respuestas_no_fichaje`
--

LOCK TABLES `respuestas_no_fichaje` WRITE;
/*!40000 ALTER TABLE `respuestas_no_fichaje` DISABLE KEYS */;
/*!40000 ALTER TABLE `respuestas_no_fichaje` ENABLE KEYS */;
UNLOCK TABLES;

--
-- Table structure for table `salida_cliente`
--

DROP TABLE IF EXISTS `salida_cliente`;
/*!40101 SET @saved_cs_client     = @@character_set_client */;
/*!40101 SET character_set_client = utf8 */;
CREATE TABLE `salida_cliente` (
  `id` bigint(20) NOT NULL AUTO_INCREMENT,
  `salida_id` bigint(20) NOT NULL,
  `cliente_id` bigint(20) unsigned NOT NULL,
  `obra_id` bigint(20) unsigned NOT NULL,
  `horas_paralizacion` decimal(10,2) DEFAULT 0.00,
  `importe_paralizacion` decimal(10,2) DEFAULT 0.00,
  `horas_grua` decimal(10,2) DEFAULT 0.00,
  `importe_grua` decimal(10,2) DEFAULT 0.00,
  `horas_almacen` decimal(5,2) DEFAULT 0.00,
  `importe` decimal(10,2) DEFAULT 0.00,
  `created_at` timestamp NULL DEFAULT current_timestamp(),
  `updated_at` timestamp NULL DEFAULT current_timestamp() ON UPDATE current_timestamp(),
  PRIMARY KEY (`id`),
  KEY `salida_id` (`salida_id`),
  KEY `cliente_id` (`cliente_id`),
  KEY `obra_id` (`obra_id`),
  CONSTRAINT `fk_salida_cliente_cliente` FOREIGN KEY (`cliente_id`) REFERENCES `clientes` (`id`) ON DELETE CASCADE,
  CONSTRAINT `fk_salida_cliente_obra` FOREIGN KEY (`obra_id`) REFERENCES `obras` (`id`) ON DELETE CASCADE,
  CONSTRAINT `fk_salida_cliente_salida` FOREIGN KEY (`salida_id`) REFERENCES `salidas` (`id`) ON DELETE CASCADE
) ENGINE=InnoDB AUTO_INCREMENT=79 DEFAULT CHARSET=utf8 COLLATE=utf8_general_ci;
/*!40101 SET character_set_client = @saved_cs_client */;

--
-- Dumping data for table `salida_cliente`
--

LOCK TABLES `salida_cliente` WRITE;
/*!40000 ALTER TABLE `salida_cliente` DISABLE KEYS */;
INSERT INTO `salida_cliente` VALUES (78,86,192,277,0.00,0.00,0.00,0.00,0.00,0.00,'2025-12-03 19:39:29','2025-12-03 19:39:29');
/*!40000 ALTER TABLE `salida_cliente` ENABLE KEYS */;
UNLOCK TABLES;

--
-- Table structure for table `salidas`
--

DROP TABLE IF EXISTS `salidas`;
/*!40101 SET @saved_cs_client     = @@character_set_client */;
/*!40101 SET character_set_client = utf8 */;
CREATE TABLE `salidas` (
  `id` bigint(20) NOT NULL AUTO_INCREMENT,
  `user_id` bigint(20) unsigned DEFAULT NULL,
  `codigo_salida` varchar(10) DEFAULT NULL,
  `codigo_sage` varchar(50) DEFAULT NULL,
  `empresa_id` bigint(20) unsigned DEFAULT NULL,
  `camion_id` bigint(20) unsigned DEFAULT NULL,
  `importe` decimal(10,2) DEFAULT NULL,
  `importe_paralizacion` decimal(10,2) DEFAULT NULL,
  `horas_grua` decimal(10,2) DEFAULT NULL,
  `importe_grua` decimal(10,2) DEFAULT NULL,
  `horas_paralizacion` decimal(10,2) DEFAULT NULL,
  `horas_almacen` decimal(5,2) DEFAULT NULL,
  `comentario` text DEFAULT NULL,
  `fecha_salida` timestamp NULL DEFAULT current_timestamp(),
  `estado` enum('pendiente','en tránsito','completada') DEFAULT 'pendiente',
  `created_at` timestamp NULL DEFAULT current_timestamp(),
  `updated_at` timestamp NULL DEFAULT current_timestamp() ON UPDATE current_timestamp(),
  `deleted_at` timestamp NULL DEFAULT NULL,
  PRIMARY KEY (`id`),
  KEY `empresa_id` (`empresa_id`),
  KEY `camion_id` (`camion_id`),
  KEY `fk_salidas_user` (`user_id`),
  CONSTRAINT `fk_salidas_user` FOREIGN KEY (`user_id`) REFERENCES `users` (`id`) ON DELETE SET NULL,
  CONSTRAINT `salidas_ibfk_1` FOREIGN KEY (`empresa_id`) REFERENCES `empresas_transporte` (`id`) ON DELETE CASCADE,
  CONSTRAINT `salidas_ibfk_2` FOREIGN KEY (`camion_id`) REFERENCES `camiones` (`id`) ON DELETE CASCADE
) ENGINE=InnoDB AUTO_INCREMENT=87 DEFAULT CHARSET=utf8 COLLATE=utf8_general_ci;
/*!40101 SET character_set_client = @saved_cs_client */;

--
-- Dumping data for table `salidas`
--

LOCK TABLES `salidas` WRITE;
/*!40000 ALTER TABLE `salidas` DISABLE KEYS */;
INSERT INTO `salidas` VALUES (86,NULL,'S25120001',NULL,NULL,NULL,NULL,NULL,NULL,NULL,NULL,NULL,NULL,'2025-12-03 23:00:00','pendiente','2025-12-03 19:39:29','2025-12-03 19:39:29',NULL);
/*!40000 ALTER TABLE `salidas` ENABLE KEYS */;
UNLOCK TABLES;

--
-- Table structure for table `salidas_almacen`
--

DROP TABLE IF EXISTS `salidas_almacen`;
/*!40101 SET @saved_cs_client     = @@character_set_client */;
/*!40101 SET character_set_client = utf8 */;
CREATE TABLE `salidas_almacen` (
  `id` bigint(20) unsigned NOT NULL AUTO_INCREMENT,
  `codigo` varchar(20) NOT NULL,
  `fecha` date NOT NULL DEFAULT curdate(),
  `estado` enum('pendiente','en_ruta','completada','activa','cancelada') DEFAULT 'pendiente',
  `camionero_id` bigint(20) unsigned DEFAULT NULL,
  `created_by` bigint(20) unsigned DEFAULT NULL,
  `updated_by` bigint(20) unsigned DEFAULT NULL,
  `created_at` timestamp NULL DEFAULT current_timestamp(),
  `updated_at` timestamp NULL DEFAULT current_timestamp() ON UPDATE current_timestamp(),
  PRIMARY KEY (`id`),
  UNIQUE KEY `codigo` (`codigo`),
  KEY `salidas_almacen_camionero_id_foreign` (`camionero_id`),
  KEY `salidas_almacen_created_by_foreign` (`created_by`),
  KEY `salidas_almacen_updated_by_foreign` (`updated_by`),
  CONSTRAINT `salidas_almacen_camionero_id_foreign` FOREIGN KEY (`camionero_id`) REFERENCES `users` (`id`) ON DELETE SET NULL ON UPDATE CASCADE,
  CONSTRAINT `salidas_almacen_created_by_foreign` FOREIGN KEY (`created_by`) REFERENCES `users` (`id`) ON DELETE SET NULL ON UPDATE CASCADE,
  CONSTRAINT `salidas_almacen_updated_by_foreign` FOREIGN KEY (`updated_by`) REFERENCES `users` (`id`) ON DELETE SET NULL ON UPDATE CASCADE
) ENGINE=InnoDB AUTO_INCREMENT=10 DEFAULT CHARSET=utf8mb4 COLLATE=utf8mb4_unicode_ci;
/*!40101 SET character_set_client = @saved_cs_client */;

--
-- Dumping data for table `salidas_almacen`
--

LOCK TABLES `salidas_almacen` WRITE;
/*!40000 ALTER TABLE `salidas_almacen` DISABLE KEYS */;
INSERT INTO `salidas_almacen` VALUES (8,'SA25/0001','2025-09-18','pendiente',NULL,1,1,'2025-09-19 19:19:49','2025-09-22 09:30:27'),(9,'SA25/0002','2025-09-19','pendiente',NULL,1,1,'2025-09-19 20:47:39','2025-09-22 07:35:37');
/*!40000 ALTER TABLE `salidas_almacen` ENABLE KEYS */;
UNLOCK TABLES;

--
-- Table structure for table `salidas_paquetes`
--

DROP TABLE IF EXISTS `salidas_paquetes`;
/*!40101 SET @saved_cs_client     = @@character_set_client */;
/*!40101 SET character_set_client = utf8 */;
CREATE TABLE `salidas_paquetes` (
  `id` bigint(20) NOT NULL AUTO_INCREMENT,
  `salida_id` bigint(20) NOT NULL,
  `paquete_id` bigint(20) unsigned DEFAULT NULL,
  `created_at` timestamp NULL DEFAULT current_timestamp(),
  `updated_at` timestamp NULL DEFAULT current_timestamp() ON UPDATE current_timestamp(),
  PRIMARY KEY (`id`),
  KEY `paquete_id` (`paquete_id`),
  KEY `fk_salidas_paquetes_salida` (`salida_id`),
  CONSTRAINT `fk_salidas_paquetes_salida` FOREIGN KEY (`salida_id`) REFERENCES `salidas` (`id`) ON DELETE CASCADE,
  CONSTRAINT `salidas_paquetes_ibfk_2` FOREIGN KEY (`paquete_id`) REFERENCES `paquetes` (`id`) ON DELETE CASCADE
) ENGINE=InnoDB AUTO_INCREMENT=1227 DEFAULT CHARSET=utf8 COLLATE=utf8_general_ci;
/*!40101 SET character_set_client = @saved_cs_client */;

--
-- Dumping data for table `salidas_paquetes`
--

LOCK TABLES `salidas_paquetes` WRITE;
/*!40000 ALTER TABLE `salidas_paquetes` DISABLE KEYS */;
/*!40000 ALTER TABLE `salidas_paquetes` ENABLE KEYS */;
UNLOCK TABLES;

--
-- Table structure for table `secciones`
--

DROP TABLE IF EXISTS `secciones`;
/*!40101 SET @saved_cs_client     = @@character_set_client */;
/*!40101 SET character_set_client = utf8 */;
CREATE TABLE `secciones` (
  `id` int(10) unsigned NOT NULL AUTO_INCREMENT,
  `nombre` varchar(100) NOT NULL,
  `ruta` varchar(150) NOT NULL,
  `icono` varchar(255) DEFAULT NULL,
  `mostrar_en_dashboard` tinyint(1) NOT NULL DEFAULT 0,
  `created_at` timestamp NULL DEFAULT current_timestamp(),
  `updated_at` timestamp NULL DEFAULT current_timestamp() ON UPDATE current_timestamp(),
  `deleted_at` timestamp NULL DEFAULT NULL,
  PRIMARY KEY (`id`),
  UNIQUE KEY `ruta` (`ruta`)
) ENGINE=InnoDB AUTO_INCREMENT=53 DEFAULT CHARSET=utf8mb4 COLLATE=utf8mb4_general_ci;
/*!40101 SET character_set_client = @saved_cs_client */;

--
-- Dumping data for table `secciones`
--

LOCK TABLES `secciones` WRITE;
/*!40000 ALTER TABLE `secciones` DISABLE KEYS */;
INSERT INTO `secciones` VALUES (6,'Materiales','productos.index','imagenes/iconos/materiales.png',1,'2025-06-02 19:05:58','2025-11-14 04:11:26',NULL),(7,'Ubicaciones','ubicaciones.index','imagenes/iconos/ubicaciones.png',1,'2025-06-02 19:05:58','2025-11-14 04:11:27',NULL),(8,'Entradas','entradas.index','imagenes/iconos/entradas.png',1,'2025-06-02 19:05:58','2025-11-14 04:11:30',NULL),(9,'Salidas','salidas-ferralla.index','imagenes/iconos/salidas.png',1,'2025-06-02 19:05:58','2025-11-14 04:11:34',NULL),(10,'Usuarios','users.index','imagenes/iconos/usuarios.png',1,'2025-06-02 19:05:58','2025-11-14 04:11:52',NULL),(11,'Movimientos','movimientos.index','imagenes/iconos/movimientos.png',1,'2025-06-02 19:05:58','2025-11-14 04:11:53',NULL),(12,'Máquinas','maquinas.index','imagenes/iconos/maquinas.png',1,'2025-06-02 19:05:58','2025-11-14 04:11:53',NULL),(13,'Planillas','planillas.index','imagenes/iconos/planillas.png',1,'2025-06-02 19:05:58','2025-11-14 04:11:54',NULL),(14,'Planificación Portes','planificacion.index','imagenes/iconos/planificacion.png',1,'2025-06-02 19:05:58','2025-11-14 04:11:54',NULL),(15,'Planificación Trabajadores','produccion.verTrabajadores','imagenes/iconos/planificacion-trabajadores.png',1,'2025-06-02 19:05:58','2025-11-14 04:11:55',NULL),(16,'Planificación Máquinas','produccion.verMaquinas','imagenes/iconos/planificacion-trabajadores.png',1,'2025-06-02 19:05:58','2025-11-14 04:11:55',NULL),(17,'Mi Empresa','empresas.index','imagenes/iconos/empresas.png',1,'2025-06-02 19:05:58','2025-11-14 04:11:56',NULL),(18,'Clientes','clientes.index','imagenes/iconos/clientes.png',1,'2025-06-02 19:05:58','2025-11-14 04:11:56',NULL),(19,'Transporte','empresas-transporte.index','imagenes/iconos/empresas-transporte.png',1,'2025-06-02 19:05:58','2025-11-14 04:11:56',NULL),(20,'Estadísticas','estadisticas.index','imagenes/iconos/estadisticas.png',1,'2025-06-02 19:05:58','2025-11-14 04:11:57',NULL),(21,'Permisos y Roles','departamentos.index','imagenes/iconos/departamentos.png',1,'2025-06-02 19:05:58','2025-11-14 04:11:58',NULL),(23,'Mensajes','alertas.index','imagenes/iconos/alertas.png',1,'2025-06-02 19:05:58','2025-11-14 04:12:00',NULL),(24,'Ayuda','ayuda.index','imagenes/iconos/ayuda.png',1,'2025-06-02 19:05:58','2025-11-14 04:12:01',NULL),(25,'Secciones','secciones.index','imagenes/icono/entradas.png',0,'2025-06-02 22:05:24','2025-07-21 11:19:51',NULL),(26,'Vacaciones','vacaciones.index',NULL,0,'2025-06-03 06:10:59','2025-06-03 06:10:59',NULL),(27,'Asignación Turno','asignaciones-turnos.index',NULL,0,'2025-06-03 06:24:24','2025-06-03 06:24:24',NULL),(28,'Obras','obras.index',NULL,0,'2025-06-03 20:45:54','2025-06-03 20:45:54',NULL),(29,'Pedidos','pedidos.index',NULL,0,'2025-06-04 22:19:18','2025-06-04 22:19:18',NULL),(30,'Paquetes','paquetes.index',NULL,0,'2025-06-12 08:08:45','2025-06-12 08:08:45',NULL),(31,'Elementos','elementos.index',NULL,0,'2025-06-12 08:09:00','2025-06-12 08:09:00',NULL),(32,'Etiquetas','etiquetas.index',NULL,0,'2025-06-12 08:09:23','2025-06-12 08:09:23',NULL),(34,'Localizaciones','localizaciones.index',NULL,0,'2025-07-24 21:34:42','2025-07-24 21:34:42',NULL),(37,'Salidas Almacén','salidas-almacen.index',NULL,0,'2025-09-16 07:29:55','2025-09-16 07:29:55',NULL),(47,'Producción','secciones.produccion','imagenes/iconos/maquinas.png',0,'2025-11-13 18:28:53','2025-11-14 04:11:21',NULL);
/*!40000 ALTER TABLE `secciones` ENABLE KEYS */;
UNLOCK TABLES;

--
-- Table structure for table `sessions`
--

DROP TABLE IF EXISTS `sessions`;
/*!40101 SET @saved_cs_client     = @@character_set_client */;
/*!40101 SET character_set_client = utf8 */;
CREATE TABLE `sessions` (
  `id` varchar(255) NOT NULL,
  `user_id` bigint(20) unsigned DEFAULT NULL,
  `ip_address` varchar(45) DEFAULT NULL,
  `user_agent` text DEFAULT NULL,
  `payload` longtext NOT NULL,
  `last_activity` int(11) NOT NULL,
  PRIMARY KEY (`id`),
  KEY `sessions_user_id_index` (`user_id`),
  KEY `sessions_last_activity_index` (`last_activity`)
) ENGINE=InnoDB DEFAULT CHARSET=utf8mb4 COLLATE=utf8mb4_unicode_ci;
/*!40101 SET character_set_client = @saved_cs_client */;

--
-- Dumping data for table `sessions`
--

LOCK TABLES `sessions` WRITE;
/*!40000 ALTER TABLE `sessions` DISABLE KEYS */;
INSERT INTO `sessions` VALUES ('6BWsgauFTwwV9zxVD3w8wk03c1OatGQQtCEM84A5',1,'127.0.0.1','Mozilla/5.0 (Windows NT 10.0; Win64; x64) AppleWebKit/537.36 (KHTML, like Gecko) Chrome/143.0.0.0 Safari/537.36','YTo0OntzOjY6Il9mbGFzaCI7YToyOntzOjM6Im9sZCI7YTowOnt9czozOiJuZXciO2E6MDp7fX1zOjY6Il90b2tlbiI7czo0MDoiOVZ6NFRmNzk2TDlBVjVydm5mcGRaTVZ2MjVseGlmRU5pYW9GQWhIViI7czo5OiJfcHJldmlvdXMiO2E6MTp7czozOiJ1cmwiO3M6MzI6Imh0dHA6Ly9hcHAudGVzdC9hbGVydGFzL3Npbi1sZWVyIjt9czo1MDoibG9naW5fd2ViXzU5YmEzNmFkZGMyYjJmOTQwMTU4MGYwMTRjN2Y1OGVhNGUzMDk4OWQiO2k6MTt9',1765401705);
/*!40000 ALTER TABLE `sessions` ENABLE KEYS */;
UNLOCK TABLES;

--
-- Table structure for table `snapshots_produccion`
--

DROP TABLE IF EXISTS `snapshots_produccion`;
/*!40101 SET @saved_cs_client     = @@character_set_client */;
/*!40101 SET character_set_client = utf8 */;
CREATE TABLE `snapshots_produccion` (
  `id` bigint(20) unsigned NOT NULL AUTO_INCREMENT,
  `tipo_operacion` varchar(255) NOT NULL,
  `user_id` bigint(20) unsigned DEFAULT NULL,
  `orden_planillas_data` longtext CHARACTER SET utf8mb4 COLLATE utf8mb4_bin NOT NULL CHECK (json_valid(`orden_planillas_data`)),
  `elementos_data` longtext CHARACTER SET utf8mb4 COLLATE utf8mb4_bin NOT NULL CHECK (json_valid(`elementos_data`)),
  `created_at` timestamp NULL DEFAULT NULL,
  `updated_at` timestamp NULL DEFAULT NULL,
  PRIMARY KEY (`id`),
  KEY `snapshots_produccion_user_id_foreign` (`user_id`),
  CONSTRAINT `snapshots_produccion_user_id_foreign` FOREIGN KEY (`user_id`) REFERENCES `users` (`id`) ON DELETE SET NULL
) ENGINE=InnoDB AUTO_INCREMENT=6 DEFAULT CHARSET=utf8mb4 COLLATE=utf8mb4_unicode_ci;
/*!40101 SET character_set_client = @saved_cs_client */;

--
-- Dumping data for table `snapshots_produccion`
--

LOCK TABLES `snapshots_produccion` WRITE;
/*!40000 ALTER TABLE `snapshots_produccion` DISABLE KEYS */;
INSERT INTO `snapshots_produccion` VALUES (3,'priorizar_obras',1,'[{\"id\":14287,\"planilla_id\":6296,\"maquina_id\":17,\"posicion\":1},{\"id\":14288,\"planilla_id\":6296,\"maquina_id\":20,\"posicion\":1},{\"id\":14289,\"planilla_id\":6297,\"maquina_id\":17,\"posicion\":2},{\"id\":14290,\"planilla_id\":6297,\"maquina_id\":20,\"posicion\":2},{\"id\":14292,\"planilla_id\":6296,\"maquina_id\":5,\"posicion\":1}]','[{\"id\":175396,\"maquina_id\":17,\"orden_planilla_id\":14287,\"etiqueta_id\":234653,\"etiqueta_sub_id\":\"ETQ2512001.01\",\"longitud_cm\":\"No asignado\",\"longitud_m\":\"No asignado\",\"peso_kg\":\"No asignado\",\"diametro_mm\":\"No asignado\"},{\"id\":175398,\"maquina_id\":20,\"orden_planilla_id\":14288,\"etiqueta_id\":234655,\"etiqueta_sub_id\":\"ETQ2512002.01\",\"longitud_cm\":\"No asignado\",\"longitud_m\":\"No asignado\",\"peso_kg\":\"No asignado\",\"diametro_mm\":\"No asignado\"},{\"id\":175400,\"maquina_id\":17,\"orden_planilla_id\":14287,\"etiqueta_id\":234657,\"etiqueta_sub_id\":\"ETQ2512003.01\",\"longitud_cm\":\"No asignado\",\"longitud_m\":\"No asignado\",\"peso_kg\":\"No asignado\",\"diametro_mm\":\"No asignado\"},{\"id\":175401,\"maquina_id\":20,\"orden_planilla_id\":14288,\"etiqueta_id\":234658,\"etiqueta_sub_id\":\"ETQ2512003.02\",\"longitud_cm\":\"No asignado\",\"longitud_m\":\"No asignado\",\"peso_kg\":\"No asignado\",\"diametro_mm\":\"No asignado\"},{\"id\":175402,\"maquina_id\":5,\"orden_planilla_id\":14288,\"etiqueta_id\":234658,\"etiqueta_sub_id\":\"ETQ2512003.03\",\"longitud_cm\":\"No asignado\",\"longitud_m\":\"No asignado\",\"peso_kg\":\"No asignado\",\"diametro_mm\":\"No asignado\"},{\"id\":175403,\"maquina_id\":17,\"orden_planilla_id\":14287,\"etiqueta_id\":234659,\"etiqueta_sub_id\":\"ETQ2512004.01\",\"longitud_cm\":\"No asignado\",\"longitud_m\":\"No asignado\",\"peso_kg\":\"No asignado\",\"diametro_mm\":\"No asignado\"},{\"id\":175404,\"maquina_id\":5,\"orden_planilla_id\":14288,\"etiqueta_id\":234660,\"etiqueta_sub_id\":\"ETQ2512004.02\",\"longitud_cm\":\"No asignado\",\"longitud_m\":\"No asignado\",\"peso_kg\":\"No asignado\",\"diametro_mm\":\"No asignado\"},{\"id\":175405,\"maquina_id\":5,\"orden_planilla_id\":14287,\"etiqueta_id\":234659,\"etiqueta_sub_id\":\"ETQ2512004.03\",\"longitud_cm\":\"No asignado\",\"longitud_m\":\"No asignado\",\"peso_kg\":\"No asignado\",\"diametro_mm\":\"No asignado\"},{\"id\":175406,\"maquina_id\":17,\"orden_planilla_id\":14289,\"etiqueta_id\":234665,\"etiqueta_sub_id\":\"ETQ2512005.01\",\"longitud_cm\":\"No asignado\",\"longitud_m\":\"No asignado\",\"peso_kg\":\"No asignado\",\"diametro_mm\":\"No asignado\"},{\"id\":175407,\"maquina_id\":20,\"orden_planilla_id\":14290,\"etiqueta_id\":234666,\"etiqueta_sub_id\":\"ETQ2512005.02\",\"longitud_cm\":\"No asignado\",\"longitud_m\":\"No asignado\",\"peso_kg\":\"No asignado\",\"diametro_mm\":\"No asignado\"},{\"id\":175408,\"maquina_id\":20,\"orden_planilla_id\":14290,\"etiqueta_id\":234667,\"etiqueta_sub_id\":\"ETQ2512006.01\",\"longitud_cm\":\"No asignado\",\"longitud_m\":\"No asignado\",\"peso_kg\":\"No asignado\",\"diametro_mm\":\"No asignado\"},{\"id\":175409,\"maquina_id\":17,\"orden_planilla_id\":14289,\"etiqueta_id\":234668,\"etiqueta_sub_id\":\"ETQ2512006.02\",\"longitud_cm\":\"No asignado\",\"longitud_m\":\"No asignado\",\"peso_kg\":\"No asignado\",\"diametro_mm\":\"No asignado\"},{\"id\":175410,\"maquina_id\":17,\"orden_planilla_id\":14289,\"etiqueta_id\":234669,\"etiqueta_sub_id\":\"ETQ2512007.01\",\"longitud_cm\":\"No asignado\",\"longitud_m\":\"No asignado\",\"peso_kg\":\"No asignado\",\"diametro_mm\":\"No asignado\"},{\"id\":175411,\"maquina_id\":20,\"orden_planilla_id\":14290,\"etiqueta_id\":234670,\"etiqueta_sub_id\":\"ETQ2512007.02\",\"longitud_cm\":\"No asignado\",\"longitud_m\":\"No asignado\",\"peso_kg\":\"No asignado\",\"diametro_mm\":\"No asignado\"},{\"id\":175412,\"maquina_id\":20,\"orden_planilla_id\":14290,\"etiqueta_id\":234670,\"etiqueta_sub_id\":\"ETQ2512007.02\",\"longitud_cm\":\"No asignado\",\"longitud_m\":\"No asignado\",\"peso_kg\":\"No asignado\",\"diametro_mm\":\"No asignado\"},{\"id\":175413,\"maquina_id\":20,\"orden_planilla_id\":14290,\"etiqueta_id\":234671,\"etiqueta_sub_id\":\"ETQ2512008.01\",\"longitud_cm\":\"No asignado\",\"longitud_m\":\"No asignado\",\"peso_kg\":\"No asignado\",\"diametro_mm\":\"No asignado\"},{\"id\":175414,\"maquina_id\":17,\"orden_planilla_id\":14289,\"etiqueta_id\":234672,\"etiqueta_sub_id\":\"ETQ2512008.02\",\"longitud_cm\":\"No asignado\",\"longitud_m\":\"No asignado\",\"peso_kg\":\"No asignado\",\"diametro_mm\":\"No asignado\"},{\"id\":175415,\"maquina_id\":17,\"orden_planilla_id\":14289,\"etiqueta_id\":234672,\"etiqueta_sub_id\":\"ETQ2512008.02\",\"longitud_cm\":\"No asignado\",\"longitud_m\":\"No asignado\",\"peso_kg\":\"No asignado\",\"diametro_mm\":\"No asignado\"}]','2025-12-09 11:12:28','2025-12-09 11:12:28'),(5,'priorizar_obras',1,'[{\"id\":14287,\"planilla_id\":6296,\"maquina_id\":17,\"posicion\":1},{\"id\":14288,\"planilla_id\":6296,\"maquina_id\":20,\"posicion\":1},{\"id\":14289,\"planilla_id\":6297,\"maquina_id\":17,\"posicion\":2},{\"id\":14290,\"planilla_id\":6297,\"maquina_id\":20,\"posicion\":2},{\"id\":14292,\"planilla_id\":6296,\"maquina_id\":5,\"posicion\":1}]','[{\"id\":175396,\"maquina_id\":17,\"orden_planilla_id\":14287,\"etiqueta_id\":234653,\"etiqueta_sub_id\":\"ETQ2512001.01\",\"longitud_cm\":\"No asignado\",\"longitud_m\":\"No asignado\",\"peso_kg\":\"No asignado\",\"diametro_mm\":\"No asignado\"},{\"id\":175398,\"maquina_id\":20,\"orden_planilla_id\":14288,\"etiqueta_id\":234655,\"etiqueta_sub_id\":\"ETQ2512002.01\",\"longitud_cm\":\"No asignado\",\"longitud_m\":\"No asignado\",\"peso_kg\":\"No asignado\",\"diametro_mm\":\"No asignado\"},{\"id\":175400,\"maquina_id\":17,\"orden_planilla_id\":14287,\"etiqueta_id\":234657,\"etiqueta_sub_id\":\"ETQ2512003.01\",\"longitud_cm\":\"No asignado\",\"longitud_m\":\"No asignado\",\"peso_kg\":\"No asignado\",\"diametro_mm\":\"No asignado\"},{\"id\":175401,\"maquina_id\":20,\"orden_planilla_id\":14288,\"etiqueta_id\":234658,\"etiqueta_sub_id\":\"ETQ2512003.02\",\"longitud_cm\":\"No asignado\",\"longitud_m\":\"No asignado\",\"peso_kg\":\"No asignado\",\"diametro_mm\":\"No asignado\"},{\"id\":175403,\"maquina_id\":17,\"orden_planilla_id\":14287,\"etiqueta_id\":234659,\"etiqueta_sub_id\":\"ETQ2512004.01\",\"longitud_cm\":\"No asignado\",\"longitud_m\":\"No asignado\",\"peso_kg\":\"No asignado\",\"diametro_mm\":\"No asignado\"},{\"id\":175406,\"maquina_id\":17,\"orden_planilla_id\":14289,\"etiqueta_id\":234665,\"etiqueta_sub_id\":\"ETQ2512005.01\",\"longitud_cm\":\"No asignado\",\"longitud_m\":\"No asignado\",\"peso_kg\":\"No asignado\",\"diametro_mm\":\"No asignado\"},{\"id\":175407,\"maquina_id\":20,\"orden_planilla_id\":14290,\"etiqueta_id\":234666,\"etiqueta_sub_id\":\"ETQ2512005.02\",\"longitud_cm\":\"No asignado\",\"longitud_m\":\"No asignado\",\"peso_kg\":\"No asignado\",\"diametro_mm\":\"No asignado\"},{\"id\":175408,\"maquina_id\":20,\"orden_planilla_id\":14290,\"etiqueta_id\":234667,\"etiqueta_sub_id\":\"ETQ2512006.01\",\"longitud_cm\":\"No asignado\",\"longitud_m\":\"No asignado\",\"peso_kg\":\"No asignado\",\"diametro_mm\":\"No asignado\"},{\"id\":175409,\"maquina_id\":17,\"orden_planilla_id\":14289,\"etiqueta_id\":234668,\"etiqueta_sub_id\":\"ETQ2512006.02\",\"longitud_cm\":\"No asignado\",\"longitud_m\":\"No asignado\",\"peso_kg\":\"No asignado\",\"diametro_mm\":\"No asignado\"},{\"id\":175410,\"maquina_id\":17,\"orden_planilla_id\":14289,\"etiqueta_id\":234669,\"etiqueta_sub_id\":\"ETQ2512007.01\",\"longitud_cm\":\"No asignado\",\"longitud_m\":\"No asignado\",\"peso_kg\":\"No asignado\",\"diametro_mm\":\"No asignado\"},{\"id\":175411,\"maquina_id\":20,\"orden_planilla_id\":14290,\"etiqueta_id\":234670,\"etiqueta_sub_id\":\"ETQ2512007.02\",\"longitud_cm\":\"No asignado\",\"longitud_m\":\"No asignado\",\"peso_kg\":\"No asignado\",\"diametro_mm\":\"No asignado\"},{\"id\":175412,\"maquina_id\":20,\"orden_planilla_id\":14290,\"etiqueta_id\":234670,\"etiqueta_sub_id\":\"ETQ2512007.02\",\"longitud_cm\":\"No asignado\",\"longitud_m\":\"No asignado\",\"peso_kg\":\"No asignado\",\"diametro_mm\":\"No asignado\"},{\"id\":175413,\"maquina_id\":20,\"orden_planilla_id\":14290,\"etiqueta_id\":234671,\"etiqueta_sub_id\":\"ETQ2512008.01\",\"longitud_cm\":\"No asignado\",\"longitud_m\":\"No asignado\",\"peso_kg\":\"No asignado\",\"diametro_mm\":\"No asignado\"},{\"id\":175414,\"maquina_id\":17,\"orden_planilla_id\":14289,\"etiqueta_id\":234672,\"etiqueta_sub_id\":\"ETQ2512008.02\",\"longitud_cm\":\"No asignado\",\"longitud_m\":\"No asignado\",\"peso_kg\":\"No asignado\",\"diametro_mm\":\"No asignado\"},{\"id\":175415,\"maquina_id\":17,\"orden_planilla_id\":14289,\"etiqueta_id\":234672,\"etiqueta_sub_id\":\"ETQ2512008.02\",\"longitud_cm\":\"No asignado\",\"longitud_m\":\"No asignado\",\"peso_kg\":\"No asignado\",\"diametro_mm\":\"No asignado\"}]','2025-12-09 12:48:47','2025-12-09 12:48:47');
/*!40000 ALTER TABLE `snapshots_produccion` ENABLE KEYS */;
UNLOCK TABLES;

--
-- Table structure for table `solicitudes_vacaciones`
--

DROP TABLE IF EXISTS `solicitudes_vacaciones`;
/*!40101 SET @saved_cs_client     = @@character_set_client */;
/*!40101 SET character_set_client = utf8 */;
CREATE TABLE `solicitudes_vacaciones` (
  `id` bigint(20) unsigned NOT NULL AUTO_INCREMENT,
  `user_id` bigint(20) unsigned NOT NULL,
  `fecha_inicio` date NOT NULL,
  `fecha_fin` date NOT NULL,
  `estado` enum('pendiente','aprobada','denegada') DEFAULT 'pendiente',
  `observaciones` text DEFAULT NULL,
  `created_at` timestamp NOT NULL DEFAULT current_timestamp(),
  `updated_at` timestamp NOT NULL DEFAULT current_timestamp() ON UPDATE current_timestamp(),
  PRIMARY KEY (`id`),
  KEY `user_id` (`user_id`),
  CONSTRAINT `solicitudes_vacaciones_ibfk_1` FOREIGN KEY (`user_id`) REFERENCES `users` (`id`) ON DELETE CASCADE
) ENGINE=InnoDB AUTO_INCREMENT=32 DEFAULT CHARSET=utf8mb4 COLLATE=utf8mb4_general_ci;
/*!40101 SET character_set_client = @saved_cs_client */;

--
-- Dumping data for table `solicitudes_vacaciones`
--

LOCK TABLES `solicitudes_vacaciones` WRITE;
/*!40000 ALTER TABLE `solicitudes_vacaciones` DISABLE KEYS */;
INSERT INTO `solicitudes_vacaciones` VALUES (21,66,'2025-06-18','2025-06-19','denegada',NULL,'2025-06-22 14:49:45','2025-07-04 08:17:27'),(22,67,'2025-07-09','2025-07-11','denegada',NULL,'2025-07-24 10:44:04','2025-08-18 04:39:33'),(23,67,'2025-07-09','2025-07-11','denegada',NULL,'2025-07-24 10:46:33','2025-08-18 04:39:35'),(24,67,'2025-07-23','2025-07-23','denegada',NULL,'2025-07-24 10:46:46','2025-08-18 04:39:40'),(25,67,'2025-07-16','2025-07-18','denegada',NULL,'2025-07-24 10:58:52','2025-08-18 04:39:38'),(26,66,'2025-08-25','2025-08-28','denegada',NULL,'2025-08-17 19:31:18','2025-08-18 04:39:44'),(27,66,'2025-08-18','2025-08-19','denegada',NULL,'2025-08-17 19:37:26','2025-08-18 04:39:42'),(28,89,'2025-10-14','2025-10-16','aprobada',NULL,'2025-10-01 09:32:46','2025-10-07 08:28:09'),(29,89,'2025-10-21','2025-10-23','aprobada',NULL,'2025-10-01 09:33:31','2025-10-07 08:28:15'),(30,67,'2025-11-19','2025-11-21','pendiente',NULL,'2025-11-29 15:40:05','2025-11-29 15:40:05'),(31,1,'2025-11-24','2025-11-26','pendiente',NULL,'2025-11-30 22:38:16','2025-11-30 22:38:16');
/*!40000 ALTER TABLE `solicitudes_vacaciones` ENABLE KEYS */;
UNLOCK TABLES;

--
-- Table structure for table `ss_config`
--

DROP TABLE IF EXISTS `ss_config`;
/*!40101 SET @saved_cs_client     = @@character_set_client */;
/*!40101 SET character_set_client = utf8 */;
CREATE TABLE `ss_config` (
  `id` bigint(20) NOT NULL AUTO_INCREMENT,
  `concepto` varchar(100) NOT NULL,
  `porcentaje` decimal(5,2) NOT NULL,
  `aplica` enum('trabajador','empresa') NOT NULL DEFAULT 'trabajador',
  PRIMARY KEY (`id`)
) ENGINE=InnoDB AUTO_INCREMENT=11 DEFAULT CHARSET=utf8mb4 COLLATE=utf8mb4_unicode_ci;
/*!40101 SET character_set_client = @saved_cs_client */;

--
-- Dumping data for table `ss_config`
--

LOCK TABLES `ss_config` WRITE;
/*!40000 ALTER TABLE `ss_config` DISABLE KEYS */;
INSERT INTO `ss_config` VALUES (1,'Contingencias comunes',4.70,'trabajador'),(2,'MEI',0.13,'trabajador'),(3,'Formación profesional',0.10,'trabajador'),(4,'Desempleo',1.55,'trabajador'),(5,'Contingencias comunes',23.60,'empresa'),(6,'Formación profesional',0.60,'empresa'),(7,'Desempleo',5.50,'empresa'),(8,'MEI',0.70,'empresa'),(9,'Fogasa',0.20,'empresa'),(10,'AT y EP',3.30,'empresa');
/*!40000 ALTER TABLE `ss_config` ENABLE KEYS */;
UNLOCK TABLES;

--
-- Table structure for table `subpaquetes`
--

DROP TABLE IF EXISTS `subpaquetes`;
/*!40101 SET @saved_cs_client     = @@character_set_client */;
/*!40101 SET character_set_client = utf8 */;
CREATE TABLE `subpaquetes` (
  `id` bigint(20) unsigned NOT NULL AUTO_INCREMENT,
  `elemento_id` bigint(20) NOT NULL,
  `planilla_id` bigint(20) NOT NULL,
  `paquete_id` bigint(20) unsigned DEFAULT NULL,
  `peso` decimal(10,2) DEFAULT NULL,
  `dimensiones` varchar(255) DEFAULT NULL,
  `cantidad` int(11) DEFAULT 1,
  `descripcion` text DEFAULT NULL,
  `created_at` timestamp NULL DEFAULT current_timestamp(),
  `updated_at` timestamp NULL DEFAULT current_timestamp() ON UPDATE current_timestamp(),
  PRIMARY KEY (`id`),
  KEY `elemento_id` (`elemento_id`),
  KEY `planilla_id` (`planilla_id`),
  KEY `subpaquetes_paquete_id_foreign` (`paquete_id`),
  CONSTRAINT `subpaquetes_ibfk_1` FOREIGN KEY (`elemento_id`) REFERENCES `elementos` (`id`) ON DELETE CASCADE,
  CONSTRAINT `subpaquetes_ibfk_2` FOREIGN KEY (`planilla_id`) REFERENCES `planillas` (`id`) ON DELETE CASCADE,
  CONSTRAINT `subpaquetes_paquete_id_foreign` FOREIGN KEY (`paquete_id`) REFERENCES `paquetes` (`id`) ON DELETE SET NULL
) ENGINE=InnoDB AUTO_INCREMENT=107 DEFAULT CHARSET=utf8 COLLATE=utf8_general_ci;
/*!40101 SET character_set_client = @saved_cs_client */;

--
-- Dumping data for table `subpaquetes`
--

LOCK TABLES `subpaquetes` WRITE;
/*!40000 ALTER TABLE `subpaquetes` DISABLE KEYS */;
/*!40000 ALTER TABLE `subpaquetes` ENABLE KEYS */;
UNLOCK TABLES;

--
-- Table structure for table `tasas_irpf`
--

DROP TABLE IF EXISTS `tasas_irpf`;
/*!40101 SET @saved_cs_client     = @@character_set_client */;
/*!40101 SET character_set_client = utf8 */;
CREATE TABLE `tasas_irpf` (
  `id` bigint(20) unsigned NOT NULL AUTO_INCREMENT,
  `anio` int(11) NOT NULL,
  `base_desde` decimal(15,2) NOT NULL COMMENT 'Límite inferior de la base imponible',
  `base_hasta` decimal(15,2) DEFAULT NULL COMMENT 'Límite superior de la base imponible (NULL = sin límite)',
  `porcentaje` decimal(5,4) NOT NULL COMMENT 'Tipo de retención en porcentaje',
  `created_at` timestamp NULL DEFAULT NULL,
  `updated_at` timestamp NULL DEFAULT NULL,
  PRIMARY KEY (`id`),
  KEY `anio` (`anio`)
) ENGINE=InnoDB DEFAULT CHARSET=utf8mb4 COLLATE=utf8mb4_unicode_ci;
/*!40101 SET character_set_client = @saved_cs_client */;

--
-- Dumping data for table `tasas_irpf`
--

LOCK TABLES `tasas_irpf` WRITE;
/*!40000 ALTER TABLE `tasas_irpf` DISABLE KEYS */;
/*!40000 ALTER TABLE `tasas_irpf` ENABLE KEYS */;
UNLOCK TABLES;

--
-- Table structure for table `tasas_seguridad_social`
--

DROP TABLE IF EXISTS `tasas_seguridad_social`;
/*!40101 SET @saved_cs_client     = @@character_set_client */;
/*!40101 SET character_set_client = utf8 */;
CREATE TABLE `tasas_seguridad_social` (
  `id` bigint(20) unsigned NOT NULL AUTO_INCREMENT,
  `destinatario` enum('trabajador','empresa') NOT NULL,
  `tipo_aportacion` varchar(255) NOT NULL COMMENT 'Contingencias comunes, desempleo, formación, etc.',
  `porcentaje` decimal(5,4) NOT NULL COMMENT 'Tipo de cotización en porcentaje',
  `fecha_inicio` date NOT NULL COMMENT 'Fecha de inicio de vigencia',
  `fecha_fin` date DEFAULT NULL COMMENT 'Fecha de fin de vigencia (NULL = vigente)',
  `created_at` timestamp NULL DEFAULT NULL,
  `updated_at` timestamp NULL DEFAULT NULL,
  PRIMARY KEY (`id`),
  KEY `destinatario` (`destinatario`),
  KEY `fecha_inicio` (`fecha_inicio`),
  KEY `fecha_fin` (`fecha_fin`)
) ENGINE=InnoDB AUTO_INCREMENT=11 DEFAULT CHARSET=utf8mb4 COLLATE=utf8mb4_unicode_ci;
/*!40101 SET character_set_client = @saved_cs_client */;

--
-- Dumping data for table `tasas_seguridad_social`
--

LOCK TABLES `tasas_seguridad_social` WRITE;
/*!40000 ALTER TABLE `tasas_seguridad_social` DISABLE KEYS */;
INSERT INTO `tasas_seguridad_social` VALUES (1,'trabajador','Contingencias comunes',4.7000,'2025-04-22',NULL,'2025-04-22 14:11:58','2025-04-22 14:11:58'),(2,'trabajador','MEI',0.1300,'2025-04-22',NULL,'2025-04-22 14:11:58','2025-04-22 14:11:58'),(3,'trabajador','Formación profesional',0.1000,'2025-04-22',NULL,'2025-04-22 14:11:58','2025-04-22 14:11:58'),(4,'trabajador','Desempleo',1.5500,'2025-04-22',NULL,'2025-04-22 14:11:58','2025-04-22 14:11:58'),(5,'empresa','Contingencias comunes',9.9999,'2025-04-22',NULL,'2025-04-22 14:11:58','2025-04-22 14:11:58'),(6,'empresa','Formación profesional',0.6000,'2025-04-22',NULL,'2025-04-22 14:11:58','2025-04-22 14:11:58'),(7,'empresa','Desempleo',5.5000,'2025-04-22',NULL,'2025-04-22 14:11:58','2025-04-22 14:11:58'),(8,'empresa','MEI',0.7000,'2025-04-22',NULL,'2025-04-22 14:11:58','2025-04-22 14:11:58'),(9,'empresa','Fogasa',0.2000,'2025-04-22',NULL,'2025-04-22 14:11:58','2025-04-22 14:11:58'),(10,'empresa','AT y EP',3.3000,'2025-04-22',NULL,'2025-04-22 14:11:58','2025-04-22 14:11:58');
/*!40000 ALTER TABLE `tasas_seguridad_social` ENABLE KEYS */;
UNLOCK TABLES;

--
-- Table structure for table `trabajadores_ficticios`
--

DROP TABLE IF EXISTS `trabajadores_ficticios`;
/*!40101 SET @saved_cs_client     = @@character_set_client */;
/*!40101 SET character_set_client = utf8 */;
CREATE TABLE `trabajadores_ficticios` (
  `id` bigint(20) unsigned NOT NULL AUTO_INCREMENT,
  `nombre` varchar(255) NOT NULL,
  `created_at` timestamp NULL DEFAULT NULL,
  `updated_at` timestamp NULL DEFAULT NULL,
  PRIMARY KEY (`id`)
) ENGINE=InnoDB AUTO_INCREMENT=2 DEFAULT CHARSET=utf8mb4 COLLATE=utf8mb4_unicode_ci;
/*!40101 SET character_set_client = @saved_cs_client */;

--
-- Dumping data for table `trabajadores_ficticios`
--

LOCK TABLES `trabajadores_ficticios` WRITE;
/*!40000 ALTER TABLE `trabajadores_ficticios` DISABLE KEYS */;
INSERT INTO `trabajadores_ficticios` VALUES (1,'Construcar 01','2025-12-09 07:16:08','2025-12-09 07:16:08');
/*!40000 ALTER TABLE `trabajadores_ficticios` ENABLE KEYS */;
UNLOCK TABLES;

--
-- Table structure for table `turnos`
--

DROP TABLE IF EXISTS `turnos`;
/*!40101 SET @saved_cs_client     = @@character_set_client */;
/*!40101 SET character_set_client = utf8 */;
CREATE TABLE `turnos` (
  `id` bigint(20) unsigned NOT NULL AUTO_INCREMENT,
  `nombre` varchar(50) NOT NULL,
  `hora_inicio` time DEFAULT NULL COMMENT 'Hora de inicio del turno',
  `hora_fin` time DEFAULT NULL COMMENT 'Hora de fin del turno',
  `offset_dias_inicio` tinyint(4) NOT NULL DEFAULT 0 COMMENT 'Offset días inicio (-1, 0, 1)',
  `offset_dias_fin` tinyint(4) NOT NULL DEFAULT 0 COMMENT 'Offset días fin (-1, 0, 1)',
  `activo` tinyint(1) NOT NULL DEFAULT 1,
  `orden` int(11) NOT NULL DEFAULT 0,
  `color` varchar(7) DEFAULT NULL,
  `created_at` timestamp NULL DEFAULT current_timestamp(),
  `updated_at` timestamp NULL DEFAULT current_timestamp() ON UPDATE current_timestamp(),
  `deleted_at` timestamp NULL DEFAULT NULL,
  PRIMARY KEY (`id`),
  KEY `idx_turnos_activo` (`activo`)
) ENGINE=InnoDB AUTO_INCREMENT=19 DEFAULT CHARSET=utf8 COLLATE=utf8_general_ci;
/*!40101 SET character_set_client = @saved_cs_client */;

--
-- Dumping data for table `turnos`
--

LOCK TABLES `turnos` WRITE;
/*!40000 ALTER TABLE `turnos` DISABLE KEYS */;
INSERT INTO `turnos` VALUES (1,'mañana','05:00:00','14:00:00',0,0,1,1,'#3b82f6','2025-02-20 11:05:38','2025-12-09 11:44:57',NULL),(2,'tarde','14:00:00','22:00:00',0,0,1,2,'#f59e0b','2025-02-20 11:05:38','2025-12-09 11:44:57',NULL),(3,'noche','22:00:00','06:00:00',-1,0,1,3,'#8b5cf6','2025-02-20 11:05:38','2025-11-17 18:28:28',NULL),(15,'montaje',NULL,NULL,0,0,1,4,'#10b981','2025-03-03 11:30:51','2025-11-15 18:22:43',NULL),(16,'festivo',NULL,NULL,0,0,1,5,'#ef4444','2025-05-01 15:58:27','2025-11-15 18:22:43',NULL),(17,'dinamico',NULL,NULL,0,0,1,6,'#06b6d4','2025-06-12 10:15:01','2025-11-15 18:22:43',NULL);
/*!40000 ALTER TABLE `turnos` ENABLE KEYS */;
UNLOCK TABLES;

--
-- Table structure for table `ubicaciones`
--

DROP TABLE IF EXISTS `ubicaciones`;
/*!40101 SET @saved_cs_client     = @@character_set_client */;
/*!40101 SET character_set_client = utf8 */;
CREATE TABLE `ubicaciones` (
  `id` bigint(20) unsigned NOT NULL AUTO_INCREMENT,
  `codigo` varchar(50) NOT NULL,
  `nombre` varchar(255) NOT NULL,
  `almacen` varchar(2) DEFAULT NULL,
  `sector` varchar(2) DEFAULT NULL,
  `ubicacion` varchar(60) DEFAULT NULL,
  `descripcion` varchar(255) DEFAULT NULL,
  `created_at` timestamp NULL DEFAULT current_timestamp(),
  `updated_at` timestamp NULL DEFAULT current_timestamp() ON UPDATE current_timestamp(),
  `deleted_at` timestamp NULL DEFAULT NULL,
  PRIMARY KEY (`id`)
) ENGINE=InnoDB AUTO_INCREMENT=45 DEFAULT CHARSET=utf8 COLLATE=utf8_general_ci;
/*!40101 SET character_set_client = @saved_cs_client */;

--
-- Dumping data for table `ubicaciones`
--

LOCK TABLES `ubicaciones` WRITE;
/*!40000 ALTER TABLE `ubicaciones` DISABLE KEYS */;
INSERT INTO `ubicaciones` VALUES (1,'0A0101','Almacén 0A, Sector 1, Ubicación 1','0A','01','01',NULL,'2025-01-28 10:58:25','2025-01-28 10:58:25',NULL),(2,'0A0102','Almacén 0A, Sector 1, Ubicación 2','0A','01','02',NULL,'2025-01-28 11:00:03','2025-01-28 11:00:03',NULL),(3,'0A0103','Almacén 0A, Sector 1, Ubicación 3','0A','01','03',NULL,'2025-01-28 11:00:08','2025-01-28 11:00:08',NULL),(4,'0A0104','Almacén 0A, Sector 1, Ubicación 4','0A','01','04',NULL,'2025-01-28 11:00:16','2025-01-28 11:00:16',NULL),(5,'0A0105','Almacén 0A, Sector 1, Ubicación 5','0A','01','05',NULL,'2025-01-28 11:00:22','2025-01-28 11:00:22',NULL),(6,'0A0106','Almacén 0A, Sector 1, Ubicación 6','0A','01','06',NULL,'2025-01-28 11:00:27','2025-01-28 11:00:27',NULL),(7,'0A0107','Almacén 0A, Sector 1, Ubicación 7','0A','01','07',NULL,'2025-01-28 11:00:31','2025-01-28 11:00:31',NULL),(8,'0A0108','Almacén 0A, Sector 1, Ubicación 8','0A','01','08',NULL,'2025-01-28 11:00:36','2025-01-28 11:00:36',NULL),(9,'0A0109','Almacén 0A, Sector 1, Ubicación 9, MSR20 Suelo','0A','01','09','MSR20 Suelo','2025-01-28 11:00:53','2025-01-28 11:00:53',NULL),(10,'0A0201','Almacén 0A, Sector 2, Ubicación 1, SL28 Acopio','0A','02','01','SL28 Acopio','2025-01-28 11:01:26','2025-01-28 11:01:26',NULL),(11,'0A0202','Almacén 0A, Sector 2, Ubicación 2, SL28 Suelo','0A','02','02','SL28 Suelo','2025-01-28 11:01:49','2025-01-28 11:01:49',NULL),(12,'0A0203','Almacén 0A, Sector 2, Ubicación 3','0A','02','03',NULL,'2025-01-28 11:02:48','2025-01-28 11:02:48',NULL),(13,'0A0204','Almacén 0A, Sector 2, Ubicación 4','0A','02','04',NULL,'2025-01-28 11:03:14','2025-01-28 11:03:14',NULL),(14,'0A0205','Almacén 0A, Sector 2, Ubicación 5','0A','02','05',NULL,'2025-01-28 11:03:21','2025-01-28 11:03:21',NULL),(15,'0A0206','Almacén 0A, Sector 2, Ubicación 6','0A','02','06',NULL,'2025-01-28 11:03:27','2025-01-28 11:03:27',NULL),(16,'0A0207','Almacén 0A, Sector 2, Ubicación 7','0A','02','07',NULL,'2025-01-28 11:03:59','2025-01-28 11:03:59',NULL),(17,'0A0208','Almacén 0A, Sector 2, Ubicación 8','0A','02','08',NULL,'2025-01-28 11:04:17','2025-01-28 11:04:17',NULL),(18,'0A0209','Almacén 0A, Sector 2, Ubicación 9, MSR20 Acopio','0A','02','09','MSR20 Acopio','2025-01-28 11:04:46','2025-01-28 11:04:46',NULL),(19,'0A0301','Almacén 0A, Sector 3, Ubicación 1','0A','03','01',NULL,'2025-01-28 11:04:59','2025-01-28 11:04:59',NULL),(20,'0A0302','Almacén 0A, Sector 3, Ubicación 2','0A','03','02',NULL,'2025-01-28 11:05:10','2025-01-28 11:05:10',NULL),(21,'0A0303','Almacén 0A, Sector 3, Ubicación 3','0A','03','03',NULL,'2025-01-28 11:05:20','2025-01-28 11:05:20',NULL),(22,'0A0304','Almacén 0A, Sector 3, Ubicación 4','0A','03','04',NULL,'2025-01-28 11:05:30','2025-01-28 11:05:30',NULL),(23,'0A0305','Almacén 0A, Sector 3, Ubicación 5','0A','03','05',NULL,'2025-01-28 11:05:38','2025-01-28 11:05:38',NULL),(24,'0A0306','Almacén 0A, Sector 3, Ubicación 6, MS16 Acopio','0A','03','06','MS16 Acopio','2025-01-28 11:06:23','2025-01-28 11:06:23',NULL),(25,'0A0401','Almacén 0A, Sector 4, Ubicación 1, Suelo','0A','04','01','Suelo','2025-01-28 11:08:48','2025-01-28 11:08:48',NULL),(26,'0A0402','Almacén 0A, Sector 4, Ubicación 2, MS16 Acopio 2','0A','04','02','MS16 Acopio 2\r\n','2025-01-28 11:09:01','2025-06-18 09:39:48',NULL),(27,'0A0501','Almacén 0A, Sector 5, Ubicación 1, Dobladora Manual Suelo','0A','05','01','DM Suelo','2025-01-28 11:09:22','2025-08-27 16:14:21',NULL),(28,'0A0502','Almacén 0A, Sector 5, Ubicación 2, Suelo','0A','05','02','Suelo','2025-01-28 11:09:36','2025-01-28 11:09:36',NULL),(29,'0A0503','Almacén 0A, Sector 5, Ubicación 3, F12 Suelo','0A','05','03','F12 Suelo','2025-01-28 11:10:04','2025-02-26 07:37:30',NULL),(30,'0A0601','Almacén 0A, Sector 6, Ubicación 1, Cortadora Manual 1','0A','06','01','Cortadora Manual 1','2025-01-28 11:11:01','2025-01-28 11:11:01',NULL),(31,'0A0602','Almacén 0A, Sector 6, Ubicación 2, Cortadora Manual 2','0A','06','02','Cortadora Manual 2','2025-01-28 11:11:30','2025-01-28 11:11:30',NULL),(32,'0A0603','Almacén 0A, Sector 6, Ubicación 3, PS12 Suelo','0A','06','03','PS12 Suelo','2025-01-28 11:11:52','2025-01-28 11:11:52',NULL),(33,'0A0701','Almacén 0A, Sector 7, Ubicación 1, Sector Final','0A','07','01','Sector Final','2025-01-28 11:12:25','2025-01-28 11:12:25',NULL),(34,'0A0801','Almacén 0A, Sector 8, Ubicación 1, Exterior','0A','08','01','Exterior','2025-01-28 11:12:37','2025-01-28 11:12:37',NULL),(35,'0A0110','Almacén 0A, Sector 1, Ubicación 10, MSR20','0A','01','10','MSR20','2025-06-12 22:27:30','2025-06-12 22:27:30',NULL),(36,'0A0210','Almacén 0A, Sector 2, Ubicación 10, MSR20','0A','02','10','MSR20','2025-06-12 22:36:45','2025-06-12 22:36:45',NULL),(37,'0A0307','Almacén 0A, Sector 3, Ubicación 7, MS16','0A','03','07','MS16','2025-06-12 22:37:08','2025-06-12 22:37:08',NULL),(38,'0A0403','Almacén 0A, Sector 4, Ubicación 3, MS16','0A','04','03','MS16','2025-06-12 22:37:33','2025-06-12 22:37:33',NULL),(39,'0A0504','Almacén 0A, Sector 5, Ubicación 4, F12','0A','05','04','F12','2025-06-12 22:37:57','2025-06-12 22:37:57',NULL),(40,'0A0604','Almacén 0A, Sector 6, Ubicación 4, PS12','0A','06','04','PS12','2025-06-12 22:38:17','2025-06-12 22:38:17',NULL),(41,'0A0702','Almacén 0A, Sector 7, Ubicación 2, ID5','0A','07','02','ID5','2025-06-12 22:39:15','2025-06-12 22:39:15',NULL),(42,'0A0703','Almacén 0A, Sector 7, Ubicación 3, PL16','0A','07','03','PL16','2025-06-18 09:25:26','2025-06-18 09:25:26',NULL),(43,'AL0101','Almacén AL, Sector 1, Ubicación 1, Zona 32','AL','01','01','Zona 32','2025-09-16 08:24:12','2025-09-16 08:24:12',NULL),(44,'AL0514','Almacén AL, Sector 5, Ubicación 14, fsdafa','AL','05','14','fsdafa','2025-09-16 09:48:58','2025-09-16 09:48:58',NULL);
/*!40000 ALTER TABLE `ubicaciones` ENABLE KEYS */;
UNLOCK TABLES;

--
-- Table structure for table `user_fcm_tokens`
--

DROP TABLE IF EXISTS `user_fcm_tokens`;
/*!40101 SET @saved_cs_client     = @@character_set_client */;
/*!40101 SET character_set_client = utf8 */;
CREATE TABLE `user_fcm_tokens` (
  `id` bigint(20) unsigned NOT NULL AUTO_INCREMENT,
  `user_id` bigint(20) unsigned NOT NULL,
  `token` varchar(255) NOT NULL,
  `device_type` varchar(255) DEFAULT NULL,
  `device_name` varchar(255) DEFAULT NULL,
  `last_used_at` timestamp NULL DEFAULT NULL,
  `is_active` tinyint(1) NOT NULL DEFAULT 1,
  `created_at` timestamp NULL DEFAULT NULL,
  `updated_at` timestamp NULL DEFAULT NULL,
  PRIMARY KEY (`id`),
  UNIQUE KEY `user_fcm_tokens_token_unique` (`token`),
  KEY `user_fcm_tokens_user_id_is_active_index` (`user_id`,`is_active`),
  CONSTRAINT `user_fcm_tokens_user_id_foreign` FOREIGN KEY (`user_id`) REFERENCES `users` (`id`) ON DELETE CASCADE
) ENGINE=InnoDB AUTO_INCREMENT=880 DEFAULT CHARSET=utf8mb4 COLLATE=utf8mb4_unicode_ci;
/*!40101 SET character_set_client = @saved_cs_client */;

--
-- Dumping data for table `user_fcm_tokens`
--

LOCK TABLES `user_fcm_tokens` WRITE;
/*!40000 ALTER TABLE `user_fcm_tokens` DISABLE KEYS */;
INSERT INTO `user_fcm_tokens` VALUES (1,1,'cGfmMbDHoN_k4VWOeUqyal:APA91bGa2zh0MmgEcO5XQW3YEBSglqAJaUiAhj4egEgUeBMHGcKoPnyliTt8ll0YPSmdWFT0SL-8r7sO0quONOVoAHmmahdthDh0hqE5DIXk8Hh0wRUlm-E','web','Chrome',NULL,0,'2025-12-03 11:51:09','2025-12-03 12:02:50'),(523,67,'ck1o7e_Ffry8A88Ld7iF6Z:APA91bFBRLtLWiEhiSrQh-hstm0EckL_xZ3OQhdiCCigcMZygSRNwDKuejOZ23UQHzAwnHnvHI5craDd35dNraDdXa15h6pYa9updW-t6_dXGsdxKtPG0Vg','web','Chrome',NULL,1,'2025-12-04 14:26:49','2025-12-04 14:26:49'),(777,1,'cGfmMbDHoN_k4VWOeUqyal:APA91bH3qwiXj39qENosI9jW9ToF7r8Jy2VAsIEFJu5z2h5-uU2Tkexjm3ZshOlgDeUHbzEIPwSnVxqU2RfbdYfkPxA-Yz50I8s8b_ISejNYUDGy_GAaPZs','web','Chrome',NULL,1,'2025-12-09 21:41:44','2025-12-09 21:41:44'),(806,1,'euqDYUQW3KxFUih0x0hsfG:APA91bFWrwzyJbniD9dx-DXYNHOloHWaOzEvVAGgA8SxYcfPbzOSdX4ykmWgmApbL7034T2we2FBVJsGCHIVAXWoTuoIDQE3pba-gzpfRQ2xzohDPO_xgL8','web','Chrome',NULL,1,'2025-12-09 23:45:04','2025-12-09 23:45:04'),(814,1,'cTxDjAtaBV4duJrxY3mOAQ:APA91bFFzSxFf7M_5L3mrOysIvityrUZC8sy1fSqWRNyb_Vy_lU8-lc9q5-ZwR27qewOYR3ikJmLzMxP3q71xDarmo57GX4snzZC7B-ViCi2Dwobs3e_8zY','web','Chrome',NULL,1,'2025-12-10 11:21:03','2025-12-10 11:21:03'),(839,1,'cMvi1Y1y2UU4jP9u0I_VnN:APA91bE__G_X5RBFLn2ekJUQISLC3LgXIyQcdio4kbNnBzWy07RjFpBCrELYq4zT9-vaodhLlabm_93dInEufo1hk4ximJBgkLWeiGCRRhBhnsojby9W9kg','web','Chrome',NULL,1,'2025-12-10 12:15:08','2025-12-10 12:15:08'),(843,1,'cbd7yxirrqWdateqDWBT_a:APA91bFbVvedkVhAzgXAV9ROpGN-MfQ8Z0TwN_HANYox8ZHA44DiZsxEr7d4I4wFUKqrwW-ftgmrw7u3l03B0oLDEpr8KXgU_eiuYurhWBlDNFne2H_2ATk','web','Chrome',NULL,1,'2025-12-10 18:59:48','2025-12-10 18:59:48'),(879,1,'dJco3UG0Msy2RxlxmpTz2n:APA91bGpQRGJRT_VqxSG-et3mecIyr008utO8Mdw7ykp-B9i7QpNqwf0-gnIqgnDmc7EHNx0AwqT5LD81rfC-8ql4upQ7PMrRmGiCUwyneEi0TOvyyIP0lw','web','Chrome',NULL,1,'2025-12-10 21:17:16','2025-12-10 21:17:16');
/*!40000 ALTER TABLE `user_fcm_tokens` ENABLE KEYS */;
UNLOCK TABLES;

--
-- Table structure for table `users`
--

DROP TABLE IF EXISTS `users`;
/*!40101 SET @saved_cs_client     = @@character_set_client */;
/*!40101 SET character_set_client = utf8 */;
CREATE TABLE `users` (
  `id` bigint(20) unsigned NOT NULL AUTO_INCREMENT,
  `name` varchar(255) NOT NULL,
  `primer_apellido` varchar(100) DEFAULT NULL,
  `segundo_apellido` varchar(100) DEFAULT NULL,
  `email` varchar(255) NOT NULL,
  `puede_usar_asistente` tinyint(1) NOT NULL DEFAULT 1,
  `puede_modificar_bd` tinyint(1) NOT NULL DEFAULT 0,
  `imagen` varchar(255) DEFAULT NULL,
  `movil_personal` varchar(20) DEFAULT NULL,
  `movil_empresa` varchar(20) DEFAULT NULL,
  `numero_corto` char(4) DEFAULT NULL CHECK (`numero_corto` regexp '^[0-9]{4}$'),
  `dni` varchar(9) DEFAULT NULL,
  `empresa_id` bigint(20) unsigned DEFAULT NULL,
  `rol` varchar(50) DEFAULT NULL,
  `maquina_id` bigint(20) unsigned DEFAULT NULL,
  `turno` varchar(50) DEFAULT NULL,
  `vacaciones_totales` tinyint(3) unsigned NOT NULL DEFAULT 22,
  `password` varchar(255) DEFAULT NULL,
  `remember_token` varchar(100) DEFAULT NULL,
  `email_verified_at` datetime DEFAULT NULL,
  `acepta_politica_privacidad` tinyint(1) DEFAULT 0,
  `acepta_politica_cookies` tinyint(1) DEFAULT 0,
  `fecha_aceptacion_politicas` date DEFAULT NULL,
  `created_at` timestamp NULL DEFAULT current_timestamp(),
  `updated_at` timestamp NULL DEFAULT current_timestamp() ON UPDATE current_timestamp(),
  `deleted_at` timestamp NULL DEFAULT NULL,
  `categoria_id` bigint(20) DEFAULT NULL,
  `updated_by` bigint(20) unsigned DEFAULT NULL,
  `estado` enum('activo','despedido') NOT NULL DEFAULT 'activo' COMMENT 'Estado laboral del trabajador',
  `fecha_baja` datetime DEFAULT NULL COMMENT 'Fecha en la que el usuario fue despedido o dado de baja',
  PRIMARY KEY (`id`),
  UNIQUE KEY `email` (`email`),
  UNIQUE KEY `dni` (`dni`),
  KEY `fk_categoria` (`categoria_id`),
  KEY `fk_users_empresa` (`empresa_id`),
  KEY `fk_users_especialidad` (`maquina_id`),
  KEY `fk_updated_by_users` (`updated_by`),
  CONSTRAINT `fk_categoria` FOREIGN KEY (`categoria_id`) REFERENCES `categorias` (`id`) ON DELETE SET NULL,
  CONSTRAINT `fk_updated_by_users` FOREIGN KEY (`updated_by`) REFERENCES `users` (`id`) ON DELETE SET NULL,
  CONSTRAINT `fk_users_empresa` FOREIGN KEY (`empresa_id`) REFERENCES `empresas` (`id`) ON DELETE SET NULL ON UPDATE CASCADE,
  CONSTRAINT `fk_users_especialidad` FOREIGN KEY (`maquina_id`) REFERENCES `maquinas` (`id`) ON DELETE SET NULL ON UPDATE CASCADE
) ENGINE=InnoDB AUTO_INCREMENT=92 DEFAULT CHARSET=utf8 COLLATE=utf8_general_ci;
/*!40101 SET character_set_client = @saved_cs_client */;

--
-- Dumping data for table `users`
--

LOCK TABLES `users` WRITE;
/*!40000 ALTER TABLE `users` DISABLE KEYS */;
INSERT INTO `users` VALUES (1,'Eduardo','Magro','Lemus','eduardo.magro@pacoreyes.com',1,0,'perfil_1_692b42173eca5.jpg',NULL,NULL,NULL,'49031707P',1,'oficina',12,'mañana',22,'$2y$12$1ODkj3TJeaSsLPsPRSnKXuNGd/7RD4QcsoRmooad23FBV8qx4MdgS','0PRiug2DQolLRAvxLBKbwL2hGLOE7ulbDiktiAZO5Sf8mQtRjzxUoVGxrtLV',NULL,1,1,'2025-12-03','2024-12-26 09:18:23','2025-12-10 21:13:48',NULL,17,1,'activo',NULL),(2,'Juan José','Dorado','Castillo','juanjose.dorado@pacoreyes.com',1,0,NULL,'603738241','674573366','2018',NULL,1,'oficina',NULL,'diurno',22,'$2y$12$b94eUGRrzM4mpSPi7KICG.l7dD15w6VSpcvI/tGwiFyRSKkPKkIUG','ieC8SxeagQjyBhwLJLWTOmhhJedFhfrbhCoZHm7nO9zqMOrLNA5cj9UASpmV',NULL,1,1,'2025-05-21','2024-12-27 22:46:58','2025-12-01 10:54:45',NULL,1,NULL,'activo',NULL),(3,'Manuel','Reyes',NULL,'manuel.reyes@pacoreyes.com',1,0,NULL,NULL,NULL,NULL,NULL,1,'oficina',NULL,'nocturno',22,'$2y$12$n2YuFhC.FEUTaqeUKQeN9uGZlPervqhoLvWMxBwu1BTmvlGP99ypq',NULL,NULL,0,0,NULL,'2024-12-29 04:25:34','2025-12-01 07:49:53',NULL,NULL,NULL,'activo',NULL),(4,'Sebastián','Durán',NULL,'sebastian.duran@pacoreyes.com',1,0,NULL,'633278102','663109446',NULL,'49094577L',1,'oficina',NULL,NULL,22,'$2y$12$W0z.EZeSR0HFAyXouKbxV.bAian83QTEhPRqKuBNYb9WfyAyegYd2','4maYhcPZrehNTNbdyXE2ogBFLz73YC6x4vybflPir6tKLk3yerdwbrltpb1M',NULL,1,1,'2025-08-18','2025-01-03 06:10:41','2025-10-07 10:35:52',NULL,6,NULL,'activo',NULL),(7,'Jose Manuel','Amuedo','Rioja','josemanuel.amuedo@pacoreyes.com',1,0,NULL,'622662039','678163705',NULL,'47539538X',1,'oficina',NULL,NULL,22,'$2y$12$XDEQQ.U1G4jHl4/pGccGe.l4qUVoNnUTXuZ.O03rLUGnCbBJIRPny','m4OEo0uKp5mBgwAH16v949RJbHcqIzQ1al6PJZxIHF2CQMCWf7aCeUFb0OZJ',NULL,1,1,'2025-05-21','2025-01-15 13:05:33','2025-06-18 16:46:56',NULL,6,NULL,'activo',NULL),(22,'Alejandro','García','Pérez','ale23012@gmail.com',1,0,NULL,'692113647',NULL,NULL,'23880668K',1,'operario',NULL,'diurno',22,'$2y$12$vTYbEku8nopcBoUe5JWTGecUX86twfTKFwODqXTcBE14DTfx3Buqy','4gNypZoWBM5shABzrBhf0l3jkIRvQb4gA94C0Nuyu8Lfnm9MsCG4JeALCG29',NULL,1,1,'2025-05-30','2025-03-07 18:44:35','2025-06-04 19:22:05',NULL,10,NULL,'activo',NULL),(23,'Antonio','Mayo','Moguer','mayomoguerantonio@gmail.com',1,0,NULL,'625678143',NULL,NULL,'34070862L',2,'operario',NULL,NULL,22,'$2y$12$DvfiWD5Vv3ulCeHu.n5abuNYIt2qV9rxGfNUe9ysztHLRVG1O.njG',NULL,NULL,0,0,NULL,'2025-03-07 18:47:51','2025-06-10 17:18:33',NULL,NULL,NULL,'activo',NULL),(24,'Agustin','Hernández','Curado','agustinhernandezcurado6@gmail.com',1,0,NULL,'673226032',NULL,NULL,NULL,1,'operario',NULL,'nocturno',22,'$2y$12$U6hH.QLNy4iWgQH1IFcTuOARVYTS/DsWvDxNPZA91qs3BS2HUpSZe','s0yE9kpEg7yTl45oQfiO0TDxxBRzZ3QYhDnFCJaTaP4SSducnwcppv8jJHms',NULL,1,1,'2025-06-02','2025-03-07 18:48:55','2025-06-04 19:22:05',NULL,8,NULL,'activo',NULL),(25,'Víctor Manuel','García','González','victor.manuel_14@hotmail.com',1,0,NULL,'654089366',NULL,NULL,'49121135N',1,'operario',NULL,'nocturno',22,'$2y$12$vOfKUITAxC30uY8QB20YKOzwEWA0ByqpC1NW563EPOshat0M8W8rG','WGh46dIfa1Mr18ujz2qWfKaCyBFPfJazPhShqofesGwKSu4Cx6m2Nq4QqdDS',NULL,1,1,'2025-06-02','2025-03-07 19:12:35','2025-06-04 20:25:07',NULL,9,NULL,'activo',NULL),(26,'Juan','Mateo','Armiger','jmateo795@gmail.com',1,0,NULL,'635515447',NULL,NULL,'28696057S',1,'operario',NULL,'mañana',22,'$2y$12$KRMW6GI51K3xr9ZI0pyuB.L/vqwZvkGtBwfmeTYIE.G.KfzTNQMxW','wpYPvE0YXXEqRSSoRYYwQB5OiwvjRZNg6xT587OvbSCsA2oMusGpkWSDVgqn',NULL,1,1,'2025-06-04','2025-03-07 19:48:43','2025-07-18 08:28:00',NULL,8,1,'activo',NULL),(27,'Bernardino','Barragán','Muñoz','berna.barragan@gmail.com',1,0,NULL,'618828812',NULL,NULL,NULL,1,'operario',NULL,'nocturno',22,'$2y$12$rnGN7YTv8M8my/Vi4rFmQ.6yrf4/LmJ7PyZ3s5rpDNWr10YWzHyF.','yWY1DtbZXgfRJkSCQzbsFP35YQ4OGobj2WguBASjH1ytgX0zlU6M1vSXCoei',NULL,1,1,'2025-06-04','2025-03-07 19:49:52','2025-06-04 20:05:23',NULL,8,NULL,'activo',NULL),(29,'Francisco Manuel','Martin','Gonzalez','fran008fm@gmail.com',1,0,NULL,'722224457',NULL,NULL,'77941856P',1,'operario',NULL,'nocturno',22,'$2y$12$CUok4BhDqf3NtRB2JXeWlubTDvZEKji97mvgbP054PwVLwwDNF2kK','SECHMj50hKCtkCuVYdL6Ps3nCX57cvqRgajm1STNfz3apBHYyxjGf9ENZDia',NULL,1,1,'2025-06-02','2025-03-07 19:51:11','2025-06-04 20:25:33',NULL,8,NULL,'activo',NULL),(30,'Osama','Boubakri',NULL,'usamalbachir21@icloud.com',1,0,NULL,'611238329',NULL,NULL,'Z1291612Y',1,'operario',NULL,'diurno',22,'$2y$12$ulaaPztZEOuj9xZZ16A6yuOGXrpkpfk91zz1t.KZFvm1YICq2KaQ6','w8KiF1hXssP96piOnoAGzTb47cgQBnv5NHG7MshVUNRomymySwsaEouZDxBr',NULL,1,1,'2025-06-04','2025-03-07 19:53:48','2025-06-04 20:22:41',NULL,10,NULL,'activo',NULL),(31,'Andrés','Montilla','Pozo','andresmonpozo@gmail.com',1,0,NULL,'656769741',NULL,NULL,'52288682E',1,'operario',NULL,'mañana',22,'$2y$12$VR/b.Zl9pNCW4.Crz8cwRua7jlmy5/wIYYE3NOsZsZuLKG0GmARhG','XPJtjRroIrc6ODn54qnTnWIZtqih4ClXnt7gG8gGYvEGUSpTum4KrjgupDvb',NULL,1,1,'2025-06-04','2025-03-07 19:56:39','2025-06-04 19:22:05',NULL,8,NULL,'activo',NULL),(32,'Jesús','Rodríguez','González','jesusnorubit2003@gmail.com',1,0,NULL,'642442218',NULL,NULL,'24526752N',1,'operario',NULL,'mañana',22,'$2y$12$4aZcbMjm62JOFoWl76.VAuo2vd4rzJXQbnaIR4uzlq/jC8uMEzvGy','SE4ipujwOwhtHYlghEsmik5RHAev988ICXGF8BzUAHZs4jjpjleOZEIORoB2',NULL,1,1,'2025-05-30','2025-03-07 19:57:15','2025-06-20 10:51:51',NULL,10,NULL,'activo',NULL),(33,'José Ramón','Valle','López','jrvallelopez@gmail.com',1,0,NULL,'657655559',NULL,NULL,'47556749V',1,'operario',NULL,'diurno',22,'$2y$12$t9Vn.oFVFytDMkkJnWuBH.IjVw9T1mr4l5PXL4UJOxvGzITxw8Du.','6oJexQReeddnMOfVPkbzg6qWEzr4138QyjMHCnyVrnXGM6PhYV1zvrqbpMQb',NULL,1,1,'2025-05-30','2025-03-07 19:59:08','2025-06-04 20:22:24',NULL,9,NULL,'activo',NULL),(34,'José Israel','Marmolejo','Begines','israelturbina@gmail.com',1,0,NULL,'608721384',NULL,NULL,'47509983X',1,'operario',NULL,'mañana',22,'$2y$12$fCrPoNK2llCsXy49sum6teLRzVmGUotFIlMeZxRveMniFrUjrrDbi','LBhSTZRPQnmUKVCQxP3h4QyNCt9mm7rJTODzd9JQbfaR1PR1z2FQSFDWvbOH',NULL,1,1,'2025-06-04','2025-03-07 19:59:34','2025-06-04 20:22:08',NULL,8,NULL,'activo',NULL),(35,'Alejandro','Estevez','Amuedo','amuedoalejandro2004@gmail.com',1,0,NULL,'634474684',NULL,NULL,'30292674H',1,'operario',NULL,'diurno',22,'$2y$12$C3BN2M0.Bwdzw2k0RtcMyOvm/L5Y0eYgRpWRRbZ9UyqkLoqBbJ.1q','CzOwHjQvx0r2VHLFSbohgQh67a8lc5FTEvK9tk931xNzYCkSk3dLNFm6zDxH',NULL,1,1,'2025-05-30','2025-03-07 20:00:26','2025-06-04 19:22:05',NULL,9,NULL,'activo',NULL),(36,'Alejandro','Corbacho','Lainez','alejandrocorbacholainez@gmail.com',1,0,NULL,'677138906',NULL,NULL,'49529517Y',1,'operario',NULL,'diurno',22,'$2y$12$GitEOh435Z9N02KaWM3X9u2nQ85/RHXFf/Pq3W6ja2uM3i4tX3AZS','cVUPo7rvYbX7VWvW28foIXtVp13xJIuLkKwUuwPH7SJGDjIBTbyGU8zgIayu',NULL,1,1,'2025-06-02','2025-03-07 20:02:28','2025-12-02 06:57:47',NULL,8,NULL,'activo',NULL),(37,'Diego','Romero','Curado','drcalcosa73@gmail.com',1,0,NULL,'652886643',NULL,NULL,'27317333A',2,'operario',NULL,'mañana',22,'$2y$12$W03WsxdXJFCQHq.6pbyig.Ytljn/L18mhyZFnEuMsXHdCM840IaDG',NULL,NULL,0,0,NULL,'2025-03-07 20:03:20','2025-06-10 17:18:56',NULL,9,NULL,'activo',NULL),(38,'Domingo','Pérez','Campos','domingoperezcampos1984@gmail.com',1,0,NULL,'744628322',NULL,NULL,'47506489N',1,'operario',NULL,'nocturno',22,'$2y$12$K8wksPBUldahzKm4Qyhuie/IfoKLJTh6RPj.PiwacjuzIMunlRV0e','Aa4je4oxmtGnj1KAYZ9Z7HyOp9Tc9P5pHVt2lwqWZlVMEVd6WPBNe1tlRugf',NULL,1,1,'2025-06-02','2025-03-07 20:03:51','2025-06-22 22:19:23',NULL,8,NULL,'activo',NULL),(39,'Francisco José','López','Fernández','thefranx03@gmail.com',1,0,NULL,'673213354',NULL,NULL,'48193158Q',1,'operario',NULL,'nocturno',22,'$2y$12$UCVx6.cnTWt6W9WcSdz35OFreCdRLDpqDdO/O79TyE3BBXn3GI.tS','MIUDggK8hmFCMrQ33HjTcb7eglmpf1W3O4fGsb08qxKWb8bUqpnT7ZzJQIHD',NULL,1,1,'2025-06-03','2025-03-07 20:06:04','2025-06-04 20:25:57',NULL,9,NULL,'activo',NULL),(40,'Juan','Perez','Amuedo','juanperezamuedo07@gmail.com',1,0,NULL,'676749100',NULL,NULL,'49167616X',1,'operario',NULL,'diurno',22,'$2y$12$2eZmu1sSxrbUzwkV0hTghuvwpyN/hRJKLCcHCP1q51RtEwgfiEtbu','6eIKWnBshNtEcnONsQseJyzM5U6avQMqKixgywntGc9TZRi3Eit4lc8zqZNo',NULL,1,1,'2025-05-30','2025-03-07 20:06:53','2025-06-04 19:22:05',NULL,9,NULL,'activo',NULL),(41,'Carlos','Aguilar','Castillo','caguicast30@gmail.com',1,0,NULL,'633036912',NULL,NULL,'31736192X',1,'operario',NULL,'nocturno',22,'$2y$12$1047kOwLqNaiIaERs0euvuYWzejss4SCqCTOjMh2nUhf3BB0iXP5y','aEHJaLp4xjCuPBhJAzhIvT3SzJkcX8gMq0Fdf8Tr20XGqBnnn8Yn3PCqaVi4',NULL,1,1,'2025-06-02','2025-03-07 20:07:46','2025-06-05 16:55:45',NULL,10,NULL,'activo',NULL),(42,'Alejandro','Melendez','Montilla','alemelemonti@gmail.com',1,0,NULL,'635956240',NULL,NULL,'26908116W',1,'operario',NULL,'diurno',22,'$2y$12$6VZbKFMRMGFwwpy8o92LFen8D0ucYrnFkBv7b7pxhVyv5dgyLZWJW',NULL,NULL,1,1,'2025-05-30','2025-03-07 20:09:23','2025-08-12 08:30:51',NULL,10,NULL,'despedido',NULL),(43,'José manuel','Ruiz','Rodríguez','jmanuelrrodriguez35@gmail.com',1,0,NULL,'633021153',NULL,NULL,'79192802F',1,'operario',NULL,NULL,22,'$2y$12$7QBNN/y0WjoxhZCmhQKaQOWiqbGjnVjWLv.DN/lhi6Fsqm.qQH1He',NULL,NULL,0,0,NULL,'2025-03-07 20:10:02','2025-06-11 09:10:59',NULL,NULL,NULL,'activo',NULL),(44,'Abraham','Begines','Pineda','abrahanbeginespi@gmail.com',1,0,NULL,'644734289',NULL,NULL,'29584013X',1,'operario',NULL,'diurno',22,'$2y$12$0hepMC1TOEvrF3UXAuhUS.0DATqnwHBSklwG5ZKOEU9Xqe6VWZl.K','JZi3bfJDrtcvr0R3sgxkKrzAxarKTjDSVMkQaMfDd8fSnrknPP2VzomcAsWM',NULL,1,1,'2025-05-30','2025-03-07 20:10:23','2025-06-04 19:22:05',NULL,9,NULL,'activo',NULL),(45,'Diego','Jiménez','Moreno','diego_jimenez67@hotmail.com',1,0,NULL,'635622889',NULL,NULL,'34071968K',2,'operario',NULL,NULL,22,'$2y$12$W5OJ/Qa4Xhth9nQK3R77YeBlyEVSG5JcufiSrJ9a8ZBSJLkjPGpca',NULL,NULL,0,0,NULL,'2025-03-07 20:11:01','2025-06-10 16:40:43',NULL,8,NULL,'activo',NULL),(47,'Carlos Alberto','López','Martín','bertocaza79390@gmail.com',1,0,NULL,'675094668',NULL,NULL,'47502666F',2,'operario',NULL,'diurno',22,'$2y$12$WxGRKphxpGS0l1EasX95FO0keomcWCj5QTSo7yG7I3WqIRLSOwJlO',NULL,NULL,0,0,NULL,'2025-03-07 20:13:18','2025-06-10 16:40:33',NULL,8,NULL,'activo',NULL),(48,'Francisco javier','Contreras','Antequera','javicontrera@hotmail.com',1,0,NULL,'667620339',NULL,NULL,'48881280R',2,'operario',NULL,'mañana',22,'$2y$12$xuZJLkg0d4FP/pVFNQ2PNuTn4bh3V2a/29Obn7Owh7UsHvre3UbAG',NULL,NULL,0,0,NULL,'2025-03-07 20:13:47','2025-06-11 09:10:20',NULL,9,NULL,'activo',NULL),(49,'Carlos José','Moreno','Amuedo','anamariaamuedotirado@gmail.com',1,0,NULL,'650528072',NULL,NULL,'49529933P',1,'operario',NULL,'diurno',22,'$2y$12$5ark/9vQGlglOlw883tOpuDCcseFoaD6Rm2NSwNo/bC4IIJ7No/ku','0gl80x51lMaXCNiSre0ZeQzVxABuYqkPszk88IWJiTRJLTC0P7XVkTzhIpc5',NULL,1,1,'2025-05-30','2025-03-07 20:14:24','2025-06-04 20:26:28',NULL,8,NULL,'activo',NULL),(50,'Pedro Manuel','García','Bucarat','garciabucaratpedrom@gmail.com',1,0,NULL,'722869029',NULL,NULL,'47547115C',2,'operario',NULL,'diurno',22,'$2y$12$/gZ2w7rQtk.BPTtWTQ6K4.zrck4UeHf1w5RvkDWiHFM3JFSZYFYHO',NULL,NULL,0,0,NULL,'2025-03-10 12:21:59','2025-06-10 17:13:52',NULL,9,NULL,'activo',NULL),(51,'Enrique','Henry','Sollo','sollohenryenrique@gmail.com',1,0,NULL,'622090275',NULL,NULL,'47546195C',1,'operario',NULL,'diurno',22,'$2y$12$If5yhfevm9vCwJPeCTlP9uEGVp18Wu8MX.E0.Ii8c5ZotHq496dhq','epJCoA0dQ2Yzzlbt8ZiKlKcsknENvs8uQabyPUj9cpXmnwSUEArtXjWL63dH',NULL,1,1,'2025-06-04','2025-03-10 13:07:41','2025-06-04 19:22:05',NULL,8,NULL,'activo',NULL),(54,'Jesús María','Amuedo','Rioja','amuedojm@gmail.com',1,0,NULL,'644728549',NULL,NULL,'47539540N',1,'operario',NULL,'nocturno',22,'$2y$12$r3DJPqoHNq6Emeul.reVCOfNffPPdYNDzF0C89kdqTbgs6Gll2I/C','IYPgVZPa1XFA3CFDvQd0gUyUK9agvqWXFNfPvOJKUy8ZQlrXPlcmzsDh5maW',NULL,1,1,'2025-06-18','2025-03-10 13:26:05','2025-06-18 04:04:18',NULL,8,NULL,'activo',NULL),(56,'Alberto','Mayo','Martin','alberto.mayo@pacoreyes.com',1,0,NULL,'657916557',NULL,NULL,NULL,1,'oficina',NULL,NULL,22,'$2y$12$nn0gPc2zvguyMypjckY0dOXgzLXpjh6E5mAJJKd6nMB8K/my/J8fi','uBPYKiuQEe5iLVTITF3KOXvNcQzDNiPQBErBZKEGXBFwqnxPhTzjJiOEOSJW',NULL,0,0,NULL,'2025-03-17 09:19:15','2025-06-04 19:22:05',NULL,14,NULL,'activo',NULL),(59,'Luis','Moreno','García','luismoreno031065@gmail.com',1,0,NULL,'605179406',NULL,NULL,'34072576P',1,'operario',NULL,'mañana',22,'$2y$12$Er1znrDzs1cJ64OPUghoUe3Ztac0fPicjGCDDDxp0l1cN1Yi/cpT.','9d52NcHNlsrBEbcBgKyhC5HtJ0wWusSyxfKSlWUP33JbU7tfswAs2YFBqZSD',NULL,1,1,'2025-06-06','2025-03-19 20:09:34','2025-06-06 06:00:32',NULL,8,NULL,'activo',NULL),(60,'Alberto','Archilla','Cabello','archillaaa23@gmail.com',1,0,NULL,'622257959',NULL,NULL,'29539908L',1,'operario',NULL,'diurno',22,'$2y$12$OOv9ms3AafBgpvhZhhCp0u.v3dw9ywi8n.g2rFzSNsEjmXerG.nCK','7sf8hw1qCljaBf09bJY1TpMs8owLSG6i1QIMYuyx03HKQlWG3LyE98B2AJFr',NULL,1,1,'2025-05-30','2025-03-19 20:10:28','2025-06-06 12:05:00',NULL,9,NULL,'activo',NULL),(62,'Juan Antonio','Arriaza','Martínez','arriazamartinezjuanantonio@gmail.com',1,0,NULL,'651171149',NULL,NULL,'47507026C',1,'operario',NULL,'diurno',22,'$2y$12$f6CKxM8Fbft62g/8Q.v4J.9sg.pBi9dMPZSPe.m5kYeyf2nrGK8yC','G05LM5lzOhtENMWXwWqaD2CmhUn2C7HiEuVTdlKgFc4rH3vTERoXlsmyjPXE',NULL,1,1,'2025-05-30','2025-04-09 06:38:57','2025-06-04 20:18:53',NULL,8,NULL,'activo',NULL),(63,'Javier','Castillo','Zarco','javicastillojavi75@gmail.com',1,0,NULL,'683371684',NULL,NULL,'48875599R',2,'operario',NULL,'mañana',22,'$2y$12$jZJQYx5DwhGvRi.KjgUNM.UgTN2Gn0zkQcJukdvf2hRxOiZ3cK8B.','PrbWfoSawtFV7x5TCfNWxiXnDuA6WgktUsXHp8srz0zdQWCWb1Pb0bHGDbXW',NULL,1,1,'2025-06-12','2025-04-09 06:40:54','2025-06-12 07:19:18',NULL,NULL,NULL,'activo',NULL),(65,'Fernando José','González','López','fernandojosegonzalezlopez@hotmail.com',1,0,NULL,'628681202',NULL,NULL,'75443509J',1,'operario',NULL,'diurno',22,'$2y$12$XkEL2sGx0O5OiT6bsMhyKOt8zIfIkaydIPY.6Vfk3nw8L3sWcYIIS','obZ6ZGU7TnQaO2uMKVXbmGoTIpW1lkHgRIbtVRQCRkQvQnABYXmWaz9ks8pC',NULL,1,1,'2025-06-04','2025-04-09 07:18:01','2025-06-04 20:18:40',NULL,8,NULL,'activo',NULL),(66,'Manuel','Ortega','García','ortegagarcia71@gmail.com',1,0,NULL,'627540597',NULL,NULL,'52286008Q',1,'operario',NULL,'mañana',22,'$2y$12$QNyrfU1RPkffC/EwUXJd3OnJtxB9Br.RmqhbODIBOt34Uu8hJWcve','14BenB2jrBdujiF7VkOWXuy0laZWnewJcJGwpadYsDwo1IZyVlr9gnDoSdhm',NULL,1,1,'2025-05-21','2025-04-30 18:24:50','2025-12-03 19:32:53',NULL,8,NULL,'activo',NULL),(67,'Marco','Magro','López','marcomagro9@gmail.com',1,0,'perfil_67_687df09d70907.jpg','600769786',NULL,NULL,'49524409G',1,'operario',NULL,'diurno',22,'$2y$12$GRxGy8EUvzDkr2G7m7qxIuLWGipiM8WfAFd51wtWyQud5SSVhFYr.','AaMnVspQFJl1mttmsANmQACLBbNQuscINVcubfELeGmQxaBNHXivPBXrQgI7',NULL,1,1,'2025-05-19','2025-05-07 12:22:36','2025-11-30 11:49:23',NULL,10,NULL,'activo',NULL),(68,'José','Amuedo','Tirado','jose.amuedo@pacoreyes.com',1,0,NULL,'615861126','615645188',NULL,'48878044P',1,'oficina',NULL,'mañana',22,'$2y$12$Pex.o0H9S293F1FFCvfP3.YOw7lxkxZKEeLzHY0cbHoppjoLRrSPS','mCLb1i7Hx5b4PY6DU45zLHg0fQbO3MRCAu4UxSrTV2UqqNWsssRNx40CInRr',NULL,1,1,'2025-06-06','2025-05-14 06:42:48','2025-06-06 06:41:44',NULL,6,NULL,'activo',NULL),(70,'José','González','Amuedo','jose.gonzalez@pacoreyes.com',1,0,NULL,'675949557','661390570',NULL,'47506356V',1,'oficina',NULL,'mañana',22,'$2y$12$sIGx.fHUbE1VkIIrX76jlenisd5eNmXfoMj9lnmI3M8GR2cUUofhK','IxU3k2DukzAuxkAEevST4nFYApm17W15buIhNO5Lb4WMLTLR2Iu75s9o0qUd',NULL,1,1,'2025-05-22','2025-05-14 06:55:18','2025-06-05 09:08:45',NULL,14,NULL,'activo',NULL),(71,'Gabriel','Romero','Bornes','gabriel.romero@pacoreyes.com',1,0,NULL,'645136557',NULL,NULL,'47538631T',1,'oficina',NULL,'mañana',22,'$2y$12$BIKhIUOiaHLNbuM/kyNMMu.uV/t73i51MJ1VoWP35e1pbmDRAr9Iq',NULL,NULL,0,0,NULL,'2025-05-14 07:12:08','2025-06-04 19:22:05',NULL,NULL,NULL,'activo',NULL),(72,'Nauzet','Díaz','Alcantara','nauzetdiazalcantara92@gmail.com',1,0,NULL,'699605868',NULL,NULL,'45376760Z',1,'operario',NULL,'diurno',22,'$2y$12$eBdqnOH132k1vsGq4NvzBOQ0t8zM6vt7GeGVM19uudhmJJwgKUr9a','BzX8rL1A025Sl1NMlbP9LeuxClSlwPsBfM6Yy8mmL7fVgN1e9F3HbEjaKFn9',NULL,1,1,'2025-05-30','2025-05-14 07:15:52','2025-06-20 11:59:45',NULL,8,NULL,'activo',NULL),(73,'Juan Antonio','García','Gavira','jgarciagavira@gmail.com',1,0,NULL,'722447889',NULL,NULL,'47549790G',1,'operario',NULL,'diurno',22,'$2y$12$kD/FIb59dvPCIKQC1kmBNOKyhZ/L2KVOdavgpa68DC/vIyhYyuUSi','DFSUXflPPGA2C3WgneiteLasIgxdsf7rk6TrmQ3Bs8pJMRNKhJqSzDWTQO9Y',NULL,1,1,'2025-05-30','2025-05-14 07:31:43','2025-06-04 20:18:19',NULL,10,NULL,'activo',NULL),(74,'Pablo','Poley','Fernández','pablopoley00@gmail.com',1,0,NULL,'672225264',NULL,NULL,'47645210N',1,'operario',NULL,'diurno',22,'$2y$12$J13STBgGLke4GJqDdXcLpOarAOWZK/G9sPQQSWuDH2XveiIvbyCdK','egra8YpUUnGbIk3liWi7JatDbK4rklEwCJUjKnk4XMGzVPVZSTzs9p47Qsr1',NULL,1,1,'2025-05-30','2025-05-14 07:44:27','2025-06-19 20:20:15',NULL,8,NULL,'activo',NULL),(75,'Manuel','Ayala','Róman','manuelcachanaroman@gmail.com',1,0,NULL,'652590087',NULL,NULL,'47513909A',1,'operario',NULL,'nocturno',22,'$2y$12$cwoYX92L5TR2SFqztCwkfOK8Df5d99vp3jRyIADftGF3cD5TT22Xy','CbyJQmZKSMYT2u1t4CgzGHlEINw2M7hrtrueQjZBuhx49hwZe8k4Eg8fOXeD',NULL,1,1,'2025-06-13','2025-05-14 10:40:40','2025-06-13 11:11:59',NULL,8,NULL,'activo',NULL),(76,'Juan Antonio','Cid','Calancha','antoniocidcalancha5@gmail.com',1,0,NULL,'677728366',NULL,NULL,'26300109T',1,'operario',NULL,'diurno',22,'$2y$12$j5WZplUCD6CG5stWX532regdhBeO2t3zmNUzpRaNgvhfcByMmtlDq',NULL,NULL,0,0,NULL,'2025-05-14 11:39:16','2025-06-04 20:17:53',NULL,9,NULL,'activo',NULL),(77,'Ana Gracia','Aroca','Gómez','anagracia.aroca@pacoreyes.com',1,0,NULL,'635243543','670616104',NULL,'47537941T',NULL,'oficina',NULL,'mañana',22,'$2y$12$UPzBY1pNusLzv0zmZ/MbCeSm3jSYEDbm6kXNUzr7UNIEYrVIOvp2y','2wFfRX4AlSTWaIxCMVZz6jURsFu7FQjYRzB8ltBDGIjeSH2GmIpOdpyNcPHm',NULL,1,1,'2025-05-22','2025-05-16 09:29:52','2025-08-28 06:59:58',NULL,NULL,NULL,'activo',NULL),(78,'José maría','Rodríguez','Rincón','josefrodriguez35@gmail.com',1,0,NULL,NULL,NULL,NULL,'48963976N',1,'operario',NULL,'diurno',22,'$2y$12$4xfgn7iJSmwyRWdsJLy3l.BO10pew9Oyb.LDIHPX/NOnNqTmYmDSm',NULL,NULL,1,1,'2025-06-04','2025-06-04 05:41:19','2025-06-22 02:35:55',NULL,10,NULL,'despedido',NULL),(79,'Vicente Manuel','Santacreu','Benítez','vicentemanuelsantacreu@gmail.com',1,0,NULL,NULL,NULL,NULL,'52286440B',2,'operario',NULL,'mañana',22,'$2y$12$d4klryY8wZTbNDTGMYyaM.hdoSYBwulF88FEJESNffyp2itRwxaXW',NULL,NULL,0,0,NULL,'2025-06-04 07:33:14','2025-06-22 02:34:58',NULL,NULL,NULL,'despedido',NULL),(80,'Antonio','Mateo','Armíjer','antonio.mateo@pacoreyes.com',1,0,NULL,NULL,'671106257','2010','34070927S',NULL,'oficina',NULL,NULL,22,'$2y$12$sbrgr9elk3e7g10slrYQkeawEEYSGObMxYkUuW5RCK86TIUfBPaAO','ODogzppeC1Wbpsxcf6MPPOQHC4COV0avvVTsDTTAnTbLhhYMO8FWERUcX6Zf',NULL,1,1,'2025-06-12','2025-06-05 09:24:52','2025-09-24 12:29:41',NULL,NULL,1,'activo',NULL),(81,'Antonio','Pazo','Ramos','antonio.pazo@pacoreyes.com',1,0,NULL,NULL,NULL,'2005','75444615S',NULL,'oficina',NULL,NULL,22,'$2y$12$3ggpoQPYGW2W9e/bSvWLDOjz.rXdb06WqqqJqLMDxOiqAZbcxyn6m','3xY8fRFGzYoJWPa5g7YZRbzaxKKmEUqBj0meXfRApfC1AJLqPCEOUCjSFGZf',NULL,1,1,'2025-06-12','2025-06-05 09:27:41','2025-09-24 12:29:26',NULL,NULL,1,'activo',NULL),(82,'Manuel Jesús','Rodríguez','Villarín','manueljesusrodriguezvillarin@hotmail.com',1,0,NULL,'667510358',NULL,NULL,'49137241H',2,'operario',NULL,'diurno',22,'$2y$12$Z/TbYeT9s8pK4fVUm2AdCeP6R7mgq9oEgTsOC8HFitx8HJC5/JFPi',NULL,NULL,0,0,NULL,'2025-06-10 16:47:05','2025-06-10 17:01:48',NULL,10,NULL,'activo',NULL),(83,'Alberto','López','González','albertolopezgonzalez01@gmail.com',1,0,NULL,'665489403',NULL,NULL,'47548571G',2,'operario',NULL,'mañana',22,'$2y$12$lhBW5AN59hrb8PiYiR5OWeJGytjjIi7AfsBWkLtQzwda09kRUXQd2',NULL,NULL,0,0,NULL,'2025-06-10 17:30:23','2025-06-10 17:30:23',NULL,10,NULL,'activo',NULL),(84,'José Manuel','Meléndez','Galván','melendezgalvanjose@gmail.com',1,0,NULL,'637126499',NULL,NULL,'49093740X',2,'operario',NULL,'mañana',22,'$2y$12$ZDM4OpmLmn.UDalo8.Soz.A70ooatztIr2zDYjrZSlPRwFtKkK74q',NULL,NULL,0,0,NULL,'2025-06-10 17:33:51','2025-06-10 17:33:51',NULL,10,NULL,'activo',NULL),(85,'Jorge','Delgado','Fernández','jordidelgadoroche@gmail.com',1,0,NULL,'645620746',NULL,NULL,'52399852X',2,'operario',NULL,'mañana',22,'$2y$12$sDun1jIGtjOcK2.nky8SuuOfznWuPuIio85qOSnPe6xo0Zi8Lz7f2',NULL,NULL,0,0,NULL,'2025-06-10 17:40:05','2025-06-10 17:40:05',NULL,10,NULL,'activo',NULL),(86,'Manuel','Mateo','Armíjer','manuelmateo.mam@gmail.com',1,0,NULL,'615119441','',NULL,'79210251E',2,'operario',NULL,'mañana',22,'$2y$12$.S96hpKbF5y8ogmSvnyyU.BhKKbmQ7ljpZ6Bh92i6TqBmZZLGK7m6',NULL,NULL,0,0,NULL,'2025-06-10 17:44:50','2025-06-10 17:44:50',NULL,10,NULL,'activo',NULL),(87,'Moisés','Rodríguez','álvarez','moisesrodriguezalvarez33@gmail.com',1,0,NULL,'658289300','564654',NULL,'47514052P',2,'operario',NULL,'mañana',22,'$2y$12$nb.RJRdxGxBvldIzdcFIfONwE1yNLml7.Z0NmNwH5Z5FsKbqK8NLm',NULL,NULL,0,0,NULL,'2025-06-10 17:47:23','2025-10-30 07:25:01',NULL,10,90,'activo',NULL),(88,'Marcelino','Aguilera','Noguerol','marcelino.aguilera@pacoreyes.com',1,0,NULL,'648547025','697925628','2030','47539141G',1,'oficina',NULL,'diurno',22,'$2y$12$J9sb6KWJXonBOf9D8BRR2eMBFuXDiZEEIMP2WzUFLPH6BNbSnX/ce','PVddoLyJ8I39wti7l2cdglcp4f6pNe4rx50srRcNhGCP0XgbXWJqSSDi4sZt',NULL,1,1,'2025-06-13','2025-06-10 18:34:04','2025-09-24 12:22:39',NULL,1,1,'activo',NULL),(89,'Edu','Edu','Edu','edumagrolemus@hotmail.com',1,0,'perfil_89_68a265c7a108d.jpg',NULL,NULL,'2029','11111111P',1,'operario',22,'mañana',22,'$2y$12$vqSXsAZgFA6L123r/pxU0ea2WQZQgR/1i8JdcrT7SN20Ei6.es8rm','n85T9cBu93vFLaGX572vloD7mmvS1zRcmDRPeH2TOg3gGEYqsFNZ6Qinq1YG',NULL,1,1,'2025-09-16','2025-08-17 23:07:51','2025-10-07 10:19:44',NULL,10,1,'activo',NULL),(90,'Admin','Admin','Admin','admin@hotmail.com',1,0,NULL,NULL,NULL,NULL,'12345678A',1,'operario',NULL,'mañana',22,'$2y$12$vwkT3q8l2oy4.EVNs28TR.ICPEuEx1BoBV/HGYrrMUFiGj1tQN5RW','6LEv6nntSTdsfxoYNsFWroTnKJQ48zUGmuvriwq9iKXNwYaLQH9U67wbOzlC',NULL,1,1,'2025-10-30','2025-10-07 10:21:30','2025-11-04 07:17:12',NULL,8,90,'activo',NULL),(91,'Nombre','De','Prueba','aaaaaaaaaa@hotmail.com',1,0,NULL,'685244132',NULL,NULL,'12345677P',2,NULL,NULL,NULL,22,'$2y$12$ZbPBYyLuSBvIxlaAuaUlc.Tmb59iZpRUv9crU0yvUlHVYdyXlHVZ.',NULL,NULL,0,0,NULL,'2025-11-27 07:05:02','2025-11-27 07:05:02',NULL,1,NULL,'activo',NULL);
/*!40000 ALTER TABLE `users` ENABLE KEYS */;
UNLOCK TABLES;
/*!40103 SET TIME_ZONE=@OLD_TIME_ZONE */;

/*!40101 SET SQL_MODE=@OLD_SQL_MODE */;
/*!40014 SET FOREIGN_KEY_CHECKS=@OLD_FOREIGN_KEY_CHECKS */;
/*!40014 SET UNIQUE_CHECKS=@OLD_UNIQUE_CHECKS */;
/*!40101 SET CHARACTER_SET_CLIENT=@OLD_CHARACTER_SET_CLIENT */;
/*!40101 SET CHARACTER_SET_RESULTS=@OLD_CHARACTER_SET_RESULTS */;
/*!40101 SET COLLATION_CONNECTION=@OLD_COLLATION_CONNECTION */;
/*!40111 SET SQL_NOTES=@OLD_SQL_NOTES */;

-- Dump completed on 2025-12-10 22:22:01
